,BRC Size,SRC Size,Diff,F/P %,SRC Depth,Error %
0,1753,10524,8771,6.00342270393611,1,16.657164576206764
1,2302,5262,2960,2.2858384013900954,2,43.747624477385024
2,20,5262,5242,263.1,2,0.3800836183960471
3,0,5262,5262,inf,2,0.0
4,2020,10524,8504,5.20990099009901,1,19.19422272900038
5,715,21048,20333,29.43776223776224,0,3.396997339414671
6,0,5262,5262,inf,2,0.0
7,0,5262,5262,inf,2,0.0
8,1273,21048,19775,16.53417124901807,0,6.0480805777271
9,0,5262,5262,inf,2,0.0
10,25,1315,1290,52.6,4,1.9011406844106464
11,0,41,41,inf,9,0.0
12,57,5262,5205,92.3157894736842,2,1.0832383124287344
13,1594,21048,19454,13.204516938519449,0,7.5731660965412395
14,1258,10524,9266,8.365659777424483,1,11.953629798555681
15,1605,5262,3657,3.278504672897196,2,30.50171037628278
16,709,21048,20339,29.686882933709448,0,3.3684910680349676
17,0,5262,5262,inf,2,0.0
18,1,5262,5261,5262.0,2,0.019004180919802355
19,0,2,2,inf,13,0.0
20,2108,5262,3154,2.4962049335863377,2,40.060813378943365
21,0,5262,5262,inf,2,0.0
22,776,21048,20272,27.123711340206185,0,3.686811098441657
23,1116,21048,19932,18.86021505376344,0,5.3021664766248575
24,2829,10524,7695,3.7200424178154825,1,26.88141391106043
25,1386,10524,9138,7.593073593073593,1,13.169897377423034
26,0,1315,1315,inf,4,0.0
27,1570,10524,8954,6.703184713375796,1,14.918282022044849
28,0,5262,5262,inf,2,0.0
29,877,2631,1754,3.0,3,33.33333333333333
30,1590,5262,3672,3.309433962264151,2,30.216647662485745
31,2110,10524,8414,4.987677725118483,1,20.049410870391487
32,2828,10524,7696,3.721357850070721,1,26.87191182060053
33,197,2631,2434,13.355329949238579,3,7.487647282402128
34,15,5262,5247,350.8,2,0.28506271379703535
35,2330,10524,8194,4.516738197424893,1,22.139870771569743
36,0,329,329,inf,6,0.0
37,0,1315,1315,inf,4,0.0
38,0,41,41,inf,9,0.0
39,2040,10524,8484,5.158823529411765,1,19.384264538198405
40,16,5262,5246,328.875,2,0.3040668947168377
41,641,21048,20407,32.83619344773791,0,3.045419992398328
42,0,5262,5262,inf,2,0.0
43,1988,10524,8536,5.293762575452717,1,18.890155834283544
44,228,21048,20820,92.3157894736842,0,1.0832383124287344
45,0,5262,5262,inf,2,0.0
46,1050,5262,4212,5.011428571428572,2,19.954389965792473
47,547,5262,4715,9.619744058500913,2,10.39528696313189
48,2138,21048,18910,9.844714686623012,0,10.157734701634359
49,2419,10524,8105,4.350558081852005,1,22.98555682250095
50,356,5262,4906,14.780898876404494,2,6.76548840744964
51,1293,5262,3969,4.069605568445476,2,24.57240592930445
52,1900,10524,8624,5.538947368421053,1,18.053971873812237
53,0,5262,5262,inf,2,0.0
54,882,5262,4380,5.965986394557823,2,16.76168757126568
55,1308,21048,19740,16.091743119266056,0,6.214367160775371
56,1328,5262,3934,3.9623493975903616,2,25.23755226149753
57,589,5262,4673,8.933786078098471,2,11.193462561763589
58,1033,21048,20015,20.375605033881897,0,4.907829722538959
59,3929,10524,6595,2.678544158819038,1,37.33371341695173
60,358,21048,20690,58.79329608938548,0,1.700874192322311
61,827,2631,1804,3.181378476420798,3,31.4329152413531
62,722,5262,4540,7.28808864265928,2,13.7210186240973
63,778,5262,4484,6.763496143958869,2,14.785252755606235
64,1389,2631,1242,1.8941684665226781,3,52.79361459521095
65,203,5262,5059,25.92118226600985,2,3.8578487267198787
66,2756,10524,7768,3.818577648766328,1,26.187761307487644
67,1025,5262,4237,5.133658536585366,2,19.479285442797416
68,245,21048,20803,85.91020408163266,0,1.1640060813378943
69,2905,10524,7619,3.6227194492254733,1,27.603572786012926
70,0,1316,1316,inf,4,0.0
71,333,5262,4929,15.801801801801801,2,6.328392246294184
72,0,5262,5262,inf,2,0.0
73,1683,5262,3579,3.126559714795009,2,31.984036488027368
74,960,21048,20088,21.925,0,4.561003420752566
75,664,21048,20384,31.698795180722893,0,3.1546940326871913
76,503,1316,813,2.6163021868787277,4,38.22188449848024
77,1218,5262,4044,4.320197044334975,2,23.14709236031927
78,1865,21048,19183,11.285790884718498,0,8.860699353857848
79,2014,5262,3248,2.612711022840119,2,38.27442037248195
80,0,5262,5262,inf,2,0.0
81,1409,21048,19639,14.938254080908445,0,6.694222729000381
82,2303,5262,2959,2.284845853234911,2,43.76662865830483
83,2074,21048,18974,10.14850530376085,0,9.853667806917523
84,1038,5262,4224,5.069364161849711,2,19.726339794754846
85,525,5262,4737,10.022857142857143,2,9.977194982896236
86,1645,10524,8879,6.397568389057751,1,15.63093880653744
87,914,5262,4348,5.7571115973741795,2,17.36982136069935
88,0,328,328,inf,6,0.0
89,355,21048,20693,59.290140845070425,0,1.686621056632459
90,1607,21048,19441,13.09769757311761,0,7.634929684530596
91,1375,21048,19673,15.307636363636364,0,6.53268719118206
92,1091,5262,4171,4.823098075160403,2,20.73356138350437
93,1301,21048,19747,16.178324365872406,0,6.181109844165716
94,3131,5262,2131,1.6806132226125838,2,59.50209045990118
95,95,21048,20953,221.55789473684212,0,0.451349296845306
96,1364,21048,19684,15.43108504398827,0,6.480425693652604
97,3268,10524,7256,3.2203182374541,1,31.05283162295705
98,89,5262,5173,59.12359550561798,2,1.69137210186241
99,3488,10524,7036,3.0172018348623855,1,33.14329152413531
100,1313,5262,3949,4.007616146230007,2,24.952489547700495
101,0,1315,1315,inf,4,0.0
102,2169,5262,3093,2.4260027662517287,2,41.22006841505131
103,1747,10524,8777,6.024041213508872,1,16.60015203344736
104,0,5262,5262,inf,2,0.0
105,11,21048,21037,1913.4545454545455,0,0.05226149752945648
106,1700,5262,3562,3.0952941176470588,2,32.307107563664005
107,775,21048,20273,27.158709677419356,0,3.682060053211707
108,56,1315,1259,23.482142857142858,4,4.258555133079848
109,361,21048,20687,58.30470914127424,0,1.7151273280121626
110,1731,10524,8793,6.079722703639515,1,16.44811858608894
111,938,5262,4324,5.609808102345416,2,17.82592170277461
112,2645,10524,7879,3.97882797731569,1,25.133029266438616
113,1379,21048,19669,15.263234227701233,0,6.551691372101863
114,2486,10524,8038,4.233306516492357,1,23.622196883314327
115,494,1315,821,2.661943319838057,4,37.56653992395437
116,635,21048,20413,33.14645669291338,0,3.016913721018624
117,1902,5262,3360,2.7665615141955837,2,36.14595210946408
118,1653,21048,19395,12.733212341197822,0,7.853477765108324
119,1026,21048,20022,20.514619883040936,0,4.874572405929305
120,2417,10524,8107,4.3541580471659085,1,22.96655264158115
121,2086,21048,18962,10.09012464046021,0,9.910680349676928
122,1510,10524,9014,6.96953642384106,1,14.348156594450778
123,1079,21048,19969,19.506950880444855,0,5.126377803116686
124,1201,10524,9323,8.76269775187344,1,11.412010642341315
125,860,21048,20188,24.474418604651163,0,4.085898897757507
126,884,5262,4378,5.952488687782806,2,16.799695933105284
127,0,1316,1316,inf,4,0.0
128,0,328,328,inf,6,0.0
129,903,5262,4359,5.827242524916944,2,17.160775370581526
130,2742,10524,7782,3.8380743982494527,1,26.054732041049032
131,1116,5262,4146,4.71505376344086,2,21.20866590649943
132,1958,5262,3304,2.6874361593462717,2,37.210186240973016
133,168,21048,20880,125.28571428571429,0,0.798175598631699
134,1372,5262,3890,3.8352769679300294,2,26.073736221968836
135,802,5262,4460,6.561097256857855,2,15.24135309768149
136,1189,21048,19859,17.702270815811605,0,5.648992778411251
137,1044,5262,4218,5.040229885057471,2,19.84036488027366
138,0,21048,21048,inf,0,0.0
139,29,5262,5233,181.44827586206895,2,0.5511212466742683
140,1012,2631,1619,2.599802371541502,3,38.46446218167997
141,823,2631,1808,3.1968408262454435,3,31.28088179399468
142,916,5262,4346,5.744541484716157,2,17.40782972253896
143,557,21048,20491,37.78815080789946,0,2.646332193082478
144,0,5262,5262,inf,2,0.0
145,1267,5262,3995,4.153117600631413,2,24.078297225389587
146,0,5262,5262,inf,2,0.0
147,2224,10524,8300,4.732014388489208,1,21.13264918282022
148,2103,10524,8421,5.004279600570613,1,19.98289623717218
149,1210,5262,4052,4.3487603305785125,2,22.99505891296085
150,1715,10524,8809,6.136443148688047,1,16.296085138730522
151,242,2631,2389,10.87190082644628,3,9.198023565184341
152,1409,5262,3853,3.7345635202271112,2,26.776890916001523
153,0,328,328,inf,6,0.0
154,1278,10524,9246,8.234741784037558,1,12.143671607753706
155,116,164,48,1.4137931034482758,7,70.73170731707317
156,1623,10524,8901,6.484288354898337,1,15.421892816419614
157,0,5262,5262,inf,2,0.0
158,1356,5262,3906,3.8805309734513274,2,25.769669327251993
159,0,5262,5262,inf,2,0.0
160,2331,21048,18717,9.029601029601029,0,11.074686431014822
161,1906,10524,8618,5.521511017838405,1,18.110984416571647
162,44,5262,5218,119.5909090909091,2,0.8361839604713037
163,1213,21048,19835,17.3520197856554,0,5.763017863930065
164,677,5262,4585,7.772525849335302,2,12.865830482706194
165,0,1315,1315,inf,4,0.0
166,1214,21048,19834,17.337726523887973,0,5.767768909160016
167,0,5262,5262,inf,2,0.0
168,1147,5262,4115,4.587619877942458,2,21.797795515013302
169,0,2,2,inf,13,0.0
170,719,21048,20329,29.273991655076497,0,3.416001520334474
171,1084,21048,19964,19.416974169741696,0,5.1501330292664385
172,596,21048,20452,35.31543624161074,0,2.831622957050551
173,1947,10524,8577,5.405238828967643,1,18.500570125427593
174,1624,10524,8900,6.480295566502463,1,15.431394906879515
175,3172,10524,7352,3.317780580075662,1,30.140630938806538
176,738,5262,4524,7.130081300813008,2,14.02508551881414
177,415,5262,4847,12.679518072289156,2,7.886735081717979
178,526,2631,2105,5.001901140684411,3,19.99239832763208
179,119,1316,1197,11.058823529411764,4,9.042553191489363
180,1138,21048,19910,18.49560632688928,0,5.40668947168377
181,1001,10524,9523,10.513486513486514,1,9.51159255036108
182,2276,21048,18772,9.24780316344464,0,10.81337894336754
183,1591,21048,19457,13.229415461973602,0,7.558912960851387
184,2031,5262,3231,2.5908419497784343,2,38.59749144811859
185,999,5262,4263,5.267267267267267,2,18.985176738882554
186,0,1315,1315,inf,4,0.0
187,1186,21048,19862,17.747048903878582,0,5.6347396427213985
188,853,5262,4409,6.168815943728019,2,16.21056632459141
189,121,21048,20927,173.9504132231405,0,0.5748764728240213
190,2172,5262,3090,2.4226519337016574,2,41.27708095781072
191,445,21048,20603,47.29887640449438,0,2.1142151273280123
192,2258,5262,3004,2.330380868024801,2,42.91144051691372
193,32,21048,21016,657.75,0,0.15203344735841884
194,1817,5262,3445,2.895982388552559,2,34.53059673128088
195,2769,10524,7755,3.800650054171181,1,26.31128848346636
196,1338,21048,19710,15.730941704035875,0,6.356898517673888
197,2363,10524,8161,4.45366060093102,1,22.453439756746484
198,0,5262,5262,inf,2,0.0
199,2500,21048,18548,8.4192,0,11.877613074876473
200,1447,5262,3815,3.6364892881824464,2,27.49904979095401
201,0,5262,5262,inf,2,0.0
202,104,329,225,3.1634615384615383,6,31.61094224924012
203,1687,5262,3575,3.119146413752223,2,32.060053211706574
204,222,21048,20826,94.8108108108108,0,1.0547320410490308
205,1819,10524,8705,5.785596481583288,1,17.284302546560244
206,1829,10524,8695,5.753963914707491,1,17.379323451159255
207,2275,10524,8249,4.625934065934066,1,21.61725579627518
208,199,21048,20849,105.76884422110552,0,0.9454580007601672
209,0,1315,1315,inf,4,0.0
210,3214,10524,7310,3.2744243932794026,1,30.539718738122385
211,0,2,2,inf,13,0.0
212,635,5262,4627,8.286614173228346,2,12.067654884074496
213,1611,10524,8913,6.532588454376164,1,15.307867730900798
214,41,1315,1274,32.073170731707314,4,3.11787072243346
215,0,1315,1315,inf,4,0.0
216,0,5262,5262,inf,2,0.0
217,0,5262,5262,inf,2,0.0
218,1552,21048,19496,13.561855670103093,0,7.373622196883314
219,1351,21048,19697,15.579570688378979,0,6.4186621056632465
220,391,21048,20657,53.831202046035806,0,1.8576586849106804
221,1338,21048,19710,15.730941704035875,0,6.356898517673888
222,0,41,41,inf,9,0.0
223,804,2631,1827,3.2723880597014925,3,30.558722919042193
224,0,5262,5262,inf,2,0.0
225,813,21048,20235,25.88929889298893,0,3.862599771949829
226,1741,10524,8783,6.044801838024124,1,16.543139490687953
227,930,2631,1701,2.829032258064516,3,35.34777651083238
228,0,1315,1315,inf,4,0.0
229,192,21048,20856,109.625,0,0.9122006841505131
230,1574,10524,8950,6.686149936467598,1,14.956290383884454
231,1956,10524,8568,5.380368098159509,1,18.586088939566707
232,1211,5262,4051,4.345169281585466,2,23.014063093880655
233,813,21048,20235,25.88929889298893,0,3.862599771949829
234,1154,10524,9370,9.119584055459272,1,10.965412390725959
235,1470,5262,3792,3.5795918367346937,2,27.936145952109463
236,1218,21048,19830,17.2807881773399,0,5.7867730900798175
237,545,21048,20503,38.62018348623853,0,2.589319650323071
238,3186,10524,7338,3.303201506591337,1,30.273660205245157
239,2721,5262,2541,1.9338478500551268,2,51.710376282782214
240,2168,21048,18880,9.708487084870848,0,10.300266058532877
241,0,5262,5262,inf,2,0.0
242,1270,2631,1361,2.0716535433070864,3,48.270619536297986
243,430,5262,4832,12.237209302325581,2,8.171797795515014
244,0,5262,5262,inf,2,0.0
245,0,5262,5262,inf,2,0.0
246,126,21048,20922,167.04761904761904,0,0.5986316989737742
247,281,21048,20767,74.90391459074733,0,1.3350437096161154
248,1478,10524,9046,7.120433017591339,1,14.044089699733942
249,787,5262,4475,6.686149936467598,2,14.956290383884454
250,1786,2631,845,1.473124300111982,3,67.88293424553402
251,167,5262,5095,31.508982035928145,2,3.173698213606994
252,519,5262,4743,10.138728323699421,2,9.863169897377423
253,543,21048,20505,38.76243093922652,0,2.57981755986317
254,1002,21048,20046,21.005988023952096,0,4.76054732041049
255,1604,21048,19444,13.12219451371571,0,7.620676548840745
256,1281,5262,3981,4.107728337236534,2,24.34435575826682
257,154,5262,5108,34.16883116883117,2,2.9266438616495627
258,1331,10524,9193,7.906836964688204,1,12.647282402128468
259,0,2,2,inf,13,0.0
260,2342,21048,18706,8.987190435525193,0,11.12694792854428
261,632,21048,20416,33.30379746835443,0,3.0026605853287722
262,295,1316,1021,4.461016949152542,4,22.416413373860184
263,0,1315,1315,inf,4,0.0
264,2690,10524,7834,3.9122676579925653,1,25.56062333713417
265,3147,10524,7377,3.344137273593899,1,29.903078677309008
266,1982,10524,8542,5.30978809283552,1,18.833143291524134
267,1145,5262,4117,4.5956331877729255,2,21.759787153173697
268,489,21048,20559,43.04294478527607,0,2.3232611174458384
269,1579,5262,3683,3.3324889170360987,2,30.007601672367922
270,861,10524,9663,12.222996515679442,1,8.181299885974914
271,552,21048,20496,38.130434782608695,0,2.6225769669327255
272,1346,21048,19702,15.63744427934621,0,6.394906879513493
273,1651,21048,19397,12.748637189582071,0,7.843975674648422
274,1234,10524,9290,8.528363047001621,1,11.725579627518053
275,1478,21048,19570,14.240866035182679,0,7.022044849866971
276,0,1316,1316,inf,4,0.0
277,1976,21048,19072,10.651821862348179,0,9.388065374382364
278,3666,21048,17382,5.741407528641571,0,17.41733181299886
279,799,21048,20249,26.342928660826033,0,3.7960851387305206
280,1046,10524,9478,10.061185468451242,1,9.939186621056633
281,0,5262,5262,inf,2,0.0
282,1205,10524,9319,8.733609958506223,1,11.45001900418092
283,1099,2631,1532,2.393994540491356,3,41.77118966172558
284,1819,10524,8705,5.785596481583288,1,17.284302546560244
285,1951,10524,8573,5.394156842644797,1,18.5385784872672
286,2840,10524,7684,3.7056338028169016,1,26.985936906119345
287,0,328,328,inf,6,0.0
288,2656,10524,7868,3.9623493975903616,1,25.23755226149753
289,0,5262,5262,inf,2,0.0
290,1344,21048,19704,15.660714285714286,0,6.385404789053592
291,0,5262,5262,inf,2,0.0
292,1418,5262,3844,3.710860366713681,2,26.94792854427974
293,0,5262,5262,inf,2,0.0
294,94,21048,20954,223.91489361702128,0,0.44659825161535543
295,300,5262,4962,17.54,2,5.701254275940707
296,794,10524,9730,13.2544080604534,1,7.544659825161536
297,1730,10524,8794,6.083236994219654,1,16.438616495629038
298,1573,5262,3689,3.3452002542911634,2,29.893576586849107
299,1583,5262,3679,3.32406822488945,2,30.08361839604713
300,373,5262,4889,14.107238605898123,2,7.0885594830862795
301,110,21048,20938,191.34545454545454,0,0.5226149752945648
302,1594,5262,3668,3.301129234629862,2,30.292664386164958
303,10,2631,2621,263.1,3,0.3800836183960471
304,594,1316,722,2.2154882154882154,4,45.13677811550152
305,1521,21048,19527,13.838264299802761,0,7.226339794754846
306,1362,21048,19686,15.45374449339207,0,6.470923603192702
307,30,5262,5232,175.4,2,0.5701254275940707
308,1959,10524,8565,5.372128637059724,1,18.61459521094641
309,1118,5262,4144,4.706618962432916,2,21.246674268339035
310,1780,10524,8744,5.912359550561797,1,16.9137210186241
311,1205,21048,19843,17.467219917012446,0,5.72500950209046
312,672,21048,20376,31.321428571428573,0,3.192702394526796
313,0,1315,1315,inf,4,0.0
314,1924,10524,8600,5.46985446985447,1,18.282022044849867
315,1,21048,21047,21048.0,0,0.004751045229950589
316,728,21048,20320,28.912087912087912,0,3.458760927404029
317,2192,21048,18856,9.602189781021897,0,10.414291144051692
318,819,21048,20229,25.6996336996337,0,3.8911060433295326
319,1456,2631,1175,1.8070054945054945,3,55.34017483846446
320,1690,21048,19358,12.454437869822485,0,8.029266438616496
321,1204,21048,19844,17.48172757475083,0,5.72025845686051
322,93,2631,2538,28.29032258064516,3,3.534777651083238
323,1853,21048,19195,11.358877495952509,0,8.803686811098443
324,1793,10524,8731,5.8694924707194644,1,17.037248194602814
325,933,21048,20115,22.559485530546624,0,4.432725199543899
326,1940,10524,8584,5.424742268041237,1,18.434055492208287
327,2074,5262,3188,2.5371263259402124,2,39.41467122767009
328,175,1315,1140,7.514285714285714,4,13.307984790874524
329,1286,5262,3976,4.091757387247278,2,24.43937666286583
330,1721,5262,3541,3.0575246949447994,2,32.706195362979855
331,668,21048,20380,31.508982035928145,0,3.173698213606994
332,736,10524,9788,14.298913043478262,1,6.993538578487267
333,653,2631,1978,4.029096477794793,3,24.819460281261875
334,677,10524,9847,15.545051698670605,1,6.432915241353097
335,1445,21048,19603,14.566089965397923,0,6.865260357278602
336,1283,21048,19765,16.40530007794232,0,6.095591030026606
337,0,5262,5262,inf,2,0.0
338,2114,5262,3148,2.489120151371807,2,40.174838464462184
339,3424,21048,17624,6.147196261682243,0,16.267578867350817
340,0,5262,5262,inf,2,0.0
341,743,21048,20305,28.328398384925976,0,3.530026605853288
342,2113,10524,8411,4.98059630856602,1,20.07791714177119
343,0,5262,5262,inf,2,0.0
344,0,2,2,inf,13,0.0
345,342,658,316,1.9239766081871346,5,51.97568389057751
346,1237,10524,9287,8.50767987065481,1,11.754085898897758
347,926,2631,1705,2.8412526997840173,3,35.19574306347397
348,1668,21048,19380,12.618705035971223,0,7.924743443557583
349,1303,2631,1328,2.019186492709133,3,49.52489547700495
350,963,2631,1668,2.7320872274143304,3,36.60205245153934
351,70,2631,2561,37.58571428571429,3,2.66058532877233
352,601,5262,4661,8.755407653910149,2,11.421512732801215
353,1512,21048,19536,13.920634920634921,0,7.183580387685291
354,156,5262,5106,33.73076923076923,2,2.9646522234891677
355,201,657,456,3.2686567164179103,5,30.59360730593607
356,1105,10524,9419,9.523981900452489,1,10.499809958190802
357,119,5262,5143,44.21848739495798,2,2.2614975294564807
358,1010,5262,4252,5.20990099009901,2,19.19422272900038
359,1175,5262,4087,4.478297872340425,2,22.32991258076777
360,1813,10524,8711,5.804743519029233,1,17.227290003800835
361,1752,21048,19296,12.013698630136986,0,8.323831242873432
362,597,21048,20451,35.256281407035175,0,2.8363740022805017
363,2057,5262,3205,2.5580943121050073,2,39.09160015203344
364,2022,10524,8502,5.204747774480712,1,19.213226909920184
365,2813,21048,18235,7.482403128332741,0,13.364690231851007
366,2086,10524,8438,5.045062320230105,1,19.821360699353857
367,1481,21048,19567,14.212018906144497,0,7.036297985556822
368,46,5262,5216,114.3913043478261,2,0.8741923223109084
369,76,21048,20972,276.94736842105266,0,0.36107943747624477
370,5,5262,5257,1052.4,2,0.09502090459901177
371,724,2631,1907,3.633977900552486,3,27.51805397187381
372,32,5262,5230,164.4375,2,0.6081337894336754
373,0,1315,1315,inf,4,0.0
374,1951,10524,8573,5.394156842644797,1,18.5385784872672
375,0,10,10,inf,11,0.0
376,1325,21048,19723,15.885283018867925,0,6.29513492968453
377,0,1315,1315,inf,4,0.0
378,1369,10524,9155,7.68736303871439,1,13.008361839604712
379,1743,21048,19305,12.075731497418245,0,8.281071835803877
380,1213,5262,4049,4.33800494641385,2,23.05207145572026
381,648,5262,4614,8.12037037037037,2,12.314709236031927
382,0,5262,5262,inf,2,0.0
383,1016,21048,20032,20.716535433070867,0,4.827061953629799
384,721,5262,4541,7.298196948682386,2,13.702014443177498
385,416,1315,899,3.1610576923076925,4,31.634980988593153
386,0,5262,5262,inf,2,0.0
387,909,21048,20139,23.155115511551156,0,4.318700114025085
388,608,21048,20440,34.61842105263158,0,2.888635499809958
389,2642,21048,18406,7.9666919000757,0,12.552261497529457
390,657,21048,20391,32.0365296803653,0,3.1214367160775374
391,333,1315,982,3.948948948948949,4,25.323193916349812
392,3251,10524,7273,3.237157797600738,1,30.89129608513873
393,0,1316,1316,inf,4,0.0
394,676,21048,20372,31.13609467455621,0,3.2117065754465983
395,1248,5262,4014,4.216346153846154,2,23.71721778791334
396,1745,10524,8779,6.030945558739255,1,16.581147852527558
397,0,329,329,inf,6,0.0
398,836,21048,20212,25.177033492822968,0,3.9718738122386923
399,858,21048,20190,24.53146853146853,0,4.076396807297606
400,0,1316,1316,inf,4,0.0
401,845,10524,9679,12.454437869822485,1,8.029266438616496
402,1824,10524,8700,5.769736842105263,1,17.33181299885975
403,0,657,657,inf,5,0.0
404,2227,10524,8297,4.7256398742703185,1,21.161155454199925
405,946,1316,370,1.3911205073995772,4,71.88449848024317
406,988,2631,1643,2.6629554655870447,3,37.55226149752946
407,1838,21048,19210,11.451577801958651,0,8.732421132649183
408,1477,5262,3785,3.5626269465132023,2,28.069175218548082
409,0,5262,5262,inf,2,0.0
410,1262,21048,19786,16.678288431061805,0,5.995819080197644
411,372,21048,20676,56.58064516129032,0,1.767388825541619
412,1076,21048,19972,19.561338289962826,0,5.1121246674268335
413,684,21048,20364,30.771929824561404,0,3.249714937286203
414,815,5262,4447,6.456441717791411,2,15.488407449638922
415,19,5262,5243,276.94736842105266,2,0.36107943747624477
416,1,5262,5261,5262.0,2,0.019004180919802355
417,75,164,89,2.1866666666666665,7,45.73170731707317
418,0,5262,5262,inf,2,0.0
419,607,5262,4655,8.668863261943986,2,11.535537818320032
420,527,21048,20521,39.9392789373814,0,2.5038008361839603
421,595,21048,20453,35.37478991596639,0,2.8268719118206005
422,242,5262,5020,21.74380165289256,2,4.599011782592171
423,1316,2631,1315,1.999240121580547,3,50.0190041809198
424,815,21048,20233,25.825766871165644,0,3.8721018624097305
425,25,2631,2606,105.24,3,0.9502090459901178
426,1542,5262,3720,3.412451361867704,2,29.304446978335235
427,169,21048,20879,124.54437869822485,0,0.8029266438616496
428,772,5262,4490,6.816062176165803,2,14.67122767008742
429,532,5262,4730,9.890977443609023,2,10.110224249334854
430,1002,10524,9522,10.502994011976048,1,9.52109464082098
431,2128,21048,18920,9.890977443609023,0,10.110224249334854
432,1217,21048,19831,17.294987674609697,0,5.7820220448498665
433,0,41,41,inf,9,0.0
434,13,21048,21035,1619.076923076923,0,0.06176358798935766
435,1428,5262,3834,3.6848739495798317,2,27.137970353477765
436,612,10524,9912,17.19607843137255,1,5.815279361459521
437,787,5262,4475,6.686149936467598,2,14.956290383884454
438,1159,5262,4103,4.540120793787748,2,22.025845686050932
439,1823,21048,19225,11.545803620405925,0,8.661155454199925
440,480,5262,4782,10.9625,2,9.122006841505131
441,3013,10524,7511,3.492864254895453,1,28.62979855568225
442,0,5262,5262,inf,2,0.0
443,227,1316,1089,5.797356828193832,4,17.24924012158055
444,346,21048,20702,60.83236994219653,0,1.6438616495629037
445,1829,10524,8695,5.753963914707491,1,17.379323451159255
446,2517,21048,18531,8.36233611442193,0,11.958380843785633
447,2055,21048,18993,10.242335766423357,0,9.76339794754846
448,388,5262,4874,13.561855670103093,2,7.373622196883314
449,0,5262,5262,inf,2,0.0
450,1475,21048,19573,14.269830508474577,0,7.007791714177119
451,2250,21048,18798,9.354666666666667,0,10.689851767388825
452,2151,10524,8373,4.892608089260809,1,20.438996579247434
453,1304,21048,19744,16.141104294478527,0,6.1953629798555685
454,499,1316,817,2.6372745490981964,4,37.91793313069909
455,1838,10524,8686,5.7257889009793255,1,17.464842265298365
456,888,21048,20160,23.7027027027027,0,4.218928164196123
457,493,21048,20555,42.69371196754564,0,2.3422652983656405
458,1823,5262,3439,2.8864509051014813,2,34.6446218167997
459,1210,5262,4052,4.3487603305785125,2,22.99505891296085
460,264,5262,4998,19.931818181818183,2,5.017103762827822
461,1625,5262,3637,3.238153846153846,2,30.88179399467883
462,2133,21048,18915,9.867791842475388,0,10.133979475484606
463,2043,10524,8481,5.151248164464024,1,19.412770809578106
464,53,5262,5209,99.28301886792453,2,1.0072215887495248
465,1203,10524,9321,8.748129675810473,1,11.431014823261117
466,1135,5262,4127,4.636123348017621,2,21.569745343975676
467,2899,5262,2363,1.8151086581579856,2,55.09312048650703
468,1284,5262,3978,4.098130841121495,2,24.401368301026224
469,2062,21048,18986,10.207565470417071,0,9.796655264158115
470,791,21048,20257,26.60935524652339,0,3.758076776890916
471,690,2631,1941,3.8130434782608695,3,26.225769669327253
472,1376,10524,9148,7.648255813953488,1,13.074876472824021
473,0,2631,2631,inf,3,0.0
474,1082,21048,19966,19.452865064695008,0,5.140630938806537
475,2438,21048,18610,8.633305988515175,0,11.583048270619537
476,375,5262,4887,14.032,2,7.126567844925884
477,1552,10524,8972,6.780927835051546,1,14.747244393766628
478,0,5262,5262,inf,2,0.0
479,1733,21048,19315,12.145412579342182,0,8.23356138350437
480,1922,5262,3340,2.737773152965661,2,36.526035727860126
481,291,5262,4971,18.082474226804123,2,5.530216647662486
482,1932,21048,19116,10.894409937888199,0,9.179019384264537
483,882,21048,20166,23.86394557823129,0,4.19042189281642
484,2887,10524,7637,3.645306546588154,1,27.4325351577347
485,147,21048,20901,143.18367346938774,0,0.6984036488027365
486,724,5262,4538,7.267955801104972,2,13.759026985936906
487,385,21048,20663,54.67012987012987,0,1.8291524135309767
488,749,21048,20299,28.10146862483311,0,3.5585328772329916
489,1100,10524,9424,9.567272727272726,1,10.452299505891297
490,897,21048,20151,23.464882943143813,0,4.2616875712656785
491,1713,5262,3549,3.0718038528896674,2,32.554161915621435
492,0,5262,5262,inf,2,0.0
493,503,21048,20545,41.84493041749503,0,2.3897757506651462
494,1652,5262,3610,3.185230024213075,2,31.394906879513496
495,1048,5262,4214,5.020992366412214,2,19.91638160395287
496,795,2631,1836,3.309433962264151,3,30.216647662485745
497,3457,10524,7067,3.0442580271912063,1,32.84872671987837
498,420,2631,2211,6.264285714285714,3,15.96351197263398
499,1258,21048,19790,16.731319554848966,0,5.976814899277841
500,2805,10524,7719,3.7518716577540108,1,26.653363740022805
501,2390,10524,8134,4.403347280334728,1,22.709996199163815
502,1556,5262,3706,3.3817480719794344,2,29.57050551121247
503,69,1315,1246,19.057971014492754,4,5.247148288973384
504,567,5262,4695,9.28042328042328,2,10.775370581527936
505,0,82,82,inf,8,0.0
506,597,21048,20451,35.256281407035175,0,2.8363740022805017
507,717,5262,4545,7.338912133891213,2,13.62599771949829
508,0,5262,5262,inf,2,0.0
509,478,21048,20570,44.03347280334728,0,2.2709996199163816
510,0,1316,1316,inf,4,0.0
511,130,21048,20918,161.90769230769232,0,0.6176358798935766
512,472,1315,843,2.7860169491525424,4,35.893536121673
513,1943,5262,3319,2.708183221821925,2,36.92512352717598
514,671,2631,1960,3.9210134128166914,3,25.503610794374765
515,1420,21048,19628,14.822535211267606,0,6.746484226529836
516,1631,21048,19417,12.904966278356836,0,7.748954770049411
517,892,2631,1739,2.9495515695067263,3,33.9034587609274
518,1952,5262,3310,2.6956967213114753,2,37.0961611554542
519,1728,21048,19320,12.180555555555555,0,8.209806157354619
520,886,5262,4376,5.939051918735892,2,16.83770429494489
521,180,328,148,1.8222222222222222,6,54.87804878048781
522,3400,10524,7124,3.0952941176470588,1,32.307107563664005
523,590,5262,4672,8.91864406779661,2,11.21246674268339
524,757,5262,4505,6.9511228533685605,2,14.386164956290385
525,0,5262,5262,inf,2,0.0
526,320,5262,4942,16.44375,2,6.0813378943367535
527,973,21048,20075,21.632065775950668,0,4.622767008741923
528,47,5262,5215,111.95744680851064,2,0.8931965032307109
529,633,5262,4629,8.312796208530806,2,12.029646522234891
530,65,5262,5197,80.95384615384616,2,1.2352717597871532
531,947,2631,1684,2.778247096092925,3,35.99391866210566
532,232,21048,20816,90.72413793103448,0,1.1022424933485366
533,681,10524,9843,15.45374449339207,1,6.470923603192702
534,15,21048,21033,1403.2,0,0.07126567844925884
535,1109,5262,4153,4.7448151487826875,2,21.075636640060814
536,250,1316,1066,5.264,4,18.99696048632219
537,1702,21048,19346,12.36662749706228,0,8.086278981375902
538,650,21048,20398,32.38153846153846,0,3.088179399467883
539,1815,5262,3447,2.899173553719008,2,34.49258836944128
540,1974,5262,3288,2.6656534954407296,2,37.51425313568985
541,818,2631,1813,3.2163814180929093,3,31.090839984796652
542,1302,21048,19746,16.16589861751152,0,6.185860889395666
543,2195,5262,3067,2.397266514806378,2,41.71417711896617
544,2314,10524,8210,4.547968885047537,1,21.987837324211327
545,25,5262,5237,210.48,2,0.4751045229950589
546,1486,21048,19562,14.164199192462988,0,7.060053211706576
547,1578,5262,3684,3.334600760456274,2,29.98859749144812
548,1858,2631,773,1.4160387513455328,3,70.61953629798555
549,1246,5262,4016,4.223113964686998,2,23.679209426073736
550,1161,5262,4101,4.532299741602067,2,22.063854047890537
551,117,328,211,2.8034188034188032,6,35.670731707317074
552,0,5262,5262,inf,2,0.0
553,1573,10524,8951,6.690400508582327,1,14.946788293424554
554,1275,2631,1356,2.063529411764706,3,48.46066134549601
555,1707,21048,19341,12.330404217926187,0,8.110034207525656
556,2151,10524,8373,4.892608089260809,1,20.438996579247434
557,95,1316,1221,13.852631578947369,4,7.218844984802432
558,2471,10524,8053,4.259004451639012,1,23.47966552641581
559,2087,5262,3175,2.5213224724484906,2,39.661725579627515
560,873,5262,4389,6.027491408934708,2,16.590649942987458
561,276,2631,2355,9.532608695652174,3,10.490307867730902
562,1506,21048,19542,13.97609561752988,0,7.155074116305587
563,2803,10524,7721,3.7545486978237603,1,26.634359559103004
564,636,1315,679,2.0676100628930816,4,48.365019011406844
565,242,21048,20806,86.97520661157024,0,1.1497529456480426
566,1345,5262,3917,3.9122676579925653,2,25.56062333713417
567,96,21048,20952,219.25,0,0.45610034207525657
568,40,21048,21008,526.2,0,0.19004180919802355
569,789,5262,4473,6.669201520912548,2,14.99429874572406
570,682,5262,4580,7.715542521994135,2,12.960851387305208
571,0,1315,1315,inf,4,0.0
572,94,21048,20954,223.91489361702128,0,0.44659825161535543
573,1007,5262,4255,5.225422045680238,2,19.137210186240974
574,1604,5262,3658,3.2805486284289276,2,30.48270619536298
575,2111,10524,8413,4.98531501657982,1,20.058912960851387
576,0,5262,5262,inf,2,0.0
577,795,21048,20253,26.475471698113207,0,3.777080957810718
578,3778,10524,6746,2.7856008470089995,1,35.89889775750665
579,1279,10524,9245,8.228303362001563,1,12.153173698213607
580,1714,10524,8810,6.14002333722287,1,16.28658304827062
581,283,1315,1032,4.646643109540636,4,21.520912547528518
582,1954,21048,19094,10.771750255885364,0,9.28354237932345
583,1085,5262,4177,4.849769585253457,2,20.619536297985558
584,2484,10524,8040,4.236714975845411,1,23.603192702394526
585,1614,5262,3648,3.2602230483271377,2,30.672748004561
586,679,5262,4583,7.749631811487482,2,12.9038388445458
587,1433,5262,3829,3.672016748080949,2,27.232991258076776
588,1544,21048,19504,13.632124352331607,0,7.33561383504371
589,1395,5262,3867,3.772043010752688,2,26.51083238312429
590,664,5262,4598,7.924698795180723,2,12.618776130748765
591,2,5262,5260,2631.0,2,0.03800836183960471
592,2578,21048,18470,8.164468580294802,0,12.24819460281262
593,3,5262,5259,1754.0,2,0.05701254275940707
594,950,2631,1681,2.7694736842105265,3,36.107943747624475
595,976,2631,1655,2.6956967213114753,3,37.0961611554542
596,327,5262,4935,16.091743119266056,2,6.214367160775371
597,1020,21048,20028,20.63529411764706,0,4.846066134549601
598,369,21048,20679,57.040650406504064,0,1.7531356898517676
599,580,1315,735,2.2672413793103448,4,44.106463878327
600,1117,5262,4145,4.710832587287377,2,21.22767008741923
601,721,2631,1910,3.649098474341193,3,27.404028886354997
602,733,5262,4529,7.1787175989085945,2,13.930064614215127
603,524,5262,4738,10.041984732824428,2,9.958190801976436
604,385,2631,2246,6.833766233766234,3,14.633219308247813
605,1155,10524,9369,9.111688311688312,1,10.974914481185861
606,2109,21048,18939,9.980085348506401,0,10.019954389965791
607,1655,5262,3607,3.179456193353474,2,31.4519194222729
608,895,21048,20153,23.51731843575419,0,4.252185480805777
609,2001,10524,8523,5.259370314842578,1,19.01368301026226
610,290,1315,1025,4.5344827586206895,4,22.0532319391635
611,0,328,328,inf,6,0.0
612,2425,21048,18623,8.67958762886598,0,11.521284682630178
613,469,5262,4793,11.219616204690832,2,8.912960851387306
614,2624,21048,18424,8.021341463414634,0,12.466742683390345
615,72,5262,5190,73.08333333333333,2,1.3683010262257698
616,2496,10524,8028,4.216346153846154,1,23.71721778791334
617,126,21048,20922,167.04761904761904,0,0.5986316989737742
618,1141,5262,4121,4.611744084136722,2,21.68377042949449
619,2008,21048,19040,10.48207171314741,0,9.540098821740784
620,707,5262,4555,7.442715700141442,2,13.435955910300265
621,1650,21048,19398,12.756363636363636,0,7.839224629418472
622,1660,10524,8864,6.339759036144578,1,15.773470163435958
623,2389,10524,8135,4.4051904562578486,1,22.700494108703914
624,1463,5262,3799,3.5967190704032808,2,27.803116685670847
625,2230,21048,18818,9.438565022421525,0,10.594830862789815
626,1057,10524,9467,9.956480605487227,1,10.043709616115546
627,361,21048,20687,58.30470914127424,0,1.7151273280121626
628,282,5262,4980,18.659574468085108,2,5.359179019384264
629,1037,21048,20011,20.2970106075217,0,4.926833903458761
630,792,21048,20256,26.575757575757574,0,3.762827822120866
631,505,21048,20543,41.67920792079208,0,2.3992778411250475
632,827,5262,4435,6.362756952841596,2,15.71645762067655
633,0,329,329,inf,6,0.0
634,1879,21048,19169,11.201703033528473,0,8.927213987077156
635,1987,10524,8537,5.296426774031203,1,18.880653743823643
636,1977,10524,8547,5.323216995447648,1,18.785632839224633
637,0,5262,5262,inf,2,0.0
638,1967,21048,19081,10.700559227249618,0,9.34530596731281
639,887,5262,4375,5.932356257046223,2,16.85670847586469
640,1071,2631,1560,2.4565826330532214,3,40.706955530216646
641,85,21048,20963,247.6235294117647,0,0.4038388445458001
642,0,1315,1315,inf,4,0.0
643,1138,2631,1493,2.31195079086116,3,43.25351577347016
644,765,1315,550,1.7189542483660132,4,58.174904942965775
645,38,5262,5224,138.47368421052633,2,0.7221588749524895
646,572,1315,743,2.2989510489510487,4,43.49809885931559
647,2747,10524,7777,3.8310884601383326,1,26.102242493348538
648,0,5262,5262,inf,2,0.0
649,1582,5262,3680,3.3261694058154236,2,30.064614215127328
650,0,1315,1315,inf,4,0.0
651,1903,21048,19145,11.060430898581188,0,9.041239072595971
652,0,2,2,inf,13,0.0
653,1947,5262,3315,2.7026194144838214,2,37.00114025085519
654,712,10524,9812,14.780898876404494,1,6.76548840744964
655,1996,2631,635,1.3181362725450902,3,75.864690231851
656,438,21048,20610,48.054794520547944,0,2.080957810718358
657,790,2631,1841,3.330379746835443,3,30.026605853287723
658,437,21048,20611,48.16475972540046,0,2.0762067654884078
659,2404,21048,18644,8.755407653910149,0,11.421512732801215
660,1052,5262,4210,5.001901140684411,2,19.99239832763208
661,1120,5262,4142,4.698214285714286,2,21.28468263017864
662,735,5262,4527,7.159183673469387,2,13.968072976054732
663,703,1315,612,1.8705547652916075,4,53.46007604562738
664,797,10524,9727,13.204516938519449,1,7.5731660965412395
665,1030,5262,4232,5.1087378640776695,2,19.574306347396426
666,3105,10524,7419,3.3893719806763287,1,29.503990877993157
667,2110,21048,18938,9.975355450236966,0,10.024705435195743
668,1209,21048,19839,17.409429280397024,0,5.744013683010262
669,0,5262,5262,inf,2,0.0
670,1,5262,5261,5262.0,2,0.019004180919802355
671,267,5262,4995,19.707865168539325,2,5.074116305587229
672,1737,10524,8787,6.058721934369602,1,16.505131128848348
673,2607,5262,2655,2.0184119677790564,2,49.54389965792475
674,0,5262,5262,inf,2,0.0
675,736,5262,4526,7.149456521739131,2,13.987077156974534
676,7,1315,1308,187.85714285714286,4,0.532319391634981
677,2730,5262,2532,1.9274725274725275,2,51.881413911060434
678,2284,21048,18764,9.215411558669002,0,10.851387305207146
679,298,1315,1017,4.412751677852349,4,22.661596958174904
680,0,1315,1315,inf,4,0.0
681,2485,10524,8039,4.235010060362173,1,23.612694792854427
682,1622,21048,19426,12.976572133168927,0,7.706195362979855
683,3148,10524,7376,3.343074968233799,1,29.912580767768908
684,1660,5262,3602,3.169879518072289,2,31.546940326871916
685,393,2631,2238,6.694656488549619,3,14.937286202964653
686,1748,10524,8776,6.020594965675057,1,16.609654123907262
687,1861,10524,8663,5.655024180548092,1,17.68339034587609
688,1549,5262,3713,3.39703034215623,2,29.43747624477385
689,1104,5262,4158,4.766304347826087,2,20.980615735461804
690,790,21048,20258,26.643037974683544,0,3.7533257316609654
691,1616,21048,19432,13.024752475247524,0,7.677689091600152
692,0,1316,1316,inf,4,0.0
693,1584,5262,3678,3.321969696969697,2,30.10262257696693
694,1866,21048,19182,11.279742765273312,0,8.865450399087798
695,11,5262,5251,478.3636363636364,2,0.20904599011782593
696,933,21048,20115,22.559485530546624,0,4.432725199543899
697,1451,21048,19597,14.505858028945555,0,6.893766628658304
698,2,21048,21046,10524.0,0,0.009502090459901177
699,716,21048,20332,29.39664804469274,0,3.401748384644622
700,0,2631,2631,inf,3,0.0
701,0,5262,5262,inf,2,0.0
702,897,5262,4365,5.866220735785953,2,17.046750285062714
703,1858,5262,3404,2.8320775026910656,2,35.309768148992774
704,987,5262,4275,5.331306990881459,2,18.757126567844924
705,2092,10524,8432,5.030592734225621,1,19.878373242113266
706,808,10524,9716,13.024752475247524,1,7.677689091600152
707,2058,21048,18990,10.227405247813412,0,9.777651083238311
708,1549,5262,3713,3.39703034215623,2,29.43747624477385
709,389,21048,20659,54.10796915167095,0,1.8481565944507794
710,2874,5262,2388,1.8308977035490606,2,54.618015963511965
711,1446,21048,19602,14.556016597510373,0,6.870011402508553
712,561,5262,4701,9.379679144385026,2,10.661345496009123
713,538,21048,20510,39.12267657992565,0,2.5560623337134167
714,1489,21048,19559,14.13566151779718,0,7.074306347396426
715,0,1316,1316,inf,4,0.0
716,984,2631,1647,2.673780487804878,3,37.40022805017104
717,2274,5262,2988,2.3139841688654355,2,43.21550741163056
718,0,2,2,inf,13,0.0
719,899,10524,9625,11.706340378197998,1,8.54237932345116
720,1024,2631,1607,2.5693359375,3,38.92056252375522
721,1011,21048,20037,20.818991097922847,0,4.803306727480046
722,3689,10524,6835,2.852805638384386,1,35.053211706575446
723,0,5262,5262,inf,2,0.0
724,1579,21048,19469,13.329955668144395,0,7.501900418091981
725,2987,10524,7537,3.5232674924673586,1,28.38274420372482
726,1066,5262,4196,4.936210131332083,2,20.258456860509312
727,0,5262,5262,inf,2,0.0
728,384,657,273,1.7109375,5,58.44748858447488
729,3753,10524,6771,2.804156674660272,1,35.66134549600912
730,2347,21048,18701,8.968044311887516,0,11.150703154694034
731,178,5262,5084,29.56179775280899,2,3.38274420372482
732,642,1315,673,2.0482866043613708,4,48.8212927756654
733,2136,10524,8388,4.926966292134831,1,20.296465222348917
734,33,5262,5229,159.45454545454547,2,0.6271379703534777
735,1500,21048,19548,14.032,0,7.126567844925884
736,1518,21048,19530,13.865612648221344,0,7.212086659064994
737,2392,5262,2870,2.1998327759197323,2,45.45800076016724
738,1026,2631,1605,2.564327485380117,3,38.99657924743444
739,25,1316,1291,52.64,4,1.8996960486322187
740,3539,10524,6985,2.973721390223227,1,33.627898137590265
741,1675,5262,3587,3.141492537313433,2,31.832003040668948
742,1863,10524,8661,5.648953301127214,1,17.702394526795896
743,830,21048,20218,25.35903614457831,0,3.9433675408589894
744,1480,21048,19568,14.221621621621622,0,7.031546940326871
745,0,5262,5262,inf,2,0.0
746,829,21048,20219,25.38962605548854,0,3.938616495629038
747,0,5262,5262,inf,2,0.0
748,1312,5262,3950,4.010670731707317,2,24.93348536678069
749,264,21048,20784,79.72727272727273,0,1.2542759407069555
750,318,5262,4944,16.547169811320753,2,6.043329532497149
751,1298,2631,1333,2.026964560862866,3,49.33485366780692
752,1202,2631,1429,2.1888519134775373,3,45.68605093120486
753,981,5262,4281,5.363914373088685,2,18.64310148232611
754,1511,21048,19537,13.929847782925215,0,7.178829342455339
755,747,10524,9777,14.088353413654618,1,7.09806157354618
756,1237,5262,4025,4.253839935327405,2,23.508171797795516
757,2766,10524,7758,3.804772234273319,1,26.28278221208666
758,1000,21048,20048,21.048,0,4.75104522995059
759,0,5262,5262,inf,2,0.0
760,0,2,2,inf,13,0.0
761,8,5262,5254,657.75,2,0.15203344735841884
762,494,21048,20554,42.607287449392715,0,2.347016343595591
763,0,5262,5262,inf,2,0.0
764,352,21048,20696,59.79545454545455,0,1.6723679209426074
765,940,10524,9584,11.195744680851064,1,8.931965032307106
766,1917,5262,3345,2.7449139280125197,2,36.431014823261116
767,2113,10524,8411,4.98059630856602,1,20.07791714177119
768,217,5262,5045,24.24884792626728,2,4.123907259597112
769,626,10524,9898,16.81150159744409,1,5.948308627898138
770,2548,21048,18500,8.260596546310833,0,12.105663245914101
771,0,5262,5262,inf,2,0.0
772,979,21048,20069,21.499489274770173,0,4.651273280121627
773,890,5262,4372,5.912359550561797,2,16.9137210186241
774,838,21048,20210,25.116945107398568,0,3.981375902698594
775,334,21048,20714,63.01796407185629,0,1.586849106803497
776,379,21048,20669,55.53562005277045,0,1.8006461421512732
777,1125,5262,4137,4.677333333333333,2,21.37970353477765
778,2322,5262,2940,2.2661498708010335,2,44.127708095781074
779,3152,10524,7372,3.3388324873096447,1,29.950589129608513
780,71,21048,20977,296.4507042253521,0,0.3373242113264918
781,2,21048,21046,10524.0,0,0.009502090459901177
782,947,21048,20101,22.2259767687434,0,4.499239832763208
783,1662,21048,19386,12.664259927797834,0,7.896237172177879
784,1571,5262,3691,3.349458943348186,2,29.855568225009506
785,2668,21048,18380,7.889055472263868,0,12.675788673508173
786,1618,5262,3644,3.2521631644004945,2,30.748764728240214
787,2230,5262,3032,2.359641255605381,2,42.37932345115926
788,108,21048,20940,194.88888888888889,0,0.5131128848346637
789,2629,10524,7895,4.00304298212248,1,24.9809958190802
790,936,2631,1695,2.8108974358974357,3,35.57582668187001
791,2007,5262,3255,2.6218236173393126,2,38.14139110604333
792,0,5262,5262,inf,2,0.0
793,965,21048,20083,21.81139896373057,0,4.584758646902318
794,0,2,2,inf,13,0.0
795,984,21048,20064,21.390243902439025,0,4.67502850627138
796,2315,21048,18733,9.092008639308855,0,10.998669707335614
797,1440,21048,19608,14.616666666666667,0,6.841505131128849
798,323,657,334,2.0340557275541795,5,49.16286149162861
799,1719,5262,3543,3.06108202443281,2,32.668187001140254
800,1465,21048,19583,14.367235494880546,0,6.960281261877613
801,921,10524,9603,11.42671009771987,1,8.751425313568985
802,42,5262,5220,125.28571428571429,2,0.798175598631699
803,2878,10524,7646,3.6567060458651843,1,27.34701634359559
804,449,21048,20599,46.87750556792873,0,2.1332193082478144
805,439,657,218,1.4965831435079726,5,66.81887366818874
806,1497,21048,19551,14.060120240480963,0,7.112314709236032
807,262,5262,5000,20.083969465648856,2,4.979095400988218
808,2,1315,1313,657.5,4,0.1520912547528517
809,0,1315,1315,inf,4,0.0
810,1485,21048,19563,14.173737373737374,0,7.055302166476625
811,867,10524,9657,12.13840830449827,1,8.238312428734321
812,2189,21048,18859,9.615349474645956,0,10.40003800836184
813,0,329,329,inf,6,0.0
814,0,329,329,inf,6,0.0
815,659,21048,20389,31.939301972685886,0,3.130938806537438
816,754,2631,1877,3.489389920424403,3,28.658304827061954
817,646,21048,20402,32.582043343653254,0,3.0691752185480805
818,667,21048,20381,31.55622188905547,0,3.168947168377043
819,0,5262,5262,inf,2,0.0
820,942,21048,20106,22.343949044585987,0,4.475484606613455
821,2196,5262,3066,2.3961748633879782,2,41.73318129988598
822,1867,10524,8657,5.636850562399571,1,17.7404028886355
823,1216,5262,4046,4.327302631578948,2,23.109083998479665
824,1395,21048,19653,15.088172043010752,0,6.627708095781072
825,410,1315,905,3.207317073170732,4,31.1787072243346
826,0,1316,1316,inf,4,0.0
827,0,5262,5262,inf,2,0.0
828,0,2,2,inf,13,0.0
829,1876,10524,8648,5.609808102345416,1,17.82592170277461
830,2616,21048,18432,8.045871559633028,0,12.428734321550742
831,12,5262,5250,438.5,2,0.22805017103762829
832,1331,21048,19717,15.813673929376408,0,6.323641201064234
833,1251,10524,9273,8.412470023980815,1,11.887115165336375
834,678,5262,4584,7.761061946902655,2,12.884834663625996
835,91,21048,20957,231.2967032967033,0,0.4323451159255036
836,1579,5262,3683,3.3324889170360987,2,30.007601672367922
837,1518,21048,19530,13.865612648221344,0,7.212086659064994
838,733,21048,20315,28.714870395634378,0,3.4825161535537816
839,1988,5262,3274,2.6468812877263583,2,37.78031166856709
840,856,21048,20192,24.588785046728972,0,4.066894716837704
841,607,5262,4655,8.668863261943986,2,11.535537818320032
842,2365,21048,18683,8.899788583509514,0,11.236221968833144
843,0,328,328,inf,6,0.0
844,576,21048,20472,36.541666666666664,0,2.7366020524515395
845,2149,5262,3113,2.4485807352256863,2,40.839984796655266
846,0,5262,5262,inf,2,0.0
847,44,5262,5218,119.5909090909091,2,0.8361839604713037
848,3059,5262,2203,1.7201699901928735,2,58.13378943367541
849,964,2631,1667,2.729253112033195,3,36.640060813378945
850,226,1316,1090,5.823008849557522,4,17.17325227963526
851,1384,10524,9140,7.604046242774566,1,13.15089319650323
852,2284,10524,8240,4.607705779334501,1,21.70277461041429
853,2190,21048,18858,9.610958904109589,0,10.40478905359179
854,123,21048,20925,171.1219512195122,0,0.5843785632839225
855,1855,5262,3407,2.836657681940701,2,35.25275560623337
856,3448,21048,17600,6.104408352668213,0,16.381603952869632
857,1204,21048,19844,17.48172757475083,0,5.72025845686051
858,0,328,328,inf,6,0.0
859,1034,2631,1597,2.544487427466151,3,39.30064614215127
860,668,21048,20380,31.508982035928145,0,3.173698213606994
861,0,5262,5262,inf,2,0.0
862,1419,21048,19629,14.832980972515855,0,6.741733181299886
863,1865,10524,8659,5.642895442359249,1,17.721398707715696
864,1731,10524,8793,6.079722703639515,1,16.44811858608894
865,2,329,327,164.5,6,0.60790273556231
866,564,10524,9960,18.659574468085108,1,5.359179019384264
867,0,5262,5262,inf,2,0.0
868,1633,10524,8891,6.44458052663809,1,15.516913721018625
869,32,21048,21016,657.75,0,0.15203344735841884
870,1560,10524,8964,6.746153846153846,1,14.823261117445838
871,2378,10524,8146,4.425567703952901,1,22.595971113645003
872,2539,21048,18509,8.289877904686884,0,12.062903838844546
873,1378,2631,1253,1.909288824383164,3,52.37552261497529
874,2,5262,5260,2631.0,2,0.03800836183960471
875,61,2631,2570,43.131147540983605,3,2.3185100722158873
876,1262,5262,4000,4.169572107765451,2,23.983276320790576
877,2018,5262,3244,2.607532210109019,2,38.35043709616116
878,9,1316,1307,146.22222222222223,4,0.6838905775075987
879,1231,21048,19817,17.0982940698619,0,5.848536678069175
880,1353,21048,19695,15.556541019955654,0,6.428164196123147
881,2223,5262,3039,2.3670715249662617,2,42.24629418472064
882,1113,21048,19935,18.911051212938006,0,5.287913340935005
883,3032,21048,18016,6.941952506596306,0,14.405169137210185
884,0,1316,1316,inf,4,0.0
885,519,21048,20529,40.554913294797686,0,2.465792474344356
886,2537,21048,18511,8.296413086322428,0,12.053401748384644
887,904,21048,20144,23.283185840707965,0,4.2949448878753325
888,0,5262,5262,inf,2,0.0
889,875,21048,20173,24.05485714285714,0,4.157164576206766
890,0,5262,5262,inf,2,0.0
891,388,5262,4874,13.561855670103093,2,7.373622196883314
892,2256,10524,8268,4.664893617021277,1,21.436716077537056
893,2353,5262,2909,2.2362940926476838,2,44.716837704294946
894,0,5262,5262,inf,2,0.0
895,0,2,2,inf,13,0.0
896,1557,21048,19491,13.51830443159923,0,7.397377423033068
897,1646,10524,8878,6.393681652490887,1,15.64044089699734
898,0,5262,5262,inf,2,0.0
899,980,2631,1651,2.6846938775510205,3,37.24819460281262
900,0,1316,1316,inf,4,0.0
901,576,5262,4686,9.135416666666666,2,10.946408209806158
902,0,328,328,inf,6,0.0
903,1348,10524,9176,7.807121661721069,1,12.808817939946787
904,1782,21048,19266,11.811447811447811,0,8.46636259977195
905,2248,10524,8276,4.681494661921708,1,21.360699353857846
906,2731,10524,7793,3.853533504210912,1,25.950209045990118
907,1159,2631,1472,2.270060396893874,3,44.051691372101864
908,1421,10524,9103,7.406052076002815,1,13.502470543519573
909,943,5262,4319,5.5800636267232235,2,17.92094260737362
910,0,1316,1316,inf,4,0.0
911,0,5262,5262,inf,2,0.0
912,957,21048,20091,21.99373040752351,0,4.546750285062714
913,2874,21048,18174,7.323590814196242,0,13.654503990877991
914,689,21048,20359,30.548621190130625,0,3.2734701634359555
915,2023,5262,3239,2.601087493821058,2,38.44545800076017
916,2654,10524,7870,3.9653353428786735,1,25.21854808057773
917,2420,21048,18628,8.697520661157025,0,11.497529456480425
918,2974,21048,18074,7.0773369199731,0,14.129608513873052
919,1345,10524,9179,7.8245353159851305,1,12.780311668567085
920,2808,5262,2454,1.873931623931624,2,53.36374002280502
921,1417,21048,19631,14.853916725476358,0,6.732231090839985
922,0,1316,1316,inf,4,0.0
923,282,5262,4980,18.659574468085108,2,5.359179019384264
924,1132,21048,19916,18.593639575971732,0,5.378183200304067
925,479,21048,20569,43.94154488517745,0,2.275750665146332
926,2985,10524,7539,3.5256281407035175,1,28.36374002280502
927,837,1315,478,1.5710872162485066,4,63.65019011406844
928,1395,21048,19653,15.088172043010752,0,6.627708095781072
929,264,5262,4998,19.931818181818183,2,5.017103762827822
930,1342,10524,9182,7.842026825633383,1,12.751805397187383
931,2327,10524,8197,4.522561237645037,1,22.111364500190042
932,0,5262,5262,inf,2,0.0
933,1057,10524,9467,9.956480605487227,1,10.043709616115546
934,432,21048,20616,48.72222222222222,0,2.0524515393386547
935,1639,21048,19409,12.841976815131178,0,7.786963131889016
936,2601,5262,2661,2.023068050749712,2,49.42987457240593
937,442,1315,873,2.975113122171946,4,33.61216730038023
938,1913,21048,19135,11.002613695765813,0,9.088749524895476
939,607,5262,4655,8.668863261943986,2,11.535537818320032
940,1501,5262,3761,3.5056628914057297,2,28.525275560623335
941,3748,10524,6776,2.807897545357524,1,35.61383504370962
942,92,328,236,3.5652173913043477,6,28.04878048780488
943,1940,10524,8584,5.424742268041237,1,18.434055492208287
944,1072,21048,19976,19.634328358208954,0,5.093120486507032
945,2858,10524,7666,3.682295311406578,1,27.156974534397566
946,1217,21048,19831,17.294987674609697,0,5.7820220448498665
947,0,5262,5262,inf,2,0.0
948,1440,5262,3822,3.654166666666667,2,27.366020524515395
949,145,1315,1170,9.068965517241379,4,11.02661596958175
950,881,5262,4381,5.972758229284904,2,16.742683390345874
951,580,21048,20468,36.289655172413795,0,2.7556062333713416
952,1675,21048,19373,12.565970149253731,0,7.958000760167237
953,2862,10524,7662,3.6771488469601676,1,27.194982896237175
954,1075,5262,4187,4.894883720930233,2,20.429494488787533
955,283,5262,4979,18.593639575971732,2,5.378183200304067
956,2395,21048,18653,8.788308977035491,0,11.378753325731662
957,2239,5262,3023,2.3501563197856186,2,42.55036107943748
958,1465,10524,9059,7.183617747440273,1,13.920562523755226
959,1409,2631,1222,1.8672817601135556,3,53.55378183200305
960,325,21048,20723,64.76307692307692,0,1.5440896997339415
961,1605,21048,19443,13.114018691588784,0,7.625427594070695
962,0,5262,5262,inf,2,0.0
963,1541,10524,8983,6.829331602855289,1,14.642721398707717
964,825,21048,20223,25.512727272727272,0,3.919612314709236
965,0,1315,1315,inf,4,0.0
966,248,1316,1068,5.306451612903226,4,18.84498480243161
967,1646,5262,3616,3.1968408262454435,2,31.28088179399468
968,1200,5262,4062,4.385,2,22.80501710376283
969,1596,2631,1035,1.6484962406015038,3,60.66134549600912
970,1002,5262,4260,5.251497005988024,2,19.04218928164196
971,2637,10524,7887,3.9908987485779295,1,25.057012542759406
972,1690,21048,19358,12.454437869822485,0,8.029266438616496
973,437,5262,4825,12.041189931350115,2,8.304827061953631
974,333,657,324,1.972972972972973,5,50.68493150684932
975,1324,21048,19724,15.897280966767372,0,6.29038388445458
976,0,1315,1315,inf,4,0.0
977,1164,21048,19884,18.082474226804123,0,5.530216647662486
978,1401,5262,3861,3.7558886509635974,2,26.624857468643103
979,1115,21048,19933,18.87713004484305,0,5.297415431394907
980,1020,21048,20028,20.63529411764706,0,4.846066134549601
981,309,21048,20739,68.11650485436893,0,1.468072976054732
982,314,5262,4948,16.75796178343949,2,5.96731280881794
983,491,1315,824,2.6782077393075356,4,37.338403041825096
984,636,1315,679,2.0676100628930816,4,48.365019011406844
985,2333,10524,8191,4.510930132876125,1,22.16837704294945
986,31,5262,5231,169.74193548387098,2,0.589129608513873
987,608,21048,20440,34.61842105263158,0,2.888635499809958
988,45,5262,5217,116.93333333333334,2,0.8551881413911061
989,621,21048,20427,33.893719806763286,0,2.950399087799316
990,970,5262,4292,5.424742268041237,2,18.434055492208287
991,178,5262,5084,29.56179775280899,2,3.38274420372482
992,1556,10524,8968,6.763496143958869,1,14.785252755606235
993,1245,5262,4017,4.226506024096386,2,23.660205245153936
994,901,21048,20147,23.360710321864595,0,4.280691752185481
995,0,328,328,inf,6,0.0
996,691,5262,4571,7.615050651230101,2,13.131889015583429
997,1662,21048,19386,12.664259927797834,0,7.896237172177879
998,0,2,2,inf,13,0.0
999,1360,5262,3902,3.8691176470588236,2,25.845686050931207
