,BRC Size,SRC Size,SRC Depth,Diff,F/P %,Error %
0,2265,10524,1,8259,4.64635761589404,21.522234891676167
1,1697,21048,0,19351,12.403064230995875,8.06252375522615
2,1753,10524,1,8771,6.00342270393611,16.657164576206764
3,1023,2631,3,1608,2.5718475073313782,38.88255416191562
4,1214,2631,3,1417,2.1672158154859966,46.14215127328013
5,2302,5262,2,2960,2.2858384013900954,43.747624477385024
6,0,5262,2,5262,inf,0.0
7,668,21048,0,20380,31.508982035928145,3.173698213606994
8,20,5262,2,5242,263.1,0.3800836183960471
9,138,5262,2,5124,38.130434782608695,2.6225769669327255
10,1746,5262,2,3516,3.013745704467354,33.181299885974916
11,0,5262,2,5262,inf,0.0
12,2326,10524,1,8198,4.524505588993981,22.101862409730142
13,980,5262,2,4282,5.369387755102041,18.62409730140631
14,2020,10524,1,8504,5.20990099009901,19.19422272900038
15,2786,10524,1,7738,3.7774587221823404,26.47282402128468
16,2209,5262,2,3053,2.38207333635129,41.98023565184341
17,715,21048,0,20333,29.43776223776224,3.396997339414671
18,2164,5262,2,3098,2.431608133086876,41.1250475104523
19,1816,10524,1,8708,5.795154185022026,17.25579627518054
20,0,5262,2,5262,inf,0.0
21,1984,21048,0,19064,10.608870967741936,9.426073736221968
22,592,2631,3,2039,4.444256756756757,22.50095020904599
23,0,5262,2,5262,inf,0.0
24,591,5262,2,4671,8.903553299492385,11.231470923603194
25,976,2631,3,1655,2.6956967213114753,37.0961611554542
26,1273,21048,0,19775,16.53417124901807,6.0480805777271
27,1623,21048,0,19425,12.968576709796674,7.710946408209807
28,0,2,13,2,inf,0.0
29,0,5262,2,5262,inf,0.0
30,1727,5262,2,3535,3.046902142443544,32.820220448498674
31,124,10524,1,10400,84.87096774193549,1.178259217027746
32,25,1315,4,1290,52.6,1.9011406844106464
33,0,5262,2,5262,inf,0.0
34,1885,10524,1,8639,5.583023872679045,17.91144051691372
35,0,41,9,41,inf,0.0
36,1264,5262,2,3998,4.162974683544304,24.021284682630178
37,192,21048,0,20856,109.625,0.9122006841505131
38,57,5262,2,5205,92.3157894736842,1.0832383124287344
39,3292,10524,1,7232,3.1968408262454435,31.28088179399468
40,2438,10524,1,8086,4.316652994257588,23.166096541239074
41,1594,21048,0,19454,13.204516938519449,7.5731660965412395
42,2019,5262,2,3243,2.6062407132243686,38.36944127708096
43,2440,21048,0,18608,8.62622950819672,11.592550361079438
44,1258,10524,1,9266,8.365659777424483,11.953629798555681
45,0,5262,2,5262,inf,0.0
46,398,21048,0,20650,52.88442211055276,1.8909160015203343
47,1605,5262,2,3657,3.278504672897196,30.50171037628278
48,1044,5262,2,4218,5.040229885057471,19.84036488027366
49,340,1315,4,975,3.8676470588235294,25.85551330798479
50,709,21048,0,20339,29.686882933709448,3.3684910680349676
51,1200,5262,2,4062,4.385,22.80501710376283
52,1426,10524,1,9098,7.3800841514726505,13.54998099581908
53,0,5262,2,5262,inf,0.0
54,3148,21048,0,17900,6.686149936467598,14.956290383884454
55,1485,5262,2,3777,3.5434343434343436,28.2212086659065
56,1,5262,2,5261,5262.0,0.019004180919802355
57,869,10524,1,9655,12.110471806674338,8.257316609654124
58,2333,10524,1,8191,4.510930132876125,22.16837704294945
59,0,2,13,2,inf,0.0
60,2638,10524,1,7886,3.989385898407885,25.066514633219306
61,643,5262,2,4619,8.183514774494556,12.219688331432915
62,2108,5262,2,3154,2.4962049335863377,40.060813378943365
63,2222,10524,1,8302,4.736273627362737,21.11364500190042
64,108,5262,2,5154,48.72222222222222,2.0524515393386547
65,0,5262,2,5262,inf,0.0
66,1172,5262,2,4090,4.489761092150171,22.272900038008363
67,338,5262,2,4924,15.568047337278106,6.423413150893197
68,776,21048,0,20272,27.123711340206185,3.686811098441657
69,20,5262,2,5242,263.1,0.3800836183960471
70,1134,2631,3,1497,2.32010582010582,43.10148232611174
71,1116,21048,0,19932,18.86021505376344,5.3021664766248575
72,0,5262,2,5262,inf,0.0
73,1250,5262,2,4012,4.2096,23.755226149752946
74,2829,10524,1,7695,3.7200424178154825,26.88141391106043
75,0,5262,2,5262,inf,0.0
76,0,1316,4,1316,inf,0.0
77,1386,10524,1,9138,7.593073593073593,13.169897377423034
78,969,21048,0,20079,21.721362229102166,4.603762827822121
79,1967,5262,2,3295,2.6751398068124046,37.38122386925124
80,0,1315,4,1315,inf,0.0
81,332,21048,0,20716,63.397590361445786,1.5773470163435956
82,3117,5262,2,2145,1.6881616939364774,59.236031927023944
83,1570,10524,1,8954,6.703184713375796,14.918282022044849
84,0,329,6,329,inf,0.0
85,1770,10524,1,8754,5.945762711864407,16.818700114025084
86,0,5262,2,5262,inf,0.0
87,1276,10524,1,9248,8.247648902821316,12.124667426833904
88,0,5262,2,5262,inf,0.0
89,877,2631,3,1754,3.0,33.33333333333333
90,1788,10524,1,8736,5.885906040268456,16.98973774230331
91,414,1316,4,902,3.178743961352657,31.458966565349545
92,1590,5262,2,3672,3.309433962264151,30.216647662485745
93,914,10524,1,9610,11.514223194748359,8.684910680349676
94,569,21048,0,20479,36.99121265377856,2.703344735841885
95,2110,10524,1,8414,4.987677725118483,20.049410870391487
96,325,21048,0,20723,64.76307692307692,1.5440896997339415
97,1448,21048,0,19600,14.535911602209945,6.879513492968453
98,2828,10524,1,7696,3.721357850070721,26.87191182060053
99,1049,21048,0,19999,20.064823641563393,4.983846446218168
100,2756,10524,1,7768,3.818577648766328,26.187761307487644
101,197,2631,3,2434,13.355329949238579,7.487647282402128
102,1988,10524,1,8536,5.293762575452717,18.890155834283544
103,2699,5262,2,2563,1.949610967024824,51.29228430254656
104,15,5262,2,5247,350.8,0.28506271379703535
105,1305,10524,1,9219,8.064367816091954,12.400228050171037
106,1358,10524,1,9166,7.749631811487482,12.9038388445458
107,2330,10524,1,8194,4.516738197424893,22.139870771569743
108,34,5262,2,5228,154.76470588235293,0.6461421512732801
109,2940,10524,1,7584,3.5795918367346937,27.936145952109463
110,0,329,6,329,inf,0.0
111,2293,21048,0,18755,9.179241168774531,10.8941467122767
112,0,1316,4,1316,inf,0.0
113,0,1315,4,1315,inf,0.0
114,31,329,6,298,10.612903225806452,9.422492401215806
115,158,328,6,170,2.0759493670886076,48.170731707317074
116,0,41,9,41,inf,0.0
117,256,21048,0,20792,82.21875,1.2162675788673507
118,994,5262,2,4268,5.293762575452717,18.890155834283544
119,2040,10524,1,8484,5.158823529411765,19.384264538198405
120,795,1316,4,521,1.6553459119496856,60.410334346504555
121,1708,5262,2,3554,3.0807962529274007,32.459141011022425
122,16,5262,2,5246,328.875,0.3040668947168377
123,1044,21048,0,20004,20.160919540229884,4.960091220068415
124,991,2631,3,1640,2.65489404641776,37.66628658304827
125,641,21048,0,20407,32.83619344773791,3.045419992398328
126,1164,21048,0,19884,18.082474226804123,5.530216647662486
127,1391,5262,2,3871,3.7828900071890725,26.43481565944508
128,0,5262,2,5262,inf,0.0
129,369,21048,0,20679,57.040650406504064,1.7531356898517676
130,0,1316,4,1316,inf,0.0
131,1988,10524,1,8536,5.293762575452717,18.890155834283544
132,911,21048,0,20137,23.104281009879255,4.328202204484987
133,2089,5262,2,3173,2.5189085686931545,39.69973394146712
134,228,21048,0,20820,92.3157894736842,1.0832383124287344
135,1883,21048,0,19165,11.177907594264472,8.94621816799696
136,1161,21048,0,19887,18.129198966408268,5.515963511972634
137,0,5262,2,5262,inf,0.0
138,1777,10524,1,8747,5.9223410241980865,16.885214747244394
139,1089,5262,2,4173,4.8319559228650135,20.695553021664768
140,1050,5262,2,4212,5.011428571428572,19.954389965792473
141,1711,21048,0,19337,12.301578024547048,8.129038388445458
142,1182,21048,0,19866,17.80710659898477,5.615735461801597
143,547,5262,2,4715,9.619744058500913,10.39528696313189
144,1144,5262,2,4118,4.59965034965035,21.740782972253896
145,1307,5262,2,3955,4.02601377199694,24.83846446218168
146,2138,21048,0,18910,9.844714686623012,10.157734701634359
147,3206,10524,1,7318,3.282595134123518,30.46370201444318
148,326,5262,2,4936,16.141104294478527,6.1953629798555685
149,2419,10524,1,8105,4.350558081852005,22.98555682250095
150,3176,10524,1,7348,3.31360201511335,30.178639300646143
151,1699,21048,0,19349,12.38846380223661,8.072025845686051
152,356,5262,2,4906,14.780898876404494,6.76548840744964
153,0,1316,4,1316,inf,0.0
154,828,21048,0,20220,25.420289855072465,3.9338654503990877
155,1293,5262,2,3969,4.069605568445476,24.57240592930445
156,1705,10524,1,8819,6.172434017595308,16.20106423413151
157,411,1315,4,904,3.199513381995134,31.254752851711025
158,1900,10524,1,8624,5.538947368421053,18.053971873812237
159,1827,10524,1,8697,5.760262725779967,17.36031927023945
160,1988,10524,1,8536,5.293762575452717,18.890155834283544
161,0,5262,2,5262,inf,0.0
162,518,21048,0,20530,40.633204633204635,2.461041429114405
163,466,5262,2,4796,11.291845493562231,8.855948308627898
164,882,5262,2,4380,5.965986394557823,16.76168757126568
165,0,1316,4,1316,inf,0.0
166,1927,10524,1,8597,5.461338868707836,18.310528316229572
167,1308,21048,0,19740,16.091743119266056,6.214367160775371
168,1206,10524,1,9318,8.72636815920398,11.45952109464082
169,0,328,6,328,inf,0.0
170,1328,5262,2,3934,3.9623493975903616,25.23755226149753
171,720,10524,1,9804,14.616666666666667,6.841505131128849
172,1166,10524,1,9358,9.025728987993139,11.079437476244774
173,589,5262,2,4673,8.933786078098471,11.193462561763589
174,971,21048,0,20077,21.676622039134912,4.613264918282022
175,1348,5262,2,3914,3.9035608308605343,25.617635879893573
176,1033,21048,0,20015,20.375605033881897,4.907829722538959
177,1004,5262,2,4258,5.241035856573705,19.08019764348157
178,2037,21048,0,19011,10.332842415316643,9.67787913340935
179,3929,10524,1,6595,2.678544158819038,37.33371341695173
180,3180,10524,1,7344,3.309433962264151,30.216647662485745
181,1611,10524,1,8913,6.532588454376164,15.307867730900798
182,358,21048,0,20690,58.79329608938548,1.700874192322311
183,1212,5262,2,4050,4.341584158415841,23.033067274800455
184,461,5262,2,4801,11.414316702819956,8.760927404028887
185,827,2631,3,1804,3.181378476420798,31.4329152413531
186,2322,10524,1,8202,4.532299741602067,22.063854047890537
187,2480,10524,1,8044,4.243548387096774,23.56518434055492
188,722,5262,2,4540,7.28808864265928,13.7210186240973
189,610,5262,2,4652,8.62622950819672,11.592550361079438
190,0,21048,0,21048,inf,0.0
191,778,5262,2,4484,6.763496143958869,14.785252755606235
192,1401,10524,1,9123,7.511777301927195,13.312428734321552
193,909,21048,0,20139,23.155115511551156,4.318700114025085
194,1389,2631,3,1242,1.8941684665226781,52.79361459521095
195,1267,5262,2,3995,4.153117600631413,24.078297225389587
196,1789,21048,0,19259,11.765231973169369,8.499619916381604
197,203,5262,2,5059,25.92118226600985,3.8578487267198787
198,565,21048,0,20483,37.253097345132744,2.684340554922083
199,0,5262,2,5262,inf,0.0
200,2756,10524,1,7768,3.818577648766328,26.187761307487644
201,80,5262,2,5182,65.775,1.5203344735841884
202,1550,2631,3,1081,1.6974193548387098,58.91296085138731
203,1025,5262,2,4237,5.133658536585366,19.479285442797416
204,25,5262,2,5237,210.48,0.4751045229950589
205,0,21048,0,21048,inf,0.0
206,245,21048,0,20803,85.91020408163266,1.1640060813378943
207,367,21048,0,20681,57.35149863760218,1.7436335993918664
208,3014,10524,1,7510,3.491705374917054,28.639300646142154
209,2905,10524,1,7619,3.6227194492254733,27.603572786012926
210,3026,21048,0,18022,6.955717118307997,14.376662865830484
211,7,5262,2,5255,751.7142857142857,0.13302926643861648
212,0,1316,4,1316,inf,0.0
213,1740,10524,1,8784,6.048275862068966,16.53363740022805
214,1303,5262,2,3959,4.038372985418266,24.762447738502473
215,333,5262,2,4929,15.801801801801801,6.328392246294184
216,1542,10524,1,8982,6.824902723735408,14.652223489167618
217,815,2631,3,1816,3.2282208588957055,30.976814899277844
218,0,5262,2,5262,inf,0.0
219,1745,21048,0,19303,12.06189111747851,8.290573926263779
220,2236,5262,2,3026,2.353309481216458,42.49334853667807
221,1683,5262,2,3579,3.126559714795009,31.984036488027368
222,2904,21048,0,18144,7.24793388429752,13.797035347776509
223,311,1316,4,1005,4.231511254019293,23.632218844984802
224,960,21048,0,20088,21.925,4.561003420752566
225,0,5262,2,5262,inf,0.0
226,2423,21048,0,18625,8.686751960379695,11.511782592170277
227,664,21048,0,20384,31.698795180722893,3.1546940326871913
228,0,5262,2,5262,inf,0.0
229,2038,5262,2,3224,2.5819430814524043,38.7305207145572
230,503,1316,4,813,2.6163021868787277,38.22188449848024
231,271,5262,2,4991,19.416974169741696,5.1501330292664385
232,0,5262,2,5262,inf,0.0
233,1218,5262,2,4044,4.320197044334975,23.14709236031927
234,345,2631,3,2286,7.626086956521739,13.112884834663626
235,816,21048,0,20232,25.794117647058822,3.8768529076396807
236,1865,21048,0,19183,11.285790884718498,8.860699353857848
237,635,21048,0,20413,33.14645669291338,3.016913721018624
238,958,21048,0,20090,21.970772442588725,4.551501330292664
239,2014,5262,2,3248,2.612711022840119,38.27442037248195
240,48,5262,2,5214,109.625,0.9122006841505131
241,1524,21048,0,19524,13.811023622047244,7.240592930444698
242,0,5262,2,5262,inf,0.0
243,1471,21048,0,19577,14.308633582596872,6.988787533257317
244,480,21048,0,20568,43.85,2.280501710376283
245,1409,21048,0,19639,14.938254080908445,6.694222729000381
246,863,5262,2,4399,6.097334878331402,16.400608133789436
247,0,1316,4,1316,inf,0.0
248,2303,5262,2,2959,2.284845853234911,43.76662865830483
249,1724,10524,1,8800,6.104408352668213,16.381603952869632
250,347,5262,2,4915,15.164265129682997,6.594450779171418
251,2074,21048,0,18974,10.14850530376085,9.853667806917523
252,370,1315,4,945,3.554054054054054,28.13688212927757
253,834,5262,2,4428,6.309352517985611,15.849486887115166
254,1038,5262,2,4224,5.069364161849711,19.726339794754846
255,1096,2631,3,1535,2.4005474452554743,41.65716457620677
256,183,5262,2,5079,28.75409836065574,3.477765108323831
257,525,5262,2,4737,10.022857142857143,9.977194982896236
258,0,1315,4,1315,inf,0.0
259,429,5262,2,4833,12.265734265734265,8.152793614595211
260,1645,10524,1,8879,6.397568389057751,15.63093880653744
261,0,41,9,41,inf,0.0
262,2612,10524,1,7912,4.029096477794793,24.819460281261875
263,914,5262,2,4348,5.7571115973741795,17.36982136069935
264,706,5262,2,4556,7.453257790368272,13.416951729380463
265,1141,10524,1,9383,9.223488168273445,10.841885214747245
266,0,328,6,328,inf,0.0
267,0,2631,3,2631,inf,0.0
268,648,21048,0,20400,32.48148148148148,3.0786773090079818
269,355,21048,0,20693,59.290140845070425,1.686621056632459
270,0,5262,2,5262,inf,0.0
271,23,5262,2,5239,228.7826086956522,0.4370961611554542
272,1607,21048,0,19441,13.09769757311761,7.634929684530596
273,510,5262,2,4752,10.31764705882353,9.692132269099202
274,630,21048,0,20418,33.40952380952381,2.993158494868871
275,1375,21048,0,19673,15.307636363636364,6.53268719118206
276,231,21048,0,20817,91.11688311688312,1.097491448118586
277,1536,21048,0,19512,13.703125,7.297605473204105
278,1091,5262,2,4171,4.823098075160403,20.73356138350437
279,25,1316,4,1291,52.64,1.8996960486322187
280,0,5262,2,5262,inf,0.0
281,1301,21048,0,19747,16.178324365872406,6.181109844165716
282,241,5262,2,5021,21.83402489626556,4.580007601672368
283,1612,10524,1,8912,6.528535980148884,15.3173698213607
284,3131,5262,2,2131,1.6806132226125838,59.50209045990118
285,926,21048,0,20122,22.73002159827214,4.399467882934246
286,1970,5262,2,3292,2.671065989847716,37.438236412010646
287,95,21048,0,20953,221.55789473684212,0.451349296845306
288,0,1315,4,1315,inf,0.0
289,311,2631,3,2320,8.459807073954984,11.820600532117066
290,1364,21048,0,19684,15.43108504398827,6.480425693652604
291,3369,10524,1,7155,3.123775601068566,32.01254275940707
292,506,5262,2,4756,10.399209486166008,9.616115545419992
293,3268,10524,1,7256,3.2203182374541,31.05283162295705
294,844,21048,0,20204,24.938388625592417,4.009882174078297
295,120,328,6,208,2.7333333333333334,36.58536585365854
296,89,5262,2,5173,59.12359550561798,1.69137210186241
297,1148,21048,0,19900,18.334494773519165,5.454199923983277
298,1471,5262,2,3791,3.577158395649218,27.955150133029267
299,3488,10524,1,7036,3.0172018348623855,33.14329152413531
300,1452,21048,0,19596,14.49586776859504,6.8985176738882545
301,1675,5262,2,3587,3.141492537313433,31.832003040668948
302,1313,5262,2,3949,4.007616146230007,24.952489547700495
303,2540,10524,1,7984,4.143307086614173,24.135309768148993
304,334,21048,0,20714,63.01796407185629,1.586849106803497
305,0,1315,4,1315,inf,0.0
306,2343,10524,1,8181,4.49167733674776,22.263397947548462
307,2571,10524,1,7953,4.093348891481914,24.42987457240593
308,2169,5262,2,3093,2.4260027662517287,41.22006841505131
309,91,21048,0,20957,231.2967032967033,0.4323451159255036
310,856,10524,1,9668,12.294392523364486,8.133789433675409
311,1747,10524,1,8777,6.024041213508872,16.60015203344736
312,0,5262,2,5262,inf,0.0
313,2117,21048,0,18931,9.942371280113369,10.057962751805396
314,0,5262,2,5262,inf,0.0
315,2880,21048,0,18168,7.308333333333334,13.683010262257698
316,857,1315,4,458,1.5344224037339556,65.17110266159696
317,11,21048,0,21037,1913.4545454545455,0.05226149752945648
318,58,1315,4,1257,22.67241379310345,4.410646387832699
319,571,21048,0,20477,36.86164623467601,2.7128468263017864
320,1700,5262,2,3562,3.0952941176470588,32.307107563664005
321,1053,5262,2,4209,4.997150997150997,20.011402508551882
322,673,5262,2,4589,7.818722139673105,12.789813759026986
323,775,21048,0,20273,27.158709677419356,3.682060053211707
324,1616,2631,3,1015,1.6280940594059405,61.42151273280122
325,932,5262,2,4330,5.645922746781116,17.711896617255796
326,56,1315,4,1259,23.482142857142858,4.258555133079848
327,1509,21048,0,19539,13.94831013916501,7.169327251995439
328,1186,21048,0,19862,17.747048903878582,5.6347396427213985
329,361,21048,0,20687,58.30470914127424,1.7151273280121626
330,301,5262,2,4961,17.48172757475083,5.72025845686051
331,0,1315,4,1315,inf,0.0
332,1731,10524,1,8793,6.079722703639515,16.44811858608894
333,1644,21048,0,19404,12.802919708029197,7.810718358038768
334,329,5262,2,4933,15.993920972644377,6.252375522614975
335,938,5262,2,4324,5.609808102345416,17.82592170277461
336,721,21048,0,20327,29.192787794729544,3.4255036107943746
337,779,1315,4,536,1.6880616174582799,59.239543726235745
338,2645,10524,1,7879,3.97882797731569,25.133029266438616
339,1612,21048,0,19436,13.057071960297767,7.65868491068035
340,3714,10524,1,6810,2.8336025848142166,35.29076396807297
341,1379,21048,0,19669,15.263234227701233,6.551691372101863
342,0,1315,4,1315,inf,0.0
343,1321,5262,2,3941,3.98334595003785,25.104522995058915
344,2486,10524,1,8038,4.233306516492357,23.622196883314327
345,342,21048,0,20706,61.54385964912281,1.6248574686431014
346,383,5262,2,4879,13.738903394255875,7.278601292284302
347,494,1315,4,821,2.661943319838057,37.56653992395437
348,3476,10524,1,7048,3.0276179516685846,33.029266438616496
349,0,5262,2,5262,inf,0.0
350,635,21048,0,20413,33.14645669291338,3.016913721018624
351,1215,5262,2,4047,4.330864197530865,23.090079817559864
352,796,21048,0,20252,26.44221105527638,3.7818320030406687
353,1902,5262,2,3360,2.7665615141955837,36.14595210946408
354,1195,5262,2,4067,4.403347280334728,22.709996199163815
355,2005,5262,2,3257,2.624438902743142,38.10338274420372
356,1653,21048,0,19395,12.733212341197822,7.853477765108324
357,77,21048,0,20971,273.35064935064935,0.36583048270619534
358,0,5262,2,5262,inf,0.0
359,1026,21048,0,20022,20.514619883040936,4.874572405929305
360,3439,21048,0,17609,6.12038383250945,16.338844545800075
361,2225,5262,2,3037,2.364943820224719,42.28430254656024
362,2417,10524,1,8107,4.3541580471659085,22.96655264158115
363,265,1315,4,1050,4.962264150943396,20.15209125475285
364,1695,21048,0,19353,12.417699115044249,8.053021664766248
365,2086,21048,0,18962,10.09012464046021,9.910680349676928
366,1078,10524,1,9446,9.762523191094619,10.243253515773471
367,0,5262,2,5262,inf,0.0
368,1510,10524,1,9014,6.96953642384106,14.348156594450778
369,1153,5262,2,4109,4.563746747614918,21.911820600532117
370,3865,21048,0,17183,5.445795601552393,18.362789813759026
371,1079,21048,0,19969,19.506950880444855,5.126377803116686
372,147,5262,2,5115,35.795918367346935,2.793614595210946
373,389,5262,2,4873,13.526992287917738,7.392626377803118
374,1201,10524,1,9323,8.76269775187344,11.412010642341315
375,0,5262,2,5262,inf,0.0
376,928,21048,0,20120,22.68103448275862,4.4089699733941465
377,860,21048,0,20188,24.474418604651163,4.085898897757507
378,692,21048,0,20356,30.416184971098264,3.2877232991258074
379,298,21048,0,20750,70.63087248322148,1.4158114785252756
380,884,5262,2,4378,5.952488687782806,16.799695933105284
381,907,21048,0,20141,23.206174200661522,4.309198023565184
382,1437,5262,2,3825,3.661795407098121,27.309007981755983
383,0,1316,4,1316,inf,0.0
384,1142,10524,1,9382,9.215411558669002,10.851387305207146
385,0,1315,4,1315,inf,0.0
386,0,328,6,328,inf,0.0
387,1340,21048,0,19708,15.707462686567164,6.366400608133789
388,1338,10524,1,9186,7.865470852017937,12.713797035347776
389,903,5262,2,4359,5.827242524916944,17.160775370581526
390,323,10524,1,10201,32.582043343653254,3.0691752185480805
391,0,1316,4,1316,inf,0.0
392,2742,10524,1,7782,3.8380743982494527,26.054732041049032
393,347,1316,4,969,3.792507204610951,26.367781155015198
394,1449,21048,0,19599,14.525879917184264,6.884264538198403
395,1116,5262,2,4146,4.71505376344086,21.20866590649943
396,1322,5262,2,3940,3.9803328290468984,25.123527175978715
397,1601,21048,0,19447,13.146783260462211,7.606423413150893
398,1958,5262,2,3304,2.6874361593462717,37.210186240973016
399,714,21048,0,20334,29.478991596638654,3.3922462941847207
400,1586,21048,0,19462,13.271122320302648,7.5351577347016345
401,168,21048,0,20880,125.28571428571429,0.798175598631699
402,590,1315,4,725,2.2288135593220337,44.866920152091254
403,297,21048,0,20751,70.86868686868686,1.411060433295325
404,1372,5262,2,3890,3.8352769679300294,26.073736221968836
405,1930,5262,2,3332,2.7264248704663214,36.678069175218546
406,2124,10524,1,8400,4.954802259887006,20.182440136830103
407,802,5262,2,4460,6.561097256857855,15.24135309768149
408,1736,5262,2,3526,3.03110599078341,32.991258076776894
409,1687,10524,1,8837,6.238292827504446,16.030026605853287
410,1189,21048,0,19859,17.702270815811605,5.648992778411251
411,754,5262,2,4508,6.978779840848806,14.329152413530977
412,2577,5262,2,2685,2.041909196740396,48.973774230330676
413,1044,5262,2,4218,5.040229885057471,19.84036488027366
414,995,21048,0,20053,21.153768844221105,4.727290003800836
415,1549,5262,2,3713,3.39703034215623,29.43747624477385
416,0,21048,0,21048,inf,0.0
417,1508,2631,3,1123,1.7446949602122015,57.31660965412391
418,0,5262,2,5262,inf,0.0
419,29,5262,2,5233,181.44827586206895,0.5511212466742683
420,445,21048,0,20603,47.29887640449438,2.1142151273280123
421,0,2,13,2,inf,0.0
422,1012,2631,3,1619,2.599802371541502,38.46446218167997
423,0,5262,2,5262,inf,0.0
424,944,2631,3,1687,2.7870762711864407,35.879893576586845
425,823,2631,3,1808,3.1968408262454435,31.28088179399468
426,1543,21048,0,19505,13.64095917044718,7.330862789813759
427,653,10524,1,9871,16.116385911179172,6.204865070315469
428,916,5262,2,4346,5.744541484716157,17.40782972253896
429,3584,10524,1,6940,2.9363839285714284,34.05549220828582
430,0,328,6,328,inf,0.0
431,557,21048,0,20491,37.78815080789946,2.646332193082478
432,1171,10524,1,9353,8.987190435525193,11.12694792854428
433,1720,10524,1,8804,6.118604651162791,16.343595591030027
434,0,5262,2,5262,inf,0.0
435,635,5262,2,4627,8.286614173228346,12.067654884074496
436,136,5262,2,5126,38.69117647058823,2.5845686050931205
437,1267,5262,2,3995,4.153117600631413,24.078297225389587
438,154,5262,2,5108,34.16883116883117,2.9266438616495627
439,2600,5262,2,2662,2.023846153846154,49.41087039148613
440,0,5262,2,5262,inf,0.0
441,1174,21048,0,19874,17.92844974446337,5.577727099961992
442,0,2,13,2,inf,0.0
443,2224,10524,1,8300,4.732014388489208,21.13264918282022
444,911,21048,0,20137,23.104281009879255,4.328202204484987
445,531,5262,2,4731,9.909604519774012,10.091220068415051
446,2103,10524,1,8421,5.004279600570613,19.98289623717218
447,0,5262,2,5262,inf,0.0
448,1360,5262,2,3902,3.8691176470588236,25.845686050931207
449,1210,5262,2,4052,4.3487603305785125,22.99505891296085
450,0,5262,2,5262,inf,0.0
451,2246,21048,0,18802,9.371326803205699,10.670847586469023
452,1715,10524,1,8809,6.136443148688047,16.296085138730522
453,1482,10524,1,9042,7.101214574898785,14.082098061573548
454,308,5262,2,4954,17.084415584415584,5.853287723299125
455,242,2631,3,2389,10.87190082644628,9.198023565184341
456,388,21048,0,20660,54.24742268041237,1.8434055492208286
457,959,2631,3,1672,2.743482794577685,36.45001900418092
458,1409,5262,2,3853,3.7345635202271112,26.776890916001523
459,1277,21048,0,19771,16.482380579483163,6.067084758646903
460,652,5262,2,4610,8.070552147239264,12.390725959711137
461,0,328,6,328,inf,0.0
462,1424,10524,1,9100,7.390449438202247,13.53097681489928
463,82,5262,2,5180,64.17073170731707,1.5583428354237931
464,1278,10524,1,9246,8.234741784037558,12.143671607753706
465,1034,10524,1,9490,10.177949709864604,9.825161535537818
466,0,164,7,164,inf,0.0
467,116,164,7,48,1.4137931034482758,70.73170731707317
468,1986,21048,0,19062,10.598187311178247,9.43557582668187
469,949,21048,0,20099,22.17913593256059,4.508741923223109
470,1623,10524,1,8901,6.484288354898337,15.421892816419614
471,655,1315,4,660,2.0076335877862594,49.80988593155893
472,2351,5262,2,2911,2.238196512122501,44.67882934245534
473,0,5262,2,5262,inf,0.0
474,1418,10524,1,9106,7.421720733427362,13.47396427213987
475,1689,21048,0,19359,12.461811722912966,8.024515393386546
476,1356,5262,2,3906,3.8805309734513274,25.769669327251993
477,2189,21048,0,18859,9.615349474645956,10.40003800836184
478,3423,10524,1,7101,3.074496056091148,32.52565564424174
479,0,5262,2,5262,inf,0.0
480,265,21048,0,20783,79.42641509433962,1.259026985936906
481,435,21048,0,20613,48.38620689655173,2.066704675028506
482,2331,21048,0,18717,9.029601029601029,11.074686431014822
483,2761,10524,1,7763,3.811662441144513,26.235271759787153
484,1537,10524,1,8987,6.847104749512036,14.60471303686811
485,1906,10524,1,8618,5.521511017838405,18.110984416571647
486,608,5262,2,4654,8.654605263157896,11.554541999239833
487,0,5262,2,5262,inf,0.0
488,44,5262,2,5218,119.5909090909091,0.8361839604713037
489,1797,5262,2,3465,2.9282136894824706,34.15051311288483
490,2202,10524,1,8322,4.779291553133515,20.923603192702394
491,1213,21048,0,19835,17.3520197856554,5.763017863930065
492,1163,21048,0,19885,18.098022355975925,5.5254656024325355
493,0,1316,4,1316,inf,0.0
494,677,5262,2,4585,7.772525849335302,12.865830482706194
495,1888,21048,0,19160,11.148305084745763,8.969973394146711
496,2957,21048,0,18091,7.118025025363544,14.048840744963892
497,0,1315,4,1315,inf,0.0
498,1688,5262,2,3574,3.117298578199052,32.079057392626375
499,1643,5262,2,3619,3.2026780279975653,31.22386925123527
500,1214,21048,0,19834,17.337726523887973,5.767768909160016
501,592,21048,0,20456,35.554054054054056,2.8126187761307486
502,0,5262,2,5262,inf,0.0
503,0,5262,2,5262,inf,0.0
504,2110,5262,2,3152,2.4938388625592416,40.098821740782974
505,984,21048,0,20064,21.390243902439025,4.67502850627138
506,1147,5262,2,4115,4.587619877942458,21.797795515013302
507,1607,5262,2,3655,3.2744243932794026,30.539718738122385
508,1174,5262,2,4088,4.482112436115843,22.310908399847968
509,0,2,13,2,inf,0.0
510,195,5262,2,5067,26.984615384615385,3.7058152793614596
511,1159,21048,0,19889,18.160483175150993,5.506461421512733
512,719,21048,0,20329,29.273991655076497,3.416001520334474
513,1348,21048,0,19700,15.614243323442137,6.404408969973393
514,715,21048,0,20333,29.43776223776224,3.396997339414671
515,1084,21048,0,19964,19.416974169741696,5.1501330292664385
516,1349,21048,0,19699,15.602668643439586,6.409160015203345
517,776,21048,0,20272,27.123711340206185,3.686811098441657
518,596,21048,0,20452,35.31543624161074,2.831622957050551
519,0,5262,2,5262,inf,0.0
520,1800,21048,0,19248,11.693333333333333,8.551881413911062
521,1947,10524,1,8577,5.405238828967643,18.500570125427593
522,1575,21048,0,19473,13.363809523809524,7.482896237172178
523,751,21048,0,20297,28.02663115845539,3.5680349676928924
524,1624,10524,1,8900,6.480295566502463,15.431394906879515
525,871,21048,0,20177,24.165327210103328,4.138160395286963
526,619,21048,0,20429,34.003231017770595,2.9408969973394146
527,3172,10524,1,7352,3.317780580075662,30.140630938806538
528,1198,5262,2,4064,4.392320534223706,22.767008741923224
529,26,21048,0,21022,809.5384615384615,0.12352717597871532
530,738,5262,2,4524,7.130081300813008,14.02508551881414
531,107,329,6,222,3.074766355140187,32.52279635258359
532,2591,10524,1,7933,4.061752219220378,24.619916381603954
533,415,5262,2,4847,12.679518072289156,7.886735081717979
534,2713,5262,2,2549,1.939550313306303,51.5583428354238
535,664,2631,3,1967,3.9623493975903616,25.23755226149753
536,526,2631,3,2105,5.001901140684411,19.99239832763208
537,1657,10524,1,8867,6.3512371756185875,15.744963892056251
538,0,1316,4,1316,inf,0.0
539,119,1316,4,1197,11.058823529411764,9.042553191489363
540,25,5262,2,5237,210.48,0.4751045229950589
541,1365,10524,1,9159,7.70989010989011,12.970353477765109
542,1138,21048,0,19910,18.49560632688928,5.40668947168377
543,1166,10524,1,9358,9.025728987993139,11.079437476244774
544,111,5262,2,5151,47.4054054054054,2.1094640820980617
545,1001,10524,1,9523,10.513486513486514,9.51159255036108
546,1939,21048,0,19109,10.855079938112429,9.212276700874192
547,933,5262,2,4329,5.639871382636656,17.730900798175597
548,2276,21048,0,18772,9.24780316344464,10.81337894336754
549,306,5262,2,4956,17.19607843137255,5.815279361459521
550,2209,21048,0,18839,9.52829334540516,10.495058912960852
551,1591,21048,0,19457,13.229415461973602,7.558912960851387
552,0,5262,2,5262,inf,0.0
553,0,5262,2,5262,inf,0.0
554,2031,5262,2,3231,2.5908419497784343,38.59749144811859
555,1193,21048,0,19855,17.642917015926237,5.667996959331053
556,407,1316,4,909,3.2334152334152333,30.927051671732524
557,999,5262,2,4263,5.267267267267267,18.985176738882554
558,1267,10524,1,9257,8.306235201262826,12.039148612694794
559,165,5262,2,5097,31.89090909090909,3.1356898517673892
560,0,1315,4,1315,inf,0.0
561,1575,10524,1,8949,6.681904761904762,14.965792474344356
562,948,21048,0,20100,22.20253164556962,4.503990877993159
563,1186,21048,0,19862,17.747048903878582,5.6347396427213985
564,2852,21048,0,18196,7.3800841514726505,13.54998099581908
565,1152,21048,0,19896,18.270833333333332,5.473204104903079
566,853,5262,2,4409,6.168815943728019,16.21056632459141
567,1217,21048,0,19831,17.294987674609697,5.7820220448498665
568,2105,21048,0,18943,9.999049881235154,10.00095020904599
569,121,21048,0,20927,173.9504132231405,0.5748764728240213
570,0,1316,4,1316,inf,0.0
571,750,5262,2,4512,7.016,14.253135689851767
572,2172,5262,2,3090,2.4226519337016574,41.27708095781072
573,721,21048,0,20327,29.192787794729544,3.4255036107943746
574,3011,5262,2,2251,1.747592162072401,57.2215887495249
575,445,21048,0,20603,47.29887640449438,2.1142151273280123
576,2469,21048,0,18579,8.524908869987849,11.730330672748005
577,2239,10524,1,8285,4.700312639571237,21.27518053971874
578,2258,5262,2,3004,2.330380868024801,42.91144051691372
579,1146,21048,0,19902,18.36649214659686,5.444697833523375
580,0,2,13,2,inf,0.0
581,32,21048,0,21016,657.75,0.15203344735841884
582,1318,10524,1,9206,7.9848254931714715,12.523755226149753
583,1005,21048,0,20043,20.943283582089553,4.774800456100342
584,1817,5262,2,3445,2.895982388552559,34.53059673128088
585,46,328,6,282,7.130434782608695,14.02439024390244
586,2082,21048,0,18966,10.109510086455332,9.891676168757128
587,2769,10524,1,7755,3.800650054171181,26.31128848346636
588,1841,10524,1,8683,5.716458446496469,17.49334853667807
589,2970,10524,1,7554,3.5434343434343436,28.2212086659065
590,1338,21048,0,19710,15.730941704035875,6.356898517673888
591,1052,2631,3,1579,2.5009505703422055,39.98479665526416
592,2507,5262,2,2755,2.098923015556442,47.643481565944505
593,2363,10524,1,8161,4.45366060093102,22.453439756746484
594,0,1316,4,1316,inf,0.0
595,696,10524,1,9828,15.120689655172415,6.61345496009122
596,0,5262,2,5262,inf,0.0
597,1557,5262,2,3705,3.3795761078998074,29.58950969213227
598,419,2631,3,2212,6.279236276849642,15.925503610794376
599,2500,21048,0,18548,8.4192,11.877613074876473
600,2053,21048,0,18995,10.252313687286897,9.75389585708856
601,1625,21048,0,19423,12.952615384615385,7.7204484986697075
602,1447,5262,2,3815,3.6364892881824464,27.49904979095401
603,1386,5262,2,3876,3.7965367965367967,26.339794754846068
604,37,5262,2,5225,142.21621621621622,0.7031546940326872
605,0,5262,2,5262,inf,0.0
606,352,21048,0,20696,59.79545454545455,1.6723679209426074
607,42,5262,2,5220,125.28571428571429,0.798175598631699
608,104,329,6,225,3.1634615384615383,31.61094224924012
609,1766,5262,2,3496,2.9796149490373725,33.56138350437096
610,1066,10524,1,9458,9.872420262664166,10.129228430254656
611,1687,5262,2,3575,3.119146413752223,32.060053211706574
612,12,21048,0,21036,1754.0,0.05701254275940707
613,0,41,9,41,inf,0.0
614,222,21048,0,20826,94.8108108108108,1.0547320410490308
615,3254,21048,0,17794,6.468346650276582,15.459901178259216
616,0,1316,4,1316,inf,0.0
617,1819,10524,1,8705,5.785596481583288,17.284302546560244
618,3064,10524,1,7460,3.4347258485639687,29.114405169137207
619,0,1315,4,1315,inf,0.0
620,1829,10524,1,8695,5.753963914707491,17.379323451159255
621,2456,10524,1,8068,4.285016286644951,23.33713416951729
622,172,1315,4,1143,7.645348837209302,13.079847908745249
623,2275,10524,1,8249,4.625934065934066,21.61725579627518
624,1209,21048,0,19839,17.409429280397024,5.744013683010262
625,609,2631,3,2022,4.320197044334975,23.14709236031927
626,199,21048,0,20849,105.76884422110552,0.9454580007601672
627,767,21048,0,20281,27.441981747066492,3.644051691372102
628,2608,21048,0,18440,8.070552147239264,12.390725959711137
629,0,1315,4,1315,inf,0.0
630,1180,5262,2,4082,4.459322033898305,22.42493348536678
631,536,10524,1,9988,19.634328358208954,5.093120486507032
632,3214,10524,1,7310,3.2744243932794026,30.539718738122385
633,3,21048,0,21045,7016.0,0.014253135689851768
634,1964,10524,1,8560,5.358452138492872,18.662105663245914
635,0,2,13,2,inf,0.0
636,389,5262,2,4873,13.526992287917738,7.392626377803118
637,0,2,13,2,inf,0.0
638,635,5262,2,4627,8.286614173228346,12.067654884074496
639,1564,5262,2,3698,3.364450127877238,29.722538958570887
640,0,1315,4,1315,inf,0.0
641,1611,10524,1,8913,6.532588454376164,15.307867730900798
642,252,21048,0,20796,83.52380952380952,1.1972633979475484
643,1072,2631,3,1559,2.4542910447761193,40.744963892056255
644,41,1315,4,1274,32.073170731707314,3.11787072243346
645,2529,5262,2,2733,2.080664294187426,48.061573546180156
646,1151,5262,2,4111,4.571676802780191,21.873812238692512
647,0,1315,4,1315,inf,0.0
648,0,5262,2,5262,inf,0.0
649,364,1315,4,951,3.6126373626373627,27.680608365019012
650,0,5262,2,5262,inf,0.0
651,0,1316,4,1316,inf,0.0
652,1452,5262,2,3810,3.62396694214876,27.594070695553018
653,0,5262,2,5262,inf,0.0
654,0,1316,4,1316,inf,0.0
655,432,21048,0,20616,48.72222222222222,2.0524515393386547
656,1552,21048,0,19496,13.561855670103093,7.373622196883314
657,655,21048,0,20393,32.13435114503817,3.111934625617636
658,85,21048,0,20963,247.6235294117647,0.4038388445458001
659,1351,21048,0,19697,15.579570688378979,6.4186621056632465
660,328,21048,0,20720,64.17073170731707,1.5583428354237931
661,3220,10524,1,7304,3.2683229813664596,30.596731280881794
662,391,21048,0,20657,53.831202046035806,1.8576586849106804
663,0,1315,4,1315,inf,0.0
664,438,21048,0,20610,48.054794520547944,2.080957810718358
665,1338,21048,0,19710,15.730941704035875,6.356898517673888
666,150,5262,2,5112,35.08,2.8506271379703536
667,242,21048,0,20806,86.97520661157024,1.1497529456480426
668,0,41,9,41,inf,0.0
669,2106,21048,0,18942,9.994301994301994,10.005701254275941
670,2444,5262,2,2818,2.1530278232405893,46.44621816799696
671,804,2631,3,1827,3.2723880597014925,30.558722919042193
672,993,2631,3,1638,2.6495468277945617,37.74230330672748
673,463,2631,3,2168,5.682505399568035,17.597871531736985
674,0,5262,2,5262,inf,0.0
675,0,1316,4,1316,inf,0.0
676,1079,5262,2,4183,4.876737720111214,20.505511212466743
677,813,21048,0,20235,25.88929889298893,3.862599771949829
678,1425,5262,2,3837,3.6926315789473683,27.08095781071836
679,1109,21048,0,19939,18.97926059513075,5.268909160015204
680,1741,10524,1,8783,6.044801838024124,16.543139490687953
681,1184,5262,2,4078,4.444256756756757,22.50095020904599
682,1041,2631,3,1590,2.527377521613833,39.56670467502851
683,930,2631,3,1701,2.829032258064516,35.34777651083238
684,0,5262,2,5262,inf,0.0
685,482,10524,1,10042,21.83402489626556,4.580007601672368
686,0,1315,4,1315,inf,0.0
687,548,21048,0,20500,38.40875912408759,2.603572786012923
688,1359,10524,1,9165,7.743929359823399,12.913340935005701
689,192,21048,0,20856,109.625,0.9122006841505131
690,2309,10524,1,8215,4.557817236899091,21.940326871911818
691,1622,21048,0,19426,12.976572133168927,7.706195362979855
692,1574,10524,1,8950,6.686149936467598,14.956290383884454
693,1767,5262,2,3495,2.9779286926994906,33.580387685290766
694,2030,21048,0,19018,10.368472906403941,9.644621816799697
695,1956,10524,1,8568,5.380368098159509,18.586088939566707
696,780,5262,2,4482,6.746153846153846,14.823261117445838
697,0,5262,2,5262,inf,0.0
698,1211,5262,2,4051,4.345169281585466,23.014063093880655
699,629,2631,3,2002,4.1828298887122415,23.907259597111363
700,1962,5262,2,3300,2.6819571865443423,37.28620296465222
701,813,21048,0,20235,25.88929889298893,3.862599771949829
702,3251,10524,1,7273,3.237157797600738,30.89129608513873
703,639,21048,0,20409,32.93896713615023,3.0359179019384266
704,1154,10524,1,9370,9.119584055459272,10.965412390725959
705,197,21048,0,20851,106.84263959390863,0.935955910300266
706,0,5262,2,5262,inf,0.0
707,1470,5262,2,3792,3.5795918367346937,27.936145952109463
708,1018,2631,3,1613,2.5844793713163066,38.69251235271759
709,0,5262,2,5262,inf,0.0
710,1218,21048,0,19830,17.2807881773399,5.7867730900798175
711,2,5262,2,5260,2631.0,0.03800836183960471
712,1193,2631,3,1438,2.2053646269907796,45.343975674648426
713,545,21048,0,20503,38.62018348623853,2.589319650323071
714,0,329,6,329,inf,0.0
715,1946,21048,0,19102,10.816032887975334,9.245534017483847
716,3186,10524,1,7338,3.303201506591337,30.273660205245157
717,2738,21048,0,18310,7.68736303871439,13.008361839604712
718,0,5262,2,5262,inf,0.0
719,2721,5262,2,2541,1.9338478500551268,51.710376282782214
720,139,5262,2,5123,37.856115107913666,2.6415811478525275
721,0,1316,4,1316,inf,0.0
722,2168,21048,0,18880,9.708487084870848,10.300266058532877
723,1786,10524,1,8738,5.892497200447928,16.970733561383504
724,509,1316,4,807,2.5854616895874263,38.67781155015197
725,0,5262,2,5262,inf,0.0
726,3544,21048,0,17504,5.939051918735892,16.83770429494489
727,6,21048,0,21042,3508.0,0.028506271379703536
728,1270,2631,3,1361,2.0716535433070864,48.270619536297986
729,1589,10524,1,8935,6.623033354310888,15.098821740782972
730,0,5262,2,5262,inf,0.0
731,430,5262,2,4832,12.237209302325581,8.171797795515014
732,0,5262,2,5262,inf,0.0
733,1399,21048,0,19649,15.045032165832737,6.646712276700874
734,0,5262,2,5262,inf,0.0
735,0,328,6,328,inf,0.0
736,979,10524,1,9545,10.749744637385087,9.302546560243254
737,0,5262,2,5262,inf,0.0
738,374,5262,2,4888,14.06951871657754,7.107563664006081
739,0,5262,2,5262,inf,0.0
740,126,21048,0,20922,167.04761904761904,0.5986316989737742
741,1596,21048,0,19452,13.18796992481203,7.58266818700114
742,0,5262,2,5262,inf,0.0
743,281,21048,0,20767,74.90391459074733,1.3350437096161154
744,1378,5262,2,3884,3.818577648766328,26.187761307487644
745,0,10,11,10,inf,0.0
746,1478,10524,1,9046,7.120433017591339,14.044089699733942
747,835,21048,0,20213,25.207185628742515,3.967122767008742
748,23,5262,2,5239,228.7826086956522,0.4370961611554542
749,787,5262,2,4475,6.686149936467598,14.956290383884454
750,712,21048,0,20336,29.56179775280899,3.38274420372482
751,1998,10524,1,8526,5.267267267267267,18.985176738882554
752,1786,2631,3,845,1.473124300111982,67.88293424553402
753,182,5262,2,5080,28.912087912087912,3.458760927404029
754,3686,10524,1,6838,2.855127509495388,35.02470543519574
755,167,5262,2,5095,31.508982035928145,3.173698213606994
756,185,5262,2,5077,28.443243243243245,3.5157734701634356
757,2010,10524,1,8514,5.235820895522388,19.09920182440137
758,519,5262,2,4743,10.138728323699421,9.863169897377423
759,1830,10524,1,8694,5.750819672131148,17.388825541619156
760,2317,10524,1,8207,4.542080276219249,22.01634359559103
761,543,21048,0,20505,38.76243093922652,2.57981755986317
762,3445,21048,0,17603,6.109724238026125,16.36735081717978
763,0,5262,2,5262,inf,0.0
764,1002,21048,0,20046,21.005988023952096,4.76054732041049
765,0,5262,2,5262,inf,0.0
766,910,21048,0,20138,23.12967032967033,4.323451159255036
767,1604,21048,0,19444,13.12219451371571,7.620676548840745
768,1625,10524,1,8899,6.476307692307692,15.440896997339415
769,1294,21048,0,19754,16.26584234930448,6.147852527556062
770,1281,5262,2,3981,4.107728337236534,24.34435575826682
771,1695,21048,0,19353,12.417699115044249,8.053021664766248
772,1640,10524,1,8884,6.417073170731707,15.583428354237933
773,154,5262,2,5108,34.16883116883117,2.9266438616495627
774,0,5262,2,5262,inf,0.0
775,472,1316,4,844,2.788135593220339,35.86626139817629
776,1331,10524,1,9193,7.906836964688204,12.647282402128468
777,0,2,13,2,inf,0.0
778,1069,21048,0,19979,19.689429373246025,5.0788673508171795
779,0,2,13,2,inf,0.0
780,553,5262,2,4709,9.515370705244123,10.509312048650703
781,1111,2631,3,1520,2.3681368136813683,42.22729000380084
782,2342,21048,0,18706,8.987190435525193,11.12694792854428
783,969,2631,3,1662,2.7151702786377707,36.830102622576966
784,1273,5262,2,3989,4.133542812254517,24.1923223109084
785,632,21048,0,20416,33.30379746835443,3.0026605853287722
786,3883,21048,0,17165,5.4205511202678345,18.44830862789814
787,2035,10524,1,8489,5.171498771498771,19.336754085898896
788,295,1316,4,1021,4.461016949152542,22.416413373860184
789,1302,10524,1,9222,8.08294930875576,12.371721778791333
790,1176,10524,1,9348,8.948979591836734,11.174458380843785
791,0,1315,4,1315,inf,0.0
792,520,5262,2,4742,10.11923076923077,9.882174078297226
793,211,5262,2,5051,24.938388625592417,4.009882174078297
794,2690,10524,1,7834,3.9122676579925653,25.56062333713417
795,2007,21048,0,19041,10.48729446935725,9.535347776510832
796,0,657,5,657,inf,0.0
797,3147,10524,1,7377,3.344137273593899,29.903078677309008
798,0,5262,2,5262,inf,0.0
799,959,21048,0,20089,21.94786235662148,4.556252375522615
800,1982,10524,1,8542,5.30978809283552,18.833143291524134
801,505,2631,3,2126,5.20990099009901,19.19422272900038
802,736,21048,0,20312,28.597826086956523,3.4967692892436335
803,1145,5262,2,4117,4.5956331877729255,21.759787153173697
804,3,1315,4,1312,438.3333333333333,0.22813688212927757
805,1497,21048,0,19551,14.060120240480963,7.112314709236032
806,489,21048,0,20559,43.04294478527607,2.3232611174458384
807,3726,10524,1,6798,2.824476650563607,35.40478905359179
808,2015,21048,0,19033,10.445657568238213,9.573356138350437
809,1579,5262,2,3683,3.3324889170360987,30.007601672367922
810,19,21048,0,21029,1107.7894736842106,0.09026985936906119
811,0,5262,2,5262,inf,0.0
812,861,10524,1,9663,12.222996515679442,8.181299885974914
813,0,5262,2,5262,inf,0.0
814,1265,21048,0,19783,16.638735177865613,6.010072215887495
815,552,21048,0,20496,38.130434782608695,2.6225769669327255
816,0,5262,2,5262,inf,0.0
817,46,1316,4,1270,28.608695652173914,3.4954407294832825
818,1346,21048,0,19702,15.63744427934621,6.394906879513493
819,410,21048,0,20638,51.33658536585366,1.9479285442797416
820,1458,10524,1,9066,7.2181069958847734,13.854047890535917
821,1651,21048,0,19397,12.748637189582071,7.843975674648422
822,831,21048,0,20217,25.32851985559567,3.9481185860889396
823,1368,5262,2,3894,3.8464912280701755,25.997719498289623
824,1234,10524,1,9290,8.528363047001621,11.725579627518053
825,1212,5262,2,4050,4.341584158415841,23.033067274800455
826,1711,10524,1,8813,6.150789012273524,16.258076776890917
827,1478,21048,0,19570,14.240866035182679,7.022044849866971
828,397,657,5,260,1.654911838790932,60.4261796042618
829,1870,10524,1,8654,5.627807486631016,17.768909160015202
830,0,1316,4,1316,inf,0.0
831,1263,5262,2,3999,4.166270783847981,24.002280501710377
832,1048,21048,0,20000,20.083969465648856,4.979095400988218
833,1976,21048,0,19072,10.651821862348179,9.388065374382364
834,386,21048,0,20662,54.52849740932643,1.8339034587609275
835,1512,5262,2,3750,3.4801587301587302,28.734321550741164
836,3666,21048,0,17382,5.741407528641571,17.41733181299886
837,1222,2631,3,1409,2.1530278232405893,46.44621816799696
838,195,21048,0,20853,107.93846153846154,0.9264538198403649
839,799,21048,0,20249,26.342928660826033,3.7960851387305206
840,0,5262,2,5262,inf,0.0
841,802,10524,1,9722,13.12219451371571,7.620676548840745
842,1046,10524,1,9478,10.061185468451242,9.939186621056633
843,0,5262,2,5262,inf,0.0
844,0,5262,2,5262,inf,0.0
845,0,5262,2,5262,inf,0.0
846,1507,21048,0,19541,13.966821499668216,7.159825161535538
847,1364,5262,2,3898,3.8577712609970676,25.921702774610416
848,1205,10524,1,9319,8.733609958506223,11.45001900418092
849,188,21048,0,20860,111.95744680851064,0.8931965032307109
850,0,5262,2,5262,inf,0.0
851,1099,2631,3,1532,2.393994540491356,41.77118966172558
852,364,21048,0,20684,57.824175824175825,1.7293804637020145
853,1367,5262,2,3895,3.8493050475493784,25.978715317369822
854,1819,10524,1,8705,5.785596481583288,17.284302546560244
855,1154,21048,0,19894,18.239168110918545,5.482706195362979
856,2,5262,2,5260,2631.0,0.03800836183960471
857,1951,10524,1,8573,5.394156842644797,18.5385784872672
858,0,1316,4,1316,inf,0.0
859,1063,21048,0,19985,19.800564440263404,5.050361079437477
860,2840,10524,1,7684,3.7056338028169016,26.985936906119345
861,1990,5262,2,3272,2.644221105527638,37.81832003040669
862,1068,2631,3,1563,2.4634831460674156,40.592930444697835
863,0,328,6,328,inf,0.0
864,1485,21048,0,19563,14.173737373737374,7.055302166476625
865,1677,10524,1,8847,6.275491949910554,15.935005701254276
866,2656,10524,1,7868,3.9623493975903616,25.23755226149753
867,0,21048,0,21048,inf,0.0
868,895,5262,2,4367,5.879329608938548,17.00874192322311
869,0,5262,2,5262,inf,0.0
870,0,1316,4,1316,inf,0.0
871,2108,10524,1,8416,4.992409867172675,20.030406689471683
872,1344,21048,0,19704,15.660714285714286,6.385404789053592
873,1146,5262,2,4116,4.591623036649215,21.7787913340935
874,1550,10524,1,8974,6.789677419354839,14.728240212846828
875,0,5262,2,5262,inf,0.0
876,883,21048,0,20165,23.83691959229898,4.19517293804637
877,1362,21048,0,19686,15.45374449339207,6.470923603192702
878,1418,5262,2,3844,3.710860366713681,26.94792854427974
879,1937,10524,1,8587,5.433144037170883,18.405549220828583
880,0,2,13,2,inf,0.0
881,0,5262,2,5262,inf,0.0
882,1685,10524,1,8839,6.2456973293768545,16.011022424933486
883,1073,21048,0,19975,19.616029822926375,5.097871531736982
884,94,21048,0,20954,223.91489361702128,0.44659825161535543
885,0,5262,2,5262,inf,0.0
886,0,329,6,329,inf,0.0
887,300,5262,2,4962,17.54,5.701254275940707
888,1723,5262,2,3539,3.0539756239117817,32.74420372481946
889,979,5262,2,4283,5.374872318692543,18.605093120486508
890,794,10524,1,9730,13.2544080604534,7.544659825161536
891,3138,5262,2,2124,1.6768642447418738,59.635119726339795
892,2184,10524,1,8340,4.818681318681318,20.752565564424174
893,1730,10524,1,8794,6.083236994219654,16.438616495629038
894,0,5262,2,5262,inf,0.0
895,0,1315,4,1315,inf,0.0
896,1573,5262,2,3689,3.3452002542911634,29.893576586849107
897,1060,5262,2,4202,4.964150943396226,20.144431774990498
898,364,5262,2,4898,14.456043956043956,6.917521854808058
899,1583,5262,2,3679,3.32406822488945,30.08361839604713
900,2688,10524,1,7836,3.9151785714285716,25.541619156214367
901,189,1315,4,1126,6.957671957671957,14.372623574144486
902,373,5262,2,4889,14.107238605898123,7.0885594830862795
903,0,5262,2,5262,inf,0.0
904,0,1316,4,1316,inf,0.0
905,110,21048,0,20938,191.34545454545454,0.5226149752945648
906,1195,10524,1,9329,8.806694560669456,11.354998099581907
907,890,21048,0,20158,23.64943820224719,4.228430254656025
908,1594,5262,2,3668,3.301129234629862,30.292664386164958
909,787,21048,0,20261,26.744599745870392,3.7390725959711135
910,1891,21048,0,19157,11.130618720253834,8.984226529836564
911,10,2631,3,2621,263.1,0.3800836183960471
912,583,21048,0,20465,36.102915951972555,2.7698593690611935
913,0,21048,0,21048,inf,0.0
914,594,1316,4,722,2.2154882154882154,45.13677811550152
915,1152,21048,0,19896,18.270833333333332,5.473204104903079
916,574,5262,2,4688,9.167247386759582,10.908399847966553
917,1521,21048,0,19527,13.838264299802761,7.226339794754846
918,97,21048,0,20951,216.98969072164948,0.46085138730520714
919,1560,10524,1,8964,6.746153846153846,14.823261117445838
920,1362,21048,0,19686,15.45374449339207,6.470923603192702
921,211,1315,4,1104,6.232227488151659,16.045627376425855
922,2124,10524,1,8400,4.954802259887006,20.182440136830103
923,30,5262,2,5232,175.4,0.5701254275940707
924,1648,21048,0,19400,12.771844660194175,7.8297225389585705
925,1018,10524,1,9506,10.337917485265226,9.673128088179398
926,1959,10524,1,8565,5.372128637059724,18.61459521094641
927,533,21048,0,20515,39.489681050656664,2.532307107563664
928,1274,21048,0,19774,16.521193092621665,6.052831622957051
929,1118,5262,2,4144,4.706618962432916,21.246674268339035
930,0,1315,4,1315,inf,0.0
931,1457,5262,2,3805,3.6115305422100206,27.689091600152032
932,1780,10524,1,8744,5.912359550561797,16.9137210186241
933,1935,21048,0,19113,10.877519379844962,9.193272519954391
934,457,2631,3,2174,5.7571115973741795,17.36982136069935
935,1205,21048,0,19843,17.467219917012446,5.72500950209046
936,186,21048,0,20862,113.16129032258064,0.8836944127708095
937,0,1316,4,1316,inf,0.0
938,672,21048,0,20376,31.321428571428573,3.192702394526796
939,1821,10524,1,8703,5.779242174629324,17.303306727480045
940,1482,5262,2,3780,3.5506072874493926,28.164196123147097
941,0,1315,4,1315,inf,0.0
942,1485,21048,0,19563,14.173737373737374,7.055302166476625
943,58,5262,2,5204,90.72413793103448,1.1022424933485366
944,1924,10524,1,8600,5.46985446985447,18.282022044849867
945,2832,21048,0,18216,7.432203389830509,13.45496009122007
946,380,21048,0,20668,55.38947368421053,1.805397187381224
947,1,21048,0,21047,21048.0,0.004751045229950589
948,963,21048,0,20085,21.856697819314643,4.575256556442418
949,0,1316,4,1316,inf,0.0
950,728,21048,0,20320,28.912087912087912,3.458760927404029
951,1715,10524,1,8809,6.136443148688047,16.296085138730522
952,726,5262,2,4536,7.24793388429752,13.797035347776509
953,2192,21048,0,18856,9.602189781021897,10.414291144051692
954,223,5262,2,5039,23.59641255605381,4.237932345115925
955,531,5262,2,4731,9.909604519774012,10.091220068415051
956,819,21048,0,20229,25.6996336996337,3.8911060433295326
957,666,5262,2,4596,7.900900900900901,12.656784492588368
958,0,10,11,10,inf,0.0
959,1456,2631,3,1175,1.8070054945054945,55.34017483846446
960,126,1315,4,1189,10.436507936507937,9.581749049429659
961,0,5262,2,5262,inf,0.0
962,1690,21048,0,19358,12.454437869822485,8.029266438616496
963,1690,10524,1,8834,6.227218934911242,16.05853287723299
964,706,10524,1,9818,14.906515580736544,6.708475864690231
965,1204,21048,0,19844,17.48172757475083,5.72025845686051
966,1174,21048,0,19874,17.92844974446337,5.577727099961992
967,1410,21048,0,19638,14.927659574468086,6.698973774230331
968,93,2631,3,2538,28.29032258064516,3.534777651083238
969,1290,10524,1,9234,8.158139534883722,12.25769669327252
970,1756,5262,2,3506,2.996583143507973,33.37134169517294
971,1853,21048,0,19195,11.358877495952509,8.803686811098443
972,1507,10524,1,9017,6.983410749834108,14.319650323071077
973,33,21048,0,21015,637.8181818181819,0.15678449258836943
974,1793,10524,1,8731,5.8694924707194644,17.037248194602814
975,1551,21048,0,19497,13.570599613152805,7.368871151653364
976,3383,10524,1,7141,3.1108483594442804,32.14557202584569
977,933,21048,0,20115,22.559485530546624,4.432725199543899
978,42,1316,4,1274,31.333333333333332,3.1914893617021276
979,0,21048,0,21048,inf,0.0
980,1940,10524,1,8584,5.424742268041237,18.434055492208287
981,1687,5262,2,3575,3.119146413752223,32.060053211706574
982,200,21048,0,20848,105.24,0.9502090459901178
983,2074,5262,2,3188,2.5371263259402124,39.41467122767009
984,9,21048,0,21039,2338.6666666666665,0.042759407069555305
985,1338,5262,2,3924,3.9327354260089686,25.42759407069555
986,175,1315,4,1140,7.514285714285714,13.307984790874524
987,847,21048,0,20201,24.850059031877215,4.024135309768149
988,1390,21048,0,19658,15.142446043165467,6.603952869631319
989,1286,5262,2,3976,4.091757387247278,24.43937666286583
990,72,328,6,256,4.555555555555555,21.951219512195124
991,813,5262,2,4449,6.472324723247232,15.450399087799315
992,1721,5262,2,3541,3.0575246949447994,32.706195362979855
993,645,5262,2,4617,8.158139534883722,12.25769669327252
994,29,5262,2,5233,181.44827586206895,0.5511212466742683
995,668,21048,0,20380,31.508982035928145,3.173698213606994
996,2959,21048,0,18089,7.113213923622846,14.058342835423792
997,2096,5262,2,3166,2.510496183206107,39.83276320790574
998,736,10524,1,9788,14.298913043478262,6.993538578487267
999,25,21048,0,21023,841.92,0.11877613074876472
