SRC_middle Query: Small,Depth,# Hops,BBoxes,Data Size
"[210096, 405503, 256711, 219328]",1,1,"[69337, 9783, 474275, 219328]",309
"[228617, 29342, 275232, 75957]",1,1,"[69337, 9783, 474275, 219328]",309
"[143863, 276172, 190478, 219328]",1,1,"[69337, 9783, 474275, 219328]",309
"[262883, 220419, 309498, 219328]",1,1,"[69337, 9783, 474275, 219328]",309
"[419053, 167140, 465668, 213755]",1,1,"[69337, 9783, 474275, 219328]",309
"[257991, 195837, 304606, 219328]",1,1,"[69337, 9783, 474275, 219328]",309
"[313977, 122643, 360592, 169258]",1,1,"[69337, 9783, 474275, 219328]",309
"[272718, 81136, 319333, 127751]",1,1,"[69337, 9783, 474275, 219328]",309
"[155881, 81384, 202496, 127999]",1,1,"[69337, 9783, 474275, 219328]",309
"[404376, 57835, 450991, 104450]",1,1,"[69337, 9783, 474275, 219328]",309
"[332320, 427234, 378935, 219328]",1,1,"[69337, 9783, 474275, 219328]",309
"[139454, 287333, 186069, 219328]",1,1,"[69337, 9783, 474275, 219328]",309
"[377830, 323687, 424445, 219328]",1,1,"[69337, 9783, 474275, 219328]",309
"[85167, 170723, 131782, 217338]",1,1,"[69337, 9783, 474275, 219328]",309
"[59897, 390759, 106512, 219328]",1,1,"[42574, 9783, 114520, 219328]",308
"[46779, 366721, 93394, 219328]",1,1,"[42574, 9783, 114520, 219328]",308
"[181235, 255655, 227850, 219328]",1,1,"[69337, 9783, 474275, 219328]",309
"[301620, 60913, 348235, 107528]",1,1,"[69337, 9783, 474275, 219328]",309
"[193605, 235748, 240220, 219328]",1,1,"[69337, 9783, 474275, 219328]",309
"[173895, 328397, 220510, 219328]",1,1,"[69337, 9783, 474275, 219328]",309
"[343883, 115322, 390498, 161937]",1,1,"[69337, 9783, 474275, 219328]",309
"[297798, 258207, 344413, 219328]",1,1,"[69337, 9783, 474275, 219328]",309
"[240215, 281456, 286830, 219328]",1,1,"[69337, 9783, 474275, 219328]",309
"[144689, 40769, 191304, 87384]",1,1,"[69337, 9783, 474275, 219328]",309
"[295793, 15478, 342408, 62093]",1,1,"[69337, 9783, 474275, 219328]",309
"[57018, 385449, 103633, 219328]",1,1,"[42574, 9783, 114520, 219328]",308
"[217215, 380494, 263830, 219328]",1,1,"[69337, 9783, 474275, 219328]",309
"[419708, 358421, 466323, 219328]",1,1,"[69337, 9783, 474275, 219328]",309
"[335936, 9783, 382551, 55331]",1,1,"[69337, 9783, 474275, 219328]",309
"[328927, 266893, 375542, 219328]",1,1,"[69337, 9783, 474275, 219328]",309
"[182775, 135996, 229390, 182611]",1,1,"[69337, 9783, 474275, 219328]",309
"[390993, 178617, 437608, 219328]",1,1,"[69337, 9783, 474275, 219328]",309
"[377028, 41138, 423643, 87753]",1,1,"[69337, 9783, 474275, 219328]",309
"[108291, 305656, 154906, 219328]",1,1,"[69337, 9783, 474275, 219328]",309
"[124353, 133220, 170968, 179835]",1,1,"[69337, 9783, 474275, 219328]",309
"[82825, 292800, 129440, 219328]",1,1,"[69337, 9783, 474275, 219328]",309
"[242982, 55940, 289597, 102555]",1,1,"[69337, 9783, 474275, 219328]",309
"[50293, 175917, 96908, 219328]",1,1,"[42574, 9783, 114520, 219328]",308
"[274424, 264644, 321039, 219328]",1,1,"[69337, 9783, 474275, 219328]",309
"[65294, 166161, 111909, 212776]",1,1,"[42574, 9783, 114520, 219328]",308
"[297139, 160732, 343754, 207347]",1,1,"[69337, 9783, 474275, 219328]",309
"[378558, 73553, 425173, 120168]",1,1,"[69337, 9783, 474275, 219328]",309
"[295133, 182574, 341748, 219328]",1,1,"[69337, 9783, 474275, 219328]",309
"[291381, 114653, 337996, 161268]",1,1,"[69337, 9783, 474275, 219328]",309
"[427247, 324359, 473862, 219328]",1,1,"[69337, 9783, 474275, 219328]",309
"[295023, 316197, 341638, 219328]",1,1,"[69337, 9783, 474275, 219328]",309
"[158932, 241419, 205547, 219328]",1,1,"[69337, 9783, 474275, 219328]",309
"[56158, 320743, 102773, 219328]",1,1,"[42574, 9783, 114520, 219328]",308
"[426464, 209916, 473079, 219328]",1,1,"[69337, 9783, 474275, 219328]",309
"[174340, 309923, 220955, 219328]",1,1,"[69337, 9783, 474275, 219328]",309
"[135050, 160333, 181665, 206948]",1,1,"[69337, 9783, 474275, 219328]",309
"[104517, 107412, 151132, 154027]",1,1,"[69337, 9783, 474275, 219328]",309
"[106017, 25404, 152632, 72019]",1,1,"[69337, 9783, 474275, 219328]",309
"[329386, 352395, 376001, 219328]",1,1,"[69337, 9783, 474275, 219328]",309
"[144461, 257956, 191076, 219328]",1,1,"[69337, 9783, 474275, 219328]",309
"[44337, 55210, 90952, 101825]",1,1,"[42574, 9783, 114520, 219328]",308
"[363963, 405319, 410578, 219328]",1,1,"[69337, 9783, 474275, 219328]",309
"[76392, 86524, 123007, 133139]",1,1,"[69337, 9783, 474275, 219328]",309
"[28376, 50190, 74991, 96805]",0,0,"[8117, 9783, 474275, 219328]",617
"[374763, 291547, 421378, 219328]",1,1,"[69337, 9783, 474275, 219328]",309
"[366467, 213268, 413082, 219328]",1,1,"[69337, 9783, 474275, 219328]",309
"[377888, 283144, 424503, 219328]",1,1,"[69337, 9783, 474275, 219328]",309
"[152628, 281685, 199243, 219328]",1,1,"[69337, 9783, 474275, 219328]",309
"[131587, 120944, 178202, 167559]",1,1,"[69337, 9783, 474275, 219328]",309
"[364357, 317342, 410972, 219328]",1,1,"[69337, 9783, 474275, 219328]",309
"[228015, 312044, 274630, 219328]",1,1,"[69337, 9783, 474275, 219328]",309
"[152406, 244341, 199021, 219328]",1,1,"[69337, 9783, 474275, 219328]",309
"[266410, 354275, 313025, 219328]",1,1,"[69337, 9783, 474275, 219328]",309
"[344288, 375236, 390903, 219328]",1,1,"[69337, 9783, 474275, 219328]",309
"[424047, 195480, 470662, 219328]",1,1,"[69337, 9783, 474275, 219328]",309
"[51304, 178156, 97919, 219328]",1,1,"[42574, 9783, 114520, 219328]",308
"[329391, 68593, 376006, 115208]",1,1,"[69337, 9783, 474275, 219328]",309
"[263153, 315913, 309768, 219328]",1,1,"[69337, 9783, 474275, 219328]",309
"[338495, 183895, 385110, 219328]",1,1,"[69337, 9783, 474275, 219328]",309
"[107930, 135537, 154545, 182152]",1,1,"[69337, 9783, 474275, 219328]",309
"[16615, 391628, 63230, 219328]",1,1,"[8117, 9783, 69337, 219328]",308
"[150218, 69529, 196833, 116144]",1,1,"[69337, 9783, 474275, 219328]",309
"[377914, 123701, 424529, 170316]",1,1,"[69337, 9783, 474275, 219328]",309
"[203183, 424707, 249798, 219328]",1,1,"[69337, 9783, 474275, 219328]",309
"[97498, 182461, 144113, 219328]",1,1,"[69337, 9783, 474275, 219328]",309
"[231532, 40723, 278147, 87338]",1,1,"[69337, 9783, 474275, 219328]",309
"[60864, 418696, 107479, 219328]",1,1,"[42574, 9783, 114520, 219328]",308
"[84850, 373897, 131465, 219328]",1,1,"[69337, 9783, 474275, 219328]",309
"[122817, 31832, 169432, 78447]",1,1,"[69337, 9783, 474275, 219328]",309
"[308988, 340623, 355603, 219328]",1,1,"[69337, 9783, 474275, 219328]",309
"[288190, 323827, 334805, 219328]",1,1,"[69337, 9783, 474275, 219328]",309
"[364941, 46912, 411556, 93527]",1,1,"[69337, 9783, 474275, 219328]",309
"[22113, 73361, 68728, 119976]",1,1,"[8117, 9783, 69337, 219328]",308
"[341039, 106956, 387654, 153571]",1,1,"[69337, 9783, 474275, 219328]",309
"[326012, 310082, 372627, 219328]",1,1,"[69337, 9783, 474275, 219328]",309
"[70871, 213223, 117486, 219328]",1,1,"[69337, 9783, 474275, 219328]",309
"[56106, 202176, 102721, 219328]",1,1,"[42574, 9783, 114520, 219328]",308
"[68958, 27196, 115573, 73811]",0,0,"[8117, 9783, 474275, 219328]",617
"[325575, 19460, 372190, 66075]",1,1,"[69337, 9783, 474275, 219328]",309
"[110138, 105095, 156753, 151710]",1,1,"[69337, 9783, 474275, 219328]",309
"[384615, 73073, 431230, 119688]",1,1,"[69337, 9783, 474275, 219328]",309
"[259373, 118519, 305988, 165134]",1,1,"[69337, 9783, 474275, 219328]",309
"[389355, 40143, 435970, 86758]",1,1,"[69337, 9783, 474275, 219328]",309
"[364290, 20061, 410905, 66676]",1,1,"[69337, 9783, 474275, 219328]",309
"[293453, 231263, 340068, 219328]",1,1,"[69337, 9783, 474275, 219328]",309
"[333490, 61332, 380105, 107947]",1,1,"[69337, 9783, 474275, 219328]",309
"[144389, 44819, 191004, 91434]",1,1,"[69337, 9783, 474275, 219328]",309
"[123895, 45850, 170510, 92465]",1,1,"[69337, 9783, 474275, 219328]",309
"[347292, 165959, 393907, 212574]",1,1,"[69337, 9783, 474275, 219328]",309
"[191771, 236742, 238386, 219328]",1,1,"[69337, 9783, 474275, 219328]",309
"[102655, 40120, 149270, 86735]",1,1,"[69337, 9783, 474275, 219328]",309
"[272167, 253028, 318782, 219328]",1,1,"[69337, 9783, 474275, 219328]",309
"[28762, 320846, 75377, 219328]",0,0,"[8117, 9783, 474275, 219328]",617
"[61028, 374763, 107643, 219328]",1,1,"[42574, 9783, 114520, 219328]",308
"[213258, 112636, 259873, 159251]",1,1,"[69337, 9783, 474275, 219328]",309
"[144501, 196103, 191116, 219328]",1,1,"[69337, 9783, 474275, 219328]",309
"[391685, 254645, 438300, 219328]",1,1,"[69337, 9783, 474275, 219328]",309
"[306839, 96944, 353454, 143559]",1,1,"[69337, 9783, 474275, 219328]",309
"[373911, 360774, 420526, 219328]",1,1,"[69337, 9783, 474275, 219328]",309
"[114764, 410428, 161379, 219328]",1,1,"[69337, 9783, 474275, 219328]",309
"[38552, 421595, 85167, 219328]",0,0,"[8117, 9783, 474275, 219328]",617
"[362641, 91063, 409256, 137678]",1,1,"[69337, 9783, 474275, 219328]",309
"[93027, 187587, 139642, 219328]",1,1,"[69337, 9783, 474275, 219328]",309
"[285713, 139549, 332328, 186164]",1,1,"[69337, 9783, 474275, 219328]",309
"[69570, 321007, 116185, 219328]",1,1,"[69337, 9783, 474275, 219328]",309
"[240016, 357086, 286631, 219328]",1,1,"[69337, 9783, 474275, 219328]",309
"[99772, 15039, 146387, 61654]",1,1,"[69337, 9783, 474275, 219328]",309
"[255384, 365304, 301999, 219328]",1,1,"[69337, 9783, 474275, 219328]",309
"[223025, 306495, 269640, 219328]",1,1,"[69337, 9783, 474275, 219328]",309
"[274769, 171404, 321384, 218019]",1,1,"[69337, 9783, 474275, 219328]",309
"[348345, 195367, 394960, 219328]",1,1,"[69337, 9783, 474275, 219328]",309
"[211877, 352897, 258492, 219328]",1,1,"[69337, 9783, 474275, 219328]",309
"[139677, 88549, 186292, 135164]",1,1,"[69337, 9783, 474275, 219328]",309
"[302032, 370307, 348647, 219328]",1,1,"[69337, 9783, 474275, 219328]",309
"[14637, 248216, 61252, 219328]",1,1,"[8117, 9783, 69337, 219328]",308
"[396915, 49574, 443530, 96189]",1,1,"[69337, 9783, 474275, 219328]",309
"[184234, 395574, 230849, 219328]",1,1,"[69337, 9783, 474275, 219328]",309
"[32075, 293497, 78690, 219328]",0,0,"[8117, 9783, 474275, 219328]",617
"[155380, 78810, 201995, 125425]",1,1,"[69337, 9783, 474275, 219328]",309
"[134014, 407711, 180629, 219328]",1,1,"[69337, 9783, 474275, 219328]",309
"[260733, 192784, 307348, 219328]",1,1,"[69337, 9783, 474275, 219328]",309
"[328003, 159047, 374618, 205662]",1,1,"[69337, 9783, 474275, 219328]",309
"[361174, 196441, 407789, 219328]",1,1,"[69337, 9783, 474275, 219328]",309
"[317592, 340383, 364207, 219328]",1,1,"[69337, 9783, 474275, 219328]",309
"[333740, 77503, 380355, 124118]",1,1,"[69337, 9783, 474275, 219328]",309
"[383307, 170802, 429922, 217417]",1,1,"[69337, 9783, 474275, 219328]",309
"[211549, 400539, 258164, 219328]",1,1,"[69337, 9783, 474275, 219328]",309
"[225391, 349340, 272006, 219328]",1,1,"[69337, 9783, 474275, 219328]",309
"[50439, 9783, 97054, 55531]",1,1,"[42574, 9783, 114520, 219328]",308
"[319846, 108942, 366461, 155557]",1,1,"[69337, 9783, 474275, 219328]",309
"[374375, 183439, 420990, 219328]",1,1,"[69337, 9783, 474275, 219328]",309
"[92044, 133639, 138659, 180254]",1,1,"[69337, 9783, 474275, 219328]",309
"[125084, 342297, 171699, 219328]",1,1,"[69337, 9783, 474275, 219328]",309
"[243068, 206637, 289683, 219328]",1,1,"[69337, 9783, 474275, 219328]",309
"[380544, 361369, 427159, 219328]",1,1,"[69337, 9783, 474275, 219328]",309
"[305991, 225385, 352606, 219328]",1,1,"[69337, 9783, 474275, 219328]",309
"[24655, 219020, 71270, 219328]",0,0,"[8117, 9783, 474275, 219328]",617
"[376077, 305635, 422692, 219328]",1,1,"[69337, 9783, 474275, 219328]",309
"[227388, 412964, 274003, 219328]",1,1,"[69337, 9783, 474275, 219328]",309
"[355298, 379840, 401913, 219328]",1,1,"[69337, 9783, 474275, 219328]",309
"[32643, 94978, 79258, 141593]",0,0,"[8117, 9783, 474275, 219328]",617
"[241609, 41611, 288224, 88226]",1,1,"[69337, 9783, 474275, 219328]",309
"[144026, 375913, 190641, 219328]",1,1,"[69337, 9783, 474275, 219328]",309
"[90790, 242140, 137405, 219328]",1,1,"[69337, 9783, 474275, 219328]",309
"[284717, 263584, 331332, 219328]",1,1,"[69337, 9783, 474275, 219328]",309
"[302454, 324775, 349069, 219328]",1,1,"[69337, 9783, 474275, 219328]",309
"[404208, 9783, 450823, 54768]",1,1,"[69337, 9783, 474275, 219328]",309
"[28517, 267420, 75132, 219328]",0,0,"[8117, 9783, 474275, 219328]",617
"[179005, 171725, 225620, 218340]",1,1,"[69337, 9783, 474275, 219328]",309
"[252902, 34256, 299517, 80871]",1,1,"[69337, 9783, 474275, 219328]",309
"[225768, 106683, 272383, 153298]",1,1,"[69337, 9783, 474275, 219328]",309
"[295721, 340037, 342336, 219328]",1,1,"[69337, 9783, 474275, 219328]",309
"[51877, 388516, 98492, 219328]",1,1,"[42574, 9783, 114520, 219328]",308
"[76547, 15839, 123162, 62454]",1,1,"[69337, 9783, 474275, 219328]",309
"[218784, 363854, 265399, 219328]",1,1,"[69337, 9783, 474275, 219328]",309
"[226999, 173884, 273614, 219328]",1,1,"[69337, 9783, 474275, 219328]",309
"[9895, 120065, 56510, 166680]",1,1,"[8117, 9783, 69337, 219328]",308
"[15609, 384201, 62224, 219328]",1,1,"[8117, 9783, 69337, 219328]",308
"[403825, 9783, 450440, 55968]",1,1,"[69337, 9783, 474275, 219328]",309
"[362410, 285122, 409025, 219328]",1,1,"[69337, 9783, 474275, 219328]",309
"[329013, 59384, 375628, 105999]",1,1,"[69337, 9783, 474275, 219328]",309
"[107972, 70456, 154587, 117071]",1,1,"[69337, 9783, 474275, 219328]",309
"[327072, 348519, 373687, 219328]",1,1,"[69337, 9783, 474275, 219328]",309
"[112196, 166670, 158811, 213285]",1,1,"[69337, 9783, 474275, 219328]",309
"[154908, 369110, 201523, 219328]",1,1,"[69337, 9783, 474275, 219328]",309
"[103653, 60640, 150268, 107255]",1,1,"[69337, 9783, 474275, 219328]",309
"[257471, 216100, 304086, 219328]",1,1,"[69337, 9783, 474275, 219328]",309
"[337180, 50765, 383795, 97380]",1,1,"[69337, 9783, 474275, 219328]",309
"[19570, 152146, 66185, 198761]",1,1,"[8117, 9783, 69337, 219328]",308
"[245608, 427455, 292223, 219328]",1,1,"[69337, 9783, 474275, 219328]",309
"[423532, 68818, 470147, 115433]",1,1,"[69337, 9783, 474275, 219328]",309
"[142590, 78067, 189205, 124682]",1,1,"[69337, 9783, 474275, 219328]",309
"[350774, 281200, 397389, 219328]",1,1,"[69337, 9783, 474275, 219328]",309
"[349314, 346251, 395929, 219328]",1,1,"[69337, 9783, 474275, 219328]",309
"[190072, 68467, 236687, 115082]",1,1,"[69337, 9783, 474275, 219328]",309
"[89088, 154083, 135703, 200698]",1,1,"[69337, 9783, 474275, 219328]",309
"[17855, 30293, 64470, 76908]",1,1,"[8117, 9783, 69337, 219328]",308
"[29436, 115981, 76051, 162596]",0,0,"[8117, 9783, 474275, 219328]",617
"[365155, 144258, 411770, 190873]",1,1,"[69337, 9783, 474275, 219328]",309
"[300856, 173117, 347471, 219328]",1,1,"[69337, 9783, 474275, 219328]",309
"[200475, 305633, 247090, 219328]",1,1,"[69337, 9783, 474275, 219328]",309
"[30139, 400879, 76754, 219328]",0,0,"[8117, 9783, 474275, 219328]",617
"[375813, 326672, 422428, 219328]",1,1,"[69337, 9783, 474275, 219328]",309
"[351715, 267369, 398330, 219328]",1,1,"[69337, 9783, 474275, 219328]",309
"[381597, 345833, 428212, 219328]",1,1,"[69337, 9783, 474275, 219328]",309
"[248589, 343735, 295204, 219328]",1,1,"[69337, 9783, 474275, 219328]",309
"[236413, 203387, 283028, 219328]",1,1,"[69337, 9783, 474275, 219328]",309
"[290146, 101591, 336761, 148206]",1,1,"[69337, 9783, 474275, 219328]",309
"[117087, 205028, 163702, 219328]",1,1,"[69337, 9783, 474275, 219328]",309
"[315939, 160703, 362554, 207318]",1,1,"[69337, 9783, 474275, 219328]",309
"[12781, 80708, 59396, 127323]",1,1,"[8117, 9783, 69337, 219328]",308
"[87296, 150394, 133911, 197009]",1,1,"[69337, 9783, 474275, 219328]",309
"[182919, 185070, 229534, 219328]",1,1,"[69337, 9783, 474275, 219328]",309
"[422106, 200636, 468721, 219328]",1,1,"[69337, 9783, 474275, 219328]",309
"[384817, 57246, 431432, 103861]",1,1,"[69337, 9783, 474275, 219328]",309
"[185460, 416755, 232075, 219328]",1,1,"[69337, 9783, 474275, 219328]",309
"[333457, 26815, 380072, 73430]",1,1,"[69337, 9783, 474275, 219328]",309
"[29719, 149476, 76334, 196091]",0,0,"[8117, 9783, 474275, 219328]",617
"[94027, 86454, 140642, 133069]",1,1,"[69337, 9783, 474275, 219328]",309
"[314013, 159914, 360628, 206529]",1,1,"[69337, 9783, 474275, 219328]",309
"[197336, 215101, 243951, 219328]",1,1,"[69337, 9783, 474275, 219328]",309
"[295680, 76086, 342295, 122701]",1,1,"[69337, 9783, 474275, 219328]",309
"[161946, 68355, 208561, 114970]",1,1,"[69337, 9783, 474275, 219328]",309
"[258760, 391120, 305375, 219328]",1,1,"[69337, 9783, 474275, 219328]",309
"[133792, 33417, 180407, 80032]",1,1,"[69337, 9783, 474275, 219328]",309
"[169534, 102272, 216149, 148887]",1,1,"[69337, 9783, 474275, 219328]",309
"[282345, 390145, 328960, 219328]",1,1,"[69337, 9783, 474275, 219328]",309
"[45269, 166803, 91884, 213418]",1,1,"[42574, 9783, 114520, 219328]",308
"[219493, 180356, 266108, 219328]",1,1,"[69337, 9783, 474275, 219328]",309
"[164997, 225550, 211612, 219328]",1,1,"[69337, 9783, 474275, 219328]",309
"[65081, 60231, 111696, 106846]",1,1,"[42574, 9783, 114520, 219328]",308
"[302153, 260389, 348768, 219328]",1,1,"[69337, 9783, 474275, 219328]",309
"[256631, 184844, 303246, 219328]",1,1,"[69337, 9783, 474275, 219328]",309
"[426432, 188289, 473047, 219328]",1,1,"[69337, 9783, 474275, 219328]",309
"[73299, 259296, 119914, 219328]",1,1,"[69337, 9783, 474275, 219328]",309
"[68938, 374906, 115553, 219328]",0,0,"[8117, 9783, 474275, 219328]",617
"[269073, 231744, 315688, 219328]",1,1,"[69337, 9783, 474275, 219328]",309
"[27947, 166401, 74562, 213016]",0,0,"[8117, 9783, 474275, 219328]",617
"[183796, 393338, 230411, 219328]",1,1,"[69337, 9783, 474275, 219328]",309
"[368360, 89729, 414975, 136344]",1,1,"[69337, 9783, 474275, 219328]",309
"[95440, 336710, 142055, 219328]",1,1,"[69337, 9783, 474275, 219328]",309
"[304070, 205024, 350685, 219328]",1,1,"[69337, 9783, 474275, 219328]",309
"[343073, 53689, 389688, 100304]",1,1,"[69337, 9783, 474275, 219328]",309
"[42633, 52508, 89248, 99123]",1,1,"[42574, 9783, 114520, 219328]",308
"[111947, 401264, 158562, 219328]",1,1,"[69337, 9783, 474275, 219328]",309
"[124015, 40180, 170630, 86795]",1,1,"[69337, 9783, 474275, 219328]",309
"[209869, 12233, 256484, 58848]",1,1,"[69337, 9783, 474275, 219328]",309
"[59537, 214585, 106152, 219328]",1,1,"[42574, 9783, 114520, 219328]",308
"[299869, 280224, 346484, 219328]",1,1,"[69337, 9783, 474275, 219328]",309
"[160066, 243283, 206681, 219328]",1,1,"[69337, 9783, 474275, 219328]",309
"[264293, 421407, 310908, 219328]",1,1,"[69337, 9783, 474275, 219328]",309
"[314767, 382671, 361382, 219328]",1,1,"[69337, 9783, 474275, 219328]",309
"[364267, 122020, 410882, 168635]",1,1,"[69337, 9783, 474275, 219328]",309
"[229910, 51980, 276525, 98595]",1,1,"[69337, 9783, 474275, 219328]",309
"[201228, 123532, 247843, 170147]",1,1,"[69337, 9783, 474275, 219328]",309
"[144912, 314945, 191527, 219328]",1,1,"[69337, 9783, 474275, 219328]",309
"[415541, 95453, 462156, 142068]",1,1,"[69337, 9783, 474275, 219328]",309
"[234201, 108751, 280816, 155366]",1,1,"[69337, 9783, 474275, 219328]",309
"[196084, 68416, 242699, 115031]",1,1,"[69337, 9783, 474275, 219328]",309
"[41596, 376169, 88211, 219328]",0,0,"[8117, 9783, 474275, 219328]",617
"[22597, 283795, 69212, 219328]",1,1,"[8117, 9783, 69337, 219328]",308
"[244891, 402611, 291506, 219328]",1,1,"[69337, 9783, 474275, 219328]",309
"[363018, 113859, 409633, 160474]",1,1,"[69337, 9783, 474275, 219328]",309
"[70460, 268733, 117075, 219328]",1,1,"[69337, 9783, 474275, 219328]",309
"[216759, 142586, 263374, 189201]",1,1,"[69337, 9783, 474275, 219328]",309
"[116766, 344184, 163381, 219328]",1,1,"[69337, 9783, 474275, 219328]",309
"[30190, 426201, 76805, 219328]",0,0,"[8117, 9783, 474275, 219328]",617
"[121307, 334966, 167922, 219328]",1,1,"[69337, 9783, 474275, 219328]",309
"[84848, 62973, 131463, 109588]",1,1,"[69337, 9783, 474275, 219328]",309
"[111910, 248454, 158525, 219328]",1,1,"[69337, 9783, 474275, 219328]",309
"[206314, 197721, 252929, 219328]",1,1,"[69337, 9783, 474275, 219328]",309
"[294583, 87459, 341198, 134074]",1,1,"[69337, 9783, 474275, 219328]",309
"[63034, 320718, 109649, 219328]",1,1,"[42574, 9783, 114520, 219328]",308
"[263917, 85922, 310532, 132537]",1,1,"[69337, 9783, 474275, 219328]",309
"[303765, 220929, 350380, 219328]",1,1,"[69337, 9783, 474275, 219328]",309
"[342803, 364595, 389418, 219328]",1,1,"[69337, 9783, 474275, 219328]",309
"[230016, 281390, 276631, 219328]",1,1,"[69337, 9783, 474275, 219328]",309
"[267852, 364275, 314467, 219328]",1,1,"[69337, 9783, 474275, 219328]",309
"[177179, 269443, 223794, 219328]",1,1,"[69337, 9783, 474275, 219328]",309
"[269551, 341073, 316166, 219328]",1,1,"[69337, 9783, 474275, 219328]",309
"[359425, 114018, 406040, 160633]",1,1,"[69337, 9783, 474275, 219328]",309
"[292705, 327812, 339320, 219328]",1,1,"[69337, 9783, 474275, 219328]",309
"[122817, 13205, 169432, 59820]",1,1,"[69337, 9783, 474275, 219328]",309
"[186490, 378051, 233105, 219328]",1,1,"[69337, 9783, 474275, 219328]",309
"[399780, 174976, 446395, 219328]",1,1,"[69337, 9783, 474275, 219328]",309
"[176845, 26712, 223460, 73327]",1,1,"[69337, 9783, 474275, 219328]",309
"[283424, 85903, 330039, 132518]",1,1,"[69337, 9783, 474275, 219328]",309
"[142797, 324045, 189412, 219328]",1,1,"[69337, 9783, 474275, 219328]",309
"[419246, 89856, 465861, 136471]",1,1,"[69337, 9783, 474275, 219328]",309
"[206824, 313749, 253439, 219328]",1,1,"[69337, 9783, 474275, 219328]",309
"[162458, 384624, 209073, 219328]",1,1,"[69337, 9783, 474275, 219328]",309
"[378459, 254758, 425074, 219328]",1,1,"[69337, 9783, 474275, 219328]",309
"[42908, 427518, 89523, 219328]",1,1,"[42574, 9783, 114520, 219328]",308
"[52494, 278926, 99109, 219328]",1,1,"[42574, 9783, 114520, 219328]",308
"[28782, 42905, 75397, 89520]",0,0,"[8117, 9783, 474275, 219328]",617
"[126129, 76533, 172744, 123148]",1,1,"[69337, 9783, 474275, 219328]",309
"[29419, 165638, 76034, 212253]",0,0,"[8117, 9783, 474275, 219328]",617
"[16130, 405998, 62745, 219328]",1,1,"[8117, 9783, 69337, 219328]",308
"[243306, 181443, 289921, 219328]",1,1,"[69337, 9783, 474275, 219328]",309
"[92364, 86141, 138979, 132756]",1,1,"[69337, 9783, 474275, 219328]",309
"[352093, 249674, 398708, 219328]",1,1,"[69337, 9783, 474275, 219328]",309
"[202796, 272882, 249411, 219328]",1,1,"[69337, 9783, 474275, 219328]",309
"[208516, 285888, 255131, 219328]",1,1,"[69337, 9783, 474275, 219328]",309
"[271534, 25742, 318149, 72357]",1,1,"[69337, 9783, 474275, 219328]",309
"[308991, 55642, 355606, 102257]",1,1,"[69337, 9783, 474275, 219328]",309
"[363883, 424477, 410498, 219328]",1,1,"[69337, 9783, 474275, 219328]",309
"[279697, 405446, 326312, 219328]",1,1,"[69337, 9783, 474275, 219328]",309
"[322764, 48150, 369379, 94765]",1,1,"[69337, 9783, 474275, 219328]",309
"[399741, 231655, 446356, 219328]",1,1,"[69337, 9783, 474275, 219328]",309
"[403754, 116175, 450369, 162790]",1,1,"[69337, 9783, 474275, 219328]",309
"[159984, 288829, 206599, 219328]",1,1,"[69337, 9783, 474275, 219328]",309
"[321963, 227185, 368578, 219328]",1,1,"[69337, 9783, 474275, 219328]",309
"[260935, 422849, 307550, 219328]",1,1,"[69337, 9783, 474275, 219328]",309
"[211839, 326585, 258454, 219328]",1,1,"[69337, 9783, 474275, 219328]",309
"[315553, 130575, 362168, 177190]",1,1,"[69337, 9783, 474275, 219328]",309
"[426530, 18855, 473145, 65470]",1,1,"[69337, 9783, 474275, 219328]",309
"[352566, 9783, 399181, 54858]",1,1,"[69337, 9783, 474275, 219328]",309
"[396480, 103521, 443095, 150136]",1,1,"[69337, 9783, 474275, 219328]",309
"[166683, 273856, 213298, 219328]",1,1,"[69337, 9783, 474275, 219328]",309
"[307100, 141527, 353715, 188142]",1,1,"[69337, 9783, 474275, 219328]",309
"[182540, 42521, 229155, 89136]",1,1,"[69337, 9783, 474275, 219328]",309
"[266858, 145484, 313473, 192099]",1,1,"[69337, 9783, 474275, 219328]",309
"[166873, 413119, 213488, 219328]",1,1,"[69337, 9783, 474275, 219328]",309
"[222064, 209527, 268679, 219328]",1,1,"[69337, 9783, 474275, 219328]",309
"[209275, 40758, 255890, 87373]",1,1,"[69337, 9783, 474275, 219328]",309
"[93992, 344177, 140607, 219328]",1,1,"[69337, 9783, 474275, 219328]",309
"[74869, 133396, 121484, 180011]",1,1,"[69337, 9783, 474275, 219328]",309
"[158633, 390559, 205248, 219328]",1,1,"[69337, 9783, 474275, 219328]",309
"[183242, 37229, 229857, 83844]",1,1,"[69337, 9783, 474275, 219328]",309
"[26956, 260472, 73571, 219328]",0,0,"[8117, 9783, 474275, 219328]",617
"[227199, 81991, 273814, 128606]",1,1,"[69337, 9783, 474275, 219328]",309
"[265978, 323720, 312593, 219328]",1,1,"[69337, 9783, 474275, 219328]",309
"[384130, 50909, 430745, 97524]",1,1,"[69337, 9783, 474275, 219328]",309
"[361247, 374435, 407862, 219328]",1,1,"[69337, 9783, 474275, 219328]",309
"[87480, 193071, 134095, 219328]",1,1,"[69337, 9783, 474275, 219328]",309
"[223672, 26561, 270287, 73176]",1,1,"[69337, 9783, 474275, 219328]",309
"[328861, 252581, 375476, 219328]",1,1,"[69337, 9783, 474275, 219328]",309
"[210850, 248703, 257465, 219328]",1,1,"[69337, 9783, 474275, 219328]",309
"[32775, 61322, 79390, 107937]",0,0,"[8117, 9783, 474275, 219328]",617
"[254998, 416090, 301613, 219328]",1,1,"[69337, 9783, 474275, 219328]",309
"[87477, 18722, 134092, 65337]",1,1,"[69337, 9783, 474275, 219328]",309
"[25138, 321798, 71753, 219328]",0,0,"[8117, 9783, 474275, 219328]",617
"[331812, 77691, 378427, 124306]",1,1,"[69337, 9783, 474275, 219328]",309
"[338400, 177939, 385015, 219328]",1,1,"[69337, 9783, 474275, 219328]",309
"[63320, 375160, 109935, 219328]",1,1,"[42574, 9783, 114520, 219328]",308
"[296026, 348375, 342641, 219328]",1,1,"[69337, 9783, 474275, 219328]",309
"[189870, 110339, 236485, 156954]",1,1,"[69337, 9783, 474275, 219328]",309
"[209136, 418853, 255751, 219328]",1,1,"[69337, 9783, 474275, 219328]",309
"[415184, 415730, 461799, 219328]",1,1,"[69337, 9783, 474275, 219328]",309
"[265185, 66311, 311800, 112926]",1,1,"[69337, 9783, 474275, 219328]",309
"[39658, 327995, 86273, 219328]",0,0,"[8117, 9783, 474275, 219328]",617
"[375547, 253058, 422162, 219328]",1,1,"[69337, 9783, 474275, 219328]",309
"[330203, 339630, 376818, 219328]",1,1,"[69337, 9783, 474275, 219328]",309
"[185255, 349151, 231870, 219328]",1,1,"[69337, 9783, 474275, 219328]",309
"[73298, 365959, 119913, 219328]",1,1,"[69337, 9783, 474275, 219328]",309
"[382257, 334243, 428872, 219328]",1,1,"[69337, 9783, 474275, 219328]",309
"[163508, 421552, 210123, 219328]",1,1,"[69337, 9783, 474275, 219328]",309
"[74758, 211354, 121373, 219328]",1,1,"[69337, 9783, 474275, 219328]",309
"[427202, 162154, 473817, 208769]",1,1,"[69337, 9783, 474275, 219328]",309
"[399122, 365160, 445737, 219328]",1,1,"[69337, 9783, 474275, 219328]",309
"[71845, 280226, 118460, 219328]",1,1,"[69337, 9783, 474275, 219328]",309
"[419939, 107274, 466554, 153889]",1,1,"[69337, 9783, 474275, 219328]",309
"[28136, 418170, 74751, 219328]",0,0,"[8117, 9783, 474275, 219328]",617
"[213651, 241204, 260266, 219328]",1,1,"[69337, 9783, 474275, 219328]",309
"[202932, 404801, 249547, 219328]",1,1,"[69337, 9783, 474275, 219328]",309
"[107982, 246914, 154597, 219328]",1,1,"[69337, 9783, 474275, 219328]",309
"[195053, 422073, 241668, 219328]",1,1,"[69337, 9783, 474275, 219328]",309
"[339474, 47616, 386089, 94231]",1,1,"[69337, 9783, 474275, 219328]",309
"[31521, 29078, 78136, 75693]",0,0,"[8117, 9783, 474275, 219328]",617
"[263007, 142012, 309622, 188627]",1,1,"[69337, 9783, 474275, 219328]",309
"[22092, 280779, 68707, 219328]",1,1,"[8117, 9783, 69337, 219328]",308
"[357560, 306571, 404175, 219328]",1,1,"[69337, 9783, 474275, 219328]",309
"[307903, 121352, 354518, 167967]",1,1,"[69337, 9783, 474275, 219328]",309
"[128522, 57125, 175137, 103740]",1,1,"[69337, 9783, 474275, 219328]",309
"[415144, 337069, 461759, 219328]",1,1,"[69337, 9783, 474275, 219328]",309
"[416744, 271526, 463359, 219328]",1,1,"[69337, 9783, 474275, 219328]",309
"[374333, 282692, 420948, 219328]",1,1,"[69337, 9783, 474275, 219328]",309
"[228376, 273986, 274991, 219328]",1,1,"[69337, 9783, 474275, 219328]",309
"[168188, 67594, 214803, 114209]",1,1,"[69337, 9783, 474275, 219328]",309
"[84500, 231448, 131115, 219328]",1,1,"[69337, 9783, 474275, 219328]",309
"[304870, 229396, 351485, 219328]",1,1,"[69337, 9783, 474275, 219328]",309
"[52173, 63043, 98788, 109658]",1,1,"[42574, 9783, 114520, 219328]",308
"[226032, 41106, 272647, 87721]",1,1,"[69337, 9783, 474275, 219328]",309
"[60132, 225781, 106747, 219328]",1,1,"[42574, 9783, 114520, 219328]",308
"[413820, 89988, 460435, 136603]",1,1,"[69337, 9783, 474275, 219328]",309
"[393090, 24213, 439705, 70828]",1,1,"[69337, 9783, 474275, 219328]",309
"[423008, 242326, 469623, 219328]",1,1,"[69337, 9783, 474275, 219328]",309
"[234130, 367997, 280745, 219328]",1,1,"[69337, 9783, 474275, 219328]",309
"[226755, 23916, 273370, 70531]",1,1,"[69337, 9783, 474275, 219328]",309
"[268491, 178247, 315106, 219328]",1,1,"[69337, 9783, 474275, 219328]",309
"[386937, 140544, 433552, 187159]",1,1,"[69337, 9783, 474275, 219328]",309
"[49293, 192930, 95908, 219328]",1,1,"[42574, 9783, 114520, 219328]",308
"[44989, 71754, 91604, 118369]",1,1,"[42574, 9783, 114520, 219328]",308
"[196469, 370806, 243084, 219328]",1,1,"[69337, 9783, 474275, 219328]",309
"[23519, 189229, 70134, 219328]",0,0,"[8117, 9783, 474275, 219328]",617
"[190505, 101391, 237120, 148006]",1,1,"[69337, 9783, 474275, 219328]",309
"[13341, 128961, 59956, 175576]",1,1,"[8117, 9783, 69337, 219328]",308
"[199902, 45088, 246517, 91703]",1,1,"[69337, 9783, 474275, 219328]",309
"[320901, 83242, 367516, 129857]",1,1,"[69337, 9783, 474275, 219328]",309
"[117157, 9811, 163772, 56426]",1,1,"[69337, 9783, 474275, 219328]",309
"[115486, 353632, 162101, 219328]",1,1,"[69337, 9783, 474275, 219328]",309
"[361360, 391949, 407975, 219328]",1,1,"[69337, 9783, 474275, 219328]",309
"[72703, 400272, 119318, 219328]",1,1,"[69337, 9783, 474275, 219328]",309
"[11883, 161871, 58498, 208486]",1,1,"[8117, 9783, 69337, 219328]",308
"[201647, 369596, 248262, 219328]",1,1,"[69337, 9783, 474275, 219328]",309
"[21040, 325231, 67655, 219328]",1,1,"[8117, 9783, 69337, 219328]",308
"[130204, 82506, 176819, 129121]",1,1,"[69337, 9783, 474275, 219328]",309
"[106154, 246168, 152769, 219328]",1,1,"[69337, 9783, 474275, 219328]",309
"[67042, 258041, 113657, 219328]",1,1,"[42574, 9783, 114520, 219328]",308
"[188707, 379040, 235322, 219328]",1,1,"[69337, 9783, 474275, 219328]",309
"[143498, 76357, 190113, 122972]",1,1,"[69337, 9783, 474275, 219328]",309
"[22763, 117231, 69378, 163846]",0,0,"[8117, 9783, 474275, 219328]",617
"[198035, 183760, 244650, 219328]",1,1,"[69337, 9783, 474275, 219328]",309
"[256299, 161540, 302914, 208155]",1,1,"[69337, 9783, 474275, 219328]",309
"[163487, 298155, 210102, 219328]",1,1,"[69337, 9783, 474275, 219328]",309
"[341519, 179550, 388134, 219328]",1,1,"[69337, 9783, 474275, 219328]",309
"[104609, 319029, 151224, 219328]",1,1,"[69337, 9783, 474275, 219328]",309
"[50484, 61898, 97099, 108513]",1,1,"[42574, 9783, 114520, 219328]",308
"[287681, 312649, 334296, 219328]",1,1,"[69337, 9783, 474275, 219328]",309
"[169473, 90117, 216088, 136732]",1,1,"[69337, 9783, 474275, 219328]",309
"[205558, 85148, 252173, 131763]",1,1,"[69337, 9783, 474275, 219328]",309
"[73776, 124937, 120391, 171552]",1,1,"[69337, 9783, 474275, 219328]",309
"[173735, 274629, 220350, 219328]",1,1,"[69337, 9783, 474275, 219328]",309
"[135434, 132193, 182049, 178808]",1,1,"[69337, 9783, 474275, 219328]",309
"[403880, 104556, 450495, 151171]",1,1,"[69337, 9783, 474275, 219328]",309
"[160716, 203394, 207331, 219328]",1,1,"[69337, 9783, 474275, 219328]",309
"[228205, 355822, 274820, 219328]",1,1,"[69337, 9783, 474275, 219328]",309
"[32368, 77445, 78983, 124060]",0,0,"[8117, 9783, 474275, 219328]",617
"[323323, 18890, 369938, 65505]",1,1,"[69337, 9783, 474275, 219328]",309
"[214582, 48970, 261197, 95585]",1,1,"[69337, 9783, 474275, 219328]",309
"[376256, 46500, 422871, 93115]",1,1,"[69337, 9783, 474275, 219328]",309
"[77333, 228439, 123948, 219328]",1,1,"[69337, 9783, 474275, 219328]",309
"[165081, 296882, 211696, 219328]",1,1,"[69337, 9783, 474275, 219328]",309
"[226613, 396550, 273228, 219328]",1,1,"[69337, 9783, 474275, 219328]",309
"[82714, 318011, 129329, 219328]",1,1,"[69337, 9783, 474275, 219328]",309
"[229465, 164369, 276080, 210984]",1,1,"[69337, 9783, 474275, 219328]",309
"[342070, 194010, 388685, 219328]",1,1,"[69337, 9783, 474275, 219328]",309
"[52448, 138171, 99063, 184786]",1,1,"[42574, 9783, 114520, 219328]",308
"[241326, 339875, 287941, 219328]",1,1,"[69337, 9783, 474275, 219328]",309
"[201713, 342111, 248328, 219328]",1,1,"[69337, 9783, 474275, 219328]",309
"[285574, 38450, 332189, 85065]",1,1,"[69337, 9783, 474275, 219328]",309
"[205475, 222354, 252090, 219328]",1,1,"[69337, 9783, 474275, 219328]",309
"[12535, 226863, 59150, 219328]",1,1,"[8117, 9783, 69337, 219328]",308
"[389893, 176240, 436508, 219328]",1,1,"[69337, 9783, 474275, 219328]",309
"[239483, 115066, 286098, 161681]",1,1,"[69337, 9783, 474275, 219328]",309
"[202940, 161896, 249555, 208511]",1,1,"[69337, 9783, 474275, 219328]",309
"[254997, 55856, 301612, 102471]",1,1,"[69337, 9783, 474275, 219328]",309
"[105350, 425721, 151965, 219328]",1,1,"[69337, 9783, 474275, 219328]",309
"[65062, 153329, 111677, 199944]",1,1,"[42574, 9783, 114520, 219328]",308
"[66920, 300764, 113535, 219328]",1,1,"[42574, 9783, 114520, 219328]",308
"[325597, 368932, 372212, 219328]",1,1,"[69337, 9783, 474275, 219328]",309
"[88793, 425270, 135408, 219328]",1,1,"[69337, 9783, 474275, 219328]",309
"[376480, 242035, 423095, 219328]",1,1,"[69337, 9783, 474275, 219328]",309
"[217190, 105309, 263805, 151924]",1,1,"[69337, 9783, 474275, 219328]",309
"[410581, 229211, 457196, 219328]",1,1,"[69337, 9783, 474275, 219328]",309
"[234460, 99729, 281075, 146344]",1,1,"[69337, 9783, 474275, 219328]",309
"[138118, 245853, 184733, 219328]",1,1,"[69337, 9783, 474275, 219328]",309
"[186578, 282502, 233193, 219328]",1,1,"[69337, 9783, 474275, 219328]",309
"[82863, 194431, 129478, 219328]",1,1,"[69337, 9783, 474275, 219328]",309
"[250566, 339213, 297181, 219328]",1,1,"[69337, 9783, 474275, 219328]",309
"[342247, 53467, 388862, 100082]",1,1,"[69337, 9783, 474275, 219328]",309
"[261499, 403972, 308114, 219328]",1,1,"[69337, 9783, 474275, 219328]",309
"[114882, 162639, 161497, 209254]",1,1,"[69337, 9783, 474275, 219328]",309
"[9083, 374589, 55698, 219328]",1,1,"[8117, 9783, 69337, 219328]",308
"[243568, 332512, 290183, 219328]",1,1,"[69337, 9783, 474275, 219328]",309
"[250343, 12194, 296958, 58809]",1,1,"[69337, 9783, 474275, 219328]",309
"[122796, 164648, 169411, 211263]",1,1,"[69337, 9783, 474275, 219328]",309
"[68125, 411102, 114740, 219328]",0,0,"[8117, 9783, 474275, 219328]",617
"[337852, 166011, 384467, 212626]",1,1,"[69337, 9783, 474275, 219328]",309
"[293963, 327492, 340578, 219328]",1,1,"[69337, 9783, 474275, 219328]",309
"[90021, 230524, 136636, 219328]",1,1,"[69337, 9783, 474275, 219328]",309
"[378418, 402042, 425033, 219328]",1,1,"[69337, 9783, 474275, 219328]",309
"[255284, 56641, 301899, 103256]",1,1,"[69337, 9783, 474275, 219328]",309
"[363677, 269044, 410292, 219328]",1,1,"[69337, 9783, 474275, 219328]",309
"[406622, 129941, 453237, 176556]",1,1,"[69337, 9783, 474275, 219328]",309
"[293193, 407621, 339808, 219328]",1,1,"[69337, 9783, 474275, 219328]",309
"[220613, 154963, 267228, 201578]",1,1,"[69337, 9783, 474275, 219328]",309
"[339501, 19451, 386116, 66066]",1,1,"[69337, 9783, 474275, 219328]",309
"[71467, 149715, 118082, 196330]",1,1,"[69337, 9783, 474275, 219328]",309
"[358597, 29375, 405212, 75990]",1,1,"[69337, 9783, 474275, 219328]",309
"[8249, 142636, 54864, 189251]",1,1,"[8117, 9783, 69337, 219328]",308
"[217008, 283945, 263623, 219328]",1,1,"[69337, 9783, 474275, 219328]",309
"[313051, 380342, 359666, 219328]",1,1,"[69337, 9783, 474275, 219328]",309
"[215858, 241207, 262473, 219328]",1,1,"[69337, 9783, 474275, 219328]",309
"[61611, 399524, 108226, 219328]",1,1,"[42574, 9783, 114520, 219328]",308
"[140556, 193621, 187171, 219328]",1,1,"[69337, 9783, 474275, 219328]",309
"[156698, 404071, 203313, 219328]",1,1,"[69337, 9783, 474275, 219328]",309
"[360725, 110893, 407340, 157508]",1,1,"[69337, 9783, 474275, 219328]",309
"[320283, 52817, 366898, 99432]",1,1,"[69337, 9783, 474275, 219328]",309
"[26703, 45056, 73318, 91671]",0,0,"[8117, 9783, 474275, 219328]",617
"[423477, 145735, 470092, 192350]",1,1,"[69337, 9783, 474275, 219328]",309
"[168341, 287897, 214956, 219328]",1,1,"[69337, 9783, 474275, 219328]",309
"[186317, 70079, 232932, 116694]",1,1,"[69337, 9783, 474275, 219328]",309
"[286086, 138689, 332701, 185304]",1,1,"[69337, 9783, 474275, 219328]",309
"[407624, 93866, 454239, 140481]",1,1,"[69337, 9783, 474275, 219328]",309
"[43817, 225607, 90432, 219328]",1,1,"[42574, 9783, 114520, 219328]",308
"[159999, 156358, 206614, 202973]",1,1,"[69337, 9783, 474275, 219328]",309
"[280659, 78592, 327274, 125207]",1,1,"[69337, 9783, 474275, 219328]",309
"[309048, 282351, 355663, 219328]",1,1,"[69337, 9783, 474275, 219328]",309
"[336918, 118363, 383533, 164978]",1,1,"[69337, 9783, 474275, 219328]",309
"[286710, 63327, 333325, 109942]",1,1,"[69337, 9783, 474275, 219328]",309
"[223496, 340827, 270111, 219328]",1,1,"[69337, 9783, 474275, 219328]",309
"[293105, 219621, 339720, 219328]",1,1,"[69337, 9783, 474275, 219328]",309
"[396838, 416301, 443453, 219328]",1,1,"[69337, 9783, 474275, 219328]",309
"[421348, 154191, 467963, 200806]",1,1,"[69337, 9783, 474275, 219328]",309
"[161342, 240043, 207957, 219328]",1,1,"[69337, 9783, 474275, 219328]",309
"[203049, 306034, 249664, 219328]",1,1,"[69337, 9783, 474275, 219328]",309
"[337795, 80370, 384410, 126985]",1,1,"[69337, 9783, 474275, 219328]",309
"[90466, 72760, 137081, 119375]",1,1,"[69337, 9783, 474275, 219328]",309
"[373562, 71303, 420177, 117918]",1,1,"[69337, 9783, 474275, 219328]",309
"[208094, 218470, 254709, 219328]",1,1,"[69337, 9783, 474275, 219328]",309
"[318003, 253453, 364618, 219328]",1,1,"[69337, 9783, 474275, 219328]",309
"[81272, 301515, 127887, 219328]",1,1,"[69337, 9783, 474275, 219328]",309
"[358476, 164858, 405091, 211473]",1,1,"[69337, 9783, 474275, 219328]",309
"[193745, 339525, 240360, 219328]",1,1,"[69337, 9783, 474275, 219328]",309
"[255929, 397319, 302544, 219328]",1,1,"[69337, 9783, 474275, 219328]",309
"[225752, 122417, 272367, 169032]",1,1,"[69337, 9783, 474275, 219328]",309
"[258053, 264419, 304668, 219328]",1,1,"[69337, 9783, 474275, 219328]",309
"[372337, 271082, 418952, 219328]",1,1,"[69337, 9783, 474275, 219328]",309
"[174966, 266444, 221581, 219328]",1,1,"[69337, 9783, 474275, 219328]",309
"[349981, 39690, 396596, 86305]",1,1,"[69337, 9783, 474275, 219328]",309
"[240891, 165500, 287506, 212115]",1,1,"[69337, 9783, 474275, 219328]",309
"[82991, 398821, 129606, 219328]",1,1,"[69337, 9783, 474275, 219328]",309
"[267913, 35592, 314528, 82207]",1,1,"[69337, 9783, 474275, 219328]",309
"[333774, 121213, 380389, 167828]",1,1,"[69337, 9783, 474275, 219328]",309
"[21510, 194449, 68125, 219328]",1,1,"[8117, 9783, 69337, 219328]",308
"[255333, 213095, 301948, 219328]",1,1,"[69337, 9783, 474275, 219328]",309
"[13417, 284326, 60032, 219328]",1,1,"[8117, 9783, 69337, 219328]",308
"[42959, 368248, 89574, 219328]",1,1,"[42574, 9783, 114520, 219328]",308
"[50779, 367934, 97394, 219328]",1,1,"[42574, 9783, 114520, 219328]",308
"[397114, 358869, 443729, 219328]",1,1,"[69337, 9783, 474275, 219328]",309
"[215271, 11484, 261886, 58099]",1,1,"[69337, 9783, 474275, 219328]",309
"[197530, 29706, 244145, 76321]",1,1,"[69337, 9783, 474275, 219328]",309
"[69014, 333635, 115629, 219328]",0,0,"[8117, 9783, 474275, 219328]",617
"[10078, 149846, 56693, 196461]",1,1,"[8117, 9783, 69337, 219328]",308
"[343857, 374953, 390472, 219328]",1,1,"[69337, 9783, 474275, 219328]",309
"[161485, 389326, 208100, 219328]",1,1,"[69337, 9783, 474275, 219328]",309
"[126966, 81873, 173581, 128488]",1,1,"[69337, 9783, 474275, 219328]",309
"[402179, 308455, 448794, 219328]",1,1,"[69337, 9783, 474275, 219328]",309
"[159072, 108363, 205687, 154978]",1,1,"[69337, 9783, 474275, 219328]",309
"[63408, 235667, 110023, 219328]",1,1,"[42574, 9783, 114520, 219328]",308
"[249758, 383688, 296373, 219328]",1,1,"[69337, 9783, 474275, 219328]",309
"[181234, 209511, 227849, 219328]",1,1,"[69337, 9783, 474275, 219328]",309
"[96331, 181496, 142946, 219328]",1,1,"[69337, 9783, 474275, 219328]",309
"[229214, 347858, 275829, 219328]",1,1,"[69337, 9783, 474275, 219328]",309
"[368550, 236323, 415165, 219328]",1,1,"[69337, 9783, 474275, 219328]",309
"[85721, 242626, 132336, 219328]",1,1,"[69337, 9783, 474275, 219328]",309
"[379746, 85449, 426361, 132064]",1,1,"[69337, 9783, 474275, 219328]",309
"[282928, 173829, 329543, 219328]",1,1,"[69337, 9783, 474275, 219328]",309
"[75867, 117622, 122482, 164237]",1,1,"[69337, 9783, 474275, 219328]",309
"[106066, 240966, 152681, 219328]",1,1,"[69337, 9783, 474275, 219328]",309
"[191181, 421957, 237796, 219328]",1,1,"[69337, 9783, 474275, 219328]",309
"[211999, 232140, 258614, 219328]",1,1,"[69337, 9783, 474275, 219328]",309
"[266044, 212346, 312659, 219328]",1,1,"[69337, 9783, 474275, 219328]",309
"[390733, 123543, 437348, 170158]",1,1,"[69337, 9783, 474275, 219328]",309
"[425231, 110979, 471846, 157594]",1,1,"[69337, 9783, 474275, 219328]",309
"[238422, 115212, 285037, 161827]",1,1,"[69337, 9783, 474275, 219328]",309
"[315627, 380359, 362242, 219328]",1,1,"[69337, 9783, 474275, 219328]",309
"[34223, 211722, 80838, 219328]",0,0,"[8117, 9783, 474275, 219328]",617
"[25564, 130815, 72179, 177430]",0,0,"[8117, 9783, 474275, 219328]",617
"[340083, 52501, 386698, 99116]",1,1,"[69337, 9783, 474275, 219328]",309
"[106030, 198753, 152645, 219328]",1,1,"[69337, 9783, 474275, 219328]",309
"[37996, 397748, 84611, 219328]",0,0,"[8117, 9783, 474275, 219328]",617
"[342651, 363318, 389266, 219328]",1,1,"[69337, 9783, 474275, 219328]",309
"[99014, 130309, 145629, 176924]",1,1,"[69337, 9783, 474275, 219328]",309
"[328341, 164106, 374956, 210721]",1,1,"[69337, 9783, 474275, 219328]",309
"[329246, 53535, 375861, 100150]",1,1,"[69337, 9783, 474275, 219328]",309
"[377700, 276614, 424315, 219328]",1,1,"[69337, 9783, 474275, 219328]",309
"[402115, 157237, 448730, 203852]",1,1,"[69337, 9783, 474275, 219328]",309
"[412568, 193227, 459183, 219328]",1,1,"[69337, 9783, 474275, 219328]",309
"[223826, 248395, 270441, 219328]",1,1,"[69337, 9783, 474275, 219328]",309
"[36397, 339403, 83012, 219328]",0,0,"[8117, 9783, 474275, 219328]",617
"[373443, 278714, 420058, 219328]",1,1,"[69337, 9783, 474275, 219328]",309
"[357098, 348124, 403713, 219328]",1,1,"[69337, 9783, 474275, 219328]",309
"[294997, 393162, 341612, 219328]",1,1,"[69337, 9783, 474275, 219328]",309
"[233877, 312707, 280492, 219328]",1,1,"[69337, 9783, 474275, 219328]",309
"[246459, 265124, 293074, 219328]",1,1,"[69337, 9783, 474275, 219328]",309
"[141680, 377276, 188295, 219328]",1,1,"[69337, 9783, 474275, 219328]",309
"[257495, 121058, 304110, 167673]",1,1,"[69337, 9783, 474275, 219328]",309
"[184903, 147510, 231518, 194125]",1,1,"[69337, 9783, 474275, 219328]",309
"[30260, 31084, 76875, 77699]",0,0,"[8117, 9783, 474275, 219328]",617
"[35670, 93501, 82285, 140116]",0,0,"[8117, 9783, 474275, 219328]",617
"[191514, 10148, 238129, 56763]",1,1,"[69337, 9783, 474275, 219328]",309
"[160060, 351330, 206675, 219328]",1,1,"[69337, 9783, 474275, 219328]",309
"[11855, 81730, 58470, 128345]",1,1,"[8117, 9783, 69337, 219328]",308
"[41508, 420563, 88123, 219328]",0,0,"[8117, 9783, 474275, 219328]",617
"[232378, 364897, 278993, 219328]",1,1,"[69337, 9783, 474275, 219328]",309
"[124596, 327218, 171211, 219328]",1,1,"[69337, 9783, 474275, 219328]",309
"[216004, 300548, 262619, 219328]",1,1,"[69337, 9783, 474275, 219328]",309
"[123970, 245988, 170585, 219328]",1,1,"[69337, 9783, 474275, 219328]",309
"[109225, 186114, 155840, 219328]",1,1,"[69337, 9783, 474275, 219328]",309
"[327051, 61772, 373666, 108387]",1,1,"[69337, 9783, 474275, 219328]",309
"[326021, 53006, 372636, 99621]",1,1,"[69337, 9783, 474275, 219328]",309
"[424815, 175380, 471430, 219328]",1,1,"[69337, 9783, 474275, 219328]",309
"[177424, 289083, 224039, 219328]",1,1,"[69337, 9783, 474275, 219328]",309
"[247058, 178585, 293673, 219328]",1,1,"[69337, 9783, 474275, 219328]",309
"[142072, 23231, 188687, 69846]",1,1,"[69337, 9783, 474275, 219328]",309
"[281790, 31370, 328405, 77985]",1,1,"[69337, 9783, 474275, 219328]",309
"[107800, 201424, 154415, 219328]",1,1,"[69337, 9783, 474275, 219328]",309
"[50120, 118003, 96735, 164618]",1,1,"[42574, 9783, 114520, 219328]",308
"[283113, 189388, 329728, 219328]",1,1,"[69337, 9783, 474275, 219328]",309
"[106570, 113824, 153185, 160439]",1,1,"[69337, 9783, 474275, 219328]",309
"[139858, 360788, 186473, 219328]",1,1,"[69337, 9783, 474275, 219328]",309
"[390336, 393784, 436951, 219328]",1,1,"[69337, 9783, 474275, 219328]",309
"[166096, 171816, 212711, 218431]",1,1,"[69337, 9783, 474275, 219328]",309
"[279121, 209795, 325736, 219328]",1,1,"[69337, 9783, 474275, 219328]",309
"[141621, 260868, 188236, 219328]",1,1,"[69337, 9783, 474275, 219328]",309
"[188440, 381661, 235055, 219328]",1,1,"[69337, 9783, 474275, 219328]",309
"[133926, 31449, 180541, 78064]",1,1,"[69337, 9783, 474275, 219328]",309
"[168451, 297510, 215066, 219328]",1,1,"[69337, 9783, 474275, 219328]",309
"[46042, 12944, 92657, 59559]",1,1,"[42574, 9783, 114520, 219328]",308
"[249777, 267797, 296392, 219328]",1,1,"[69337, 9783, 474275, 219328]",309
"[388018, 237859, 434633, 219328]",1,1,"[69337, 9783, 474275, 219328]",309
"[33004, 224186, 79619, 219328]",0,0,"[8117, 9783, 474275, 219328]",617
"[266896, 249557, 313511, 219328]",1,1,"[69337, 9783, 474275, 219328]",309
"[238860, 70047, 285475, 116662]",1,1,"[69337, 9783, 474275, 219328]",309
"[53004, 50834, 99619, 97449]",1,1,"[42574, 9783, 114520, 219328]",308
"[134546, 59880, 181161, 106495]",1,1,"[69337, 9783, 474275, 219328]",309
"[409428, 88750, 456043, 135365]",1,1,"[69337, 9783, 474275, 219328]",309
"[225178, 120034, 271793, 166649]",1,1,"[69337, 9783, 474275, 219328]",309
"[239139, 329377, 285754, 219328]",1,1,"[69337, 9783, 474275, 219328]",309
"[48562, 231954, 95177, 219328]",1,1,"[42574, 9783, 114520, 219328]",308
"[301199, 403864, 347814, 219328]",1,1,"[69337, 9783, 474275, 219328]",309
"[214933, 28748, 261548, 75363]",1,1,"[69337, 9783, 474275, 219328]",309
"[102692, 139046, 149307, 185661]",1,1,"[69337, 9783, 474275, 219328]",309
"[265025, 123486, 311640, 170101]",1,1,"[69337, 9783, 474275, 219328]",309
"[75270, 154391, 121885, 201006]",1,1,"[69337, 9783, 474275, 219328]",309
"[192720, 175677, 239335, 219328]",1,1,"[69337, 9783, 474275, 219328]",309
"[236100, 64365, 282715, 110980]",1,1,"[69337, 9783, 474275, 219328]",309
"[300173, 157804, 346788, 204419]",1,1,"[69337, 9783, 474275, 219328]",309
"[327975, 291796, 374590, 219328]",1,1,"[69337, 9783, 474275, 219328]",309
"[421800, 113595, 468415, 160210]",1,1,"[69337, 9783, 474275, 219328]",309
"[380921, 163642, 427536, 210257]",1,1,"[69337, 9783, 474275, 219328]",309
"[415732, 239738, 462347, 219328]",1,1,"[69337, 9783, 474275, 219328]",309
"[277619, 325138, 324234, 219328]",1,1,"[69337, 9783, 474275, 219328]",309
"[250378, 289221, 296993, 219328]",1,1,"[69337, 9783, 474275, 219328]",309
"[340702, 144949, 387317, 191564]",1,1,"[69337, 9783, 474275, 219328]",309
"[151009, 129640, 197624, 176255]",1,1,"[69337, 9783, 474275, 219328]",309
"[16798, 70365, 63413, 116980]",1,1,"[8117, 9783, 69337, 219328]",308
"[330486, 418893, 377101, 219328]",1,1,"[69337, 9783, 474275, 219328]",309
"[381361, 59969, 427976, 106584]",1,1,"[69337, 9783, 474275, 219328]",309
"[98596, 392359, 145211, 219328]",1,1,"[69337, 9783, 474275, 219328]",309
"[225518, 138546, 272133, 185161]",1,1,"[69337, 9783, 474275, 219328]",309
"[122445, 157306, 169060, 203921]",1,1,"[69337, 9783, 474275, 219328]",309
"[394036, 353948, 440651, 219328]",1,1,"[69337, 9783, 474275, 219328]",309
"[11493, 397097, 58108, 219328]",1,1,"[8117, 9783, 69337, 219328]",308
"[288885, 278273, 335500, 219328]",1,1,"[69337, 9783, 474275, 219328]",309
"[232653, 34211, 279268, 80826]",1,1,"[69337, 9783, 474275, 219328]",309
"[71972, 209807, 118587, 219328]",1,1,"[69337, 9783, 474275, 219328]",309
"[346386, 150977, 393001, 197592]",1,1,"[69337, 9783, 474275, 219328]",309
"[70111, 394665, 116726, 219328]",1,1,"[69337, 9783, 474275, 219328]",309
"[304165, 196286, 350780, 219328]",1,1,"[69337, 9783, 474275, 219328]",309
"[128473, 361949, 175088, 219328]",1,1,"[69337, 9783, 474275, 219328]",309
"[383795, 376945, 430410, 219328]",1,1,"[69337, 9783, 474275, 219328]",309
"[294712, 354466, 341327, 219328]",1,1,"[69337, 9783, 474275, 219328]",309
"[156053, 124277, 202668, 170892]",1,1,"[69337, 9783, 474275, 219328]",309
"[396021, 134017, 442636, 180632]",1,1,"[69337, 9783, 474275, 219328]",309
"[42084, 279778, 88699, 219328]",0,0,"[8117, 9783, 474275, 219328]",617
"[169345, 361825, 215960, 219328]",1,1,"[69337, 9783, 474275, 219328]",309
"[179721, 130592, 226336, 177207]",1,1,"[69337, 9783, 474275, 219328]",309
"[203779, 337638, 250394, 219328]",1,1,"[69337, 9783, 474275, 219328]",309
"[259916, 158499, 306531, 205114]",1,1,"[69337, 9783, 474275, 219328]",309
"[313284, 97970, 359899, 144585]",1,1,"[69337, 9783, 474275, 219328]",309
"[80095, 16242, 126710, 62857]",1,1,"[69337, 9783, 474275, 219328]",309
"[298112, 272803, 344727, 219328]",1,1,"[69337, 9783, 474275, 219328]",309
"[180023, 200524, 226638, 219328]",1,1,"[69337, 9783, 474275, 219328]",309
"[315051, 340943, 361666, 219328]",1,1,"[69337, 9783, 474275, 219328]",309
"[21374, 76181, 67989, 122796]",1,1,"[8117, 9783, 69337, 219328]",308
"[215515, 89509, 262130, 136124]",1,1,"[69337, 9783, 474275, 219328]",309
"[100792, 275752, 147407, 219328]",1,1,"[69337, 9783, 474275, 219328]",309
"[48202, 79200, 94817, 125815]",1,1,"[42574, 9783, 114520, 219328]",308
"[409218, 116384, 455833, 162999]",1,1,"[69337, 9783, 474275, 219328]",309
"[417818, 414336, 464433, 219328]",1,1,"[69337, 9783, 474275, 219328]",309
"[268550, 306697, 315165, 219328]",1,1,"[69337, 9783, 474275, 219328]",309
"[410379, 372863, 456994, 219328]",1,1,"[69337, 9783, 474275, 219328]",309
"[120030, 131490, 166645, 178105]",1,1,"[69337, 9783, 474275, 219328]",309
"[392189, 77390, 438804, 124005]",1,1,"[69337, 9783, 474275, 219328]",309
"[130637, 406558, 177252, 219328]",1,1,"[69337, 9783, 474275, 219328]",309
"[209761, 193433, 256376, 219328]",1,1,"[69337, 9783, 474275, 219328]",309
"[327145, 317985, 373760, 219328]",1,1,"[69337, 9783, 474275, 219328]",309
"[77606, 337888, 124221, 219328]",1,1,"[69337, 9783, 474275, 219328]",309
"[269456, 64747, 316071, 111362]",1,1,"[69337, 9783, 474275, 219328]",309
"[331087, 21756, 377702, 68371]",1,1,"[69337, 9783, 474275, 219328]",309
"[284120, 320658, 330735, 219328]",1,1,"[69337, 9783, 474275, 219328]",309
"[196134, 264598, 242749, 219328]",1,1,"[69337, 9783, 474275, 219328]",309
"[246984, 169964, 293599, 216579]",1,1,"[69337, 9783, 474275, 219328]",309
"[14741, 123498, 61356, 170113]",1,1,"[8117, 9783, 69337, 219328]",308
"[299370, 350353, 345985, 219328]",1,1,"[69337, 9783, 474275, 219328]",309
"[93595, 354592, 140210, 219328]",1,1,"[69337, 9783, 474275, 219328]",309
"[267481, 394712, 314096, 219328]",1,1,"[69337, 9783, 474275, 219328]",309
"[260255, 294393, 306870, 219328]",1,1,"[69337, 9783, 474275, 219328]",309
"[172713, 377333, 219328, 219328]",1,1,"[69337, 9783, 474275, 219328]",309
"[49416, 143990, 96031, 190605]",1,1,"[42574, 9783, 114520, 219328]",308
"[80177, 324947, 126792, 219328]",1,1,"[69337, 9783, 474275, 219328]",309
"[218804, 376911, 265419, 219328]",1,1,"[69337, 9783, 474275, 219328]",309
"[108290, 174012, 154905, 219328]",1,1,"[69337, 9783, 474275, 219328]",309
"[419876, 161066, 466491, 207681]",1,1,"[69337, 9783, 474275, 219328]",309
"[209491, 39144, 256106, 85759]",1,1,"[69337, 9783, 474275, 219328]",309
"[117516, 28190, 164131, 74805]",1,1,"[69337, 9783, 474275, 219328]",309
"[173350, 388991, 219965, 219328]",1,1,"[69337, 9783, 474275, 219328]",309
"[399797, 138983, 446412, 185598]",1,1,"[69337, 9783, 474275, 219328]",309
"[188034, 239430, 234649, 219328]",1,1,"[69337, 9783, 474275, 219328]",309
"[358568, 388644, 405183, 219328]",1,1,"[69337, 9783, 474275, 219328]",309
"[354026, 353010, 400641, 219328]",1,1,"[69337, 9783, 474275, 219328]",309
"[126562, 144487, 173177, 191102]",1,1,"[69337, 9783, 474275, 219328]",309
"[188562, 360220, 235177, 219328]",1,1,"[69337, 9783, 474275, 219328]",309
"[93225, 167973, 139840, 214588]",1,1,"[69337, 9783, 474275, 219328]",309
"[17017, 194951, 63632, 219328]",1,1,"[8117, 9783, 69337, 219328]",308
"[308844, 290977, 355459, 219328]",1,1,"[69337, 9783, 474275, 219328]",309
"[38621, 392060, 85236, 219328]",0,0,"[8117, 9783, 474275, 219328]",617
"[338647, 87397, 385262, 134012]",1,1,"[69337, 9783, 474275, 219328]",309
"[193410, 19644, 240025, 66259]",1,1,"[69337, 9783, 474275, 219328]",309
"[265598, 337280, 312213, 219328]",1,1,"[69337, 9783, 474275, 219328]",309
"[40267, 20995, 86882, 67610]",0,0,"[8117, 9783, 474275, 219328]",617
"[134715, 31690, 181330, 78305]",1,1,"[69337, 9783, 474275, 219328]",309
"[14639, 126488, 61254, 173103]",1,1,"[8117, 9783, 69337, 219328]",308
"[350936, 179385, 397551, 219328]",1,1,"[69337, 9783, 474275, 219328]",309
"[43005, 40835, 89620, 87450]",1,1,"[42574, 9783, 114520, 219328]",308
"[188958, 356231, 235573, 219328]",1,1,"[69337, 9783, 474275, 219328]",309
"[229708, 79341, 276323, 125956]",1,1,"[69337, 9783, 474275, 219328]",309
"[121638, 243504, 168253, 219328]",1,1,"[69337, 9783, 474275, 219328]",309
"[236294, 82594, 282909, 129209]",1,1,"[69337, 9783, 474275, 219328]",309
"[195830, 171669, 242445, 218284]",1,1,"[69337, 9783, 474275, 219328]",309
"[100882, 348419, 147497, 219328]",1,1,"[69337, 9783, 474275, 219328]",309
"[180509, 389832, 227124, 219328]",1,1,"[69337, 9783, 474275, 219328]",309
"[419831, 399922, 466446, 219328]",1,1,"[69337, 9783, 474275, 219328]",309
"[222357, 208745, 268972, 219328]",1,1,"[69337, 9783, 474275, 219328]",309
"[13167, 222699, 59782, 219328]",1,1,"[8117, 9783, 69337, 219328]",308
"[146393, 287932, 193008, 219328]",1,1,"[69337, 9783, 474275, 219328]",309
"[286690, 393802, 333305, 219328]",1,1,"[69337, 9783, 474275, 219328]",309
"[368117, 377705, 414732, 219328]",1,1,"[69337, 9783, 474275, 219328]",309
"[250678, 406096, 297293, 219328]",1,1,"[69337, 9783, 474275, 219328]",309
"[30105, 304197, 76720, 219328]",0,0,"[8117, 9783, 474275, 219328]",617
"[72392, 222516, 119007, 219328]",1,1,"[69337, 9783, 474275, 219328]",309
"[212746, 97935, 259361, 144550]",1,1,"[69337, 9783, 474275, 219328]",309
"[9747, 270551, 56362, 219328]",1,1,"[8117, 9783, 69337, 219328]",308
"[80587, 334142, 127202, 219328]",1,1,"[69337, 9783, 474275, 219328]",309
"[355183, 277566, 401798, 219328]",1,1,"[69337, 9783, 474275, 219328]",309
"[392123, 374909, 438738, 219328]",1,1,"[69337, 9783, 474275, 219328]",309
"[85799, 49875, 132414, 96490]",1,1,"[69337, 9783, 474275, 219328]",309
"[181158, 132572, 227773, 179187]",1,1,"[69337, 9783, 474275, 219328]",309
"[100535, 137508, 147150, 184123]",1,1,"[69337, 9783, 474275, 219328]",309
"[19638, 96639, 66253, 143254]",1,1,"[8117, 9783, 69337, 219328]",308
"[397564, 421088, 444179, 219328]",1,1,"[69337, 9783, 474275, 219328]",309
"[366551, 302456, 413166, 219328]",1,1,"[69337, 9783, 474275, 219328]",309
"[96362, 384447, 142977, 219328]",1,1,"[69337, 9783, 474275, 219328]",309
"[49267, 232080, 95882, 219328]",1,1,"[42574, 9783, 114520, 219328]",308
"[321577, 62463, 368192, 109078]",1,1,"[69337, 9783, 474275, 219328]",309
"[333443, 337648, 380058, 219328]",1,1,"[69337, 9783, 474275, 219328]",309
"[247984, 380417, 294599, 219328]",1,1,"[69337, 9783, 474275, 219328]",309
"[86797, 330521, 133412, 219328]",1,1,"[69337, 9783, 474275, 219328]",309
"[323722, 29114, 370337, 75729]",1,1,"[69337, 9783, 474275, 219328]",309
"[140485, 186506, 187100, 219328]",1,1,"[69337, 9783, 474275, 219328]",309
"[395049, 392272, 441664, 219328]",1,1,"[69337, 9783, 474275, 219328]",309
"[205520, 22412, 252135, 69027]",1,1,"[69337, 9783, 474275, 219328]",309
"[336197, 27157, 382812, 73772]",1,1,"[69337, 9783, 474275, 219328]",309
"[268344, 55103, 314959, 101718]",1,1,"[69337, 9783, 474275, 219328]",309
"[196003, 161594, 242618, 208209]",1,1,"[69337, 9783, 474275, 219328]",309
"[360252, 87184, 406867, 133799]",1,1,"[69337, 9783, 474275, 219328]",309
"[248302, 131925, 294917, 178540]",1,1,"[69337, 9783, 474275, 219328]",309
"[274160, 194663, 320775, 219328]",1,1,"[69337, 9783, 474275, 219328]",309
"[93200, 393730, 139815, 219328]",1,1,"[69337, 9783, 474275, 219328]",309
"[402894, 220302, 449509, 219328]",1,1,"[69337, 9783, 474275, 219328]",309
"[185140, 149590, 231755, 196205]",1,1,"[69337, 9783, 474275, 219328]",309
"[266230, 213948, 312845, 219328]",1,1,"[69337, 9783, 474275, 219328]",309
"[15868, 171046, 62483, 217661]",1,1,"[8117, 9783, 69337, 219328]",308
"[286168, 159231, 332783, 205846]",1,1,"[69337, 9783, 474275, 219328]",309
"[296710, 253964, 343325, 219328]",1,1,"[69337, 9783, 474275, 219328]",309
"[26429, 413345, 73044, 219328]",0,0,"[8117, 9783, 474275, 219328]",617
"[286929, 307222, 333544, 219328]",1,1,"[69337, 9783, 474275, 219328]",309
"[297574, 145714, 344189, 192329]",1,1,"[69337, 9783, 474275, 219328]",309
"[368220, 28197, 414835, 74812]",1,1,"[69337, 9783, 474275, 219328]",309
"[247149, 215244, 293764, 219328]",1,1,"[69337, 9783, 474275, 219328]",309
"[386331, 71039, 432946, 117654]",1,1,"[69337, 9783, 474275, 219328]",309
"[219813, 189829, 266428, 219328]",1,1,"[69337, 9783, 474275, 219328]",309
"[268166, 34935, 314781, 81550]",1,1,"[69337, 9783, 474275, 219328]",309
"[18961, 151273, 65576, 197888]",1,1,"[8117, 9783, 69337, 219328]",308
"[396068, 26086, 442683, 72701]",1,1,"[69337, 9783, 474275, 219328]",309
"[141244, 365013, 187859, 219328]",1,1,"[69337, 9783, 474275, 219328]",309
"[364839, 313254, 411454, 219328]",1,1,"[69337, 9783, 474275, 219328]",309
"[376538, 414921, 423153, 219328]",1,1,"[69337, 9783, 474275, 219328]",309
"[160043, 367836, 206658, 219328]",1,1,"[69337, 9783, 474275, 219328]",309
"[407667, 116695, 454282, 163310]",1,1,"[69337, 9783, 474275, 219328]",309
"[407937, 285607, 454552, 219328]",1,1,"[69337, 9783, 474275, 219328]",309
"[278786, 186521, 325401, 219328]",1,1,"[69337, 9783, 474275, 219328]",309
"[210529, 139521, 257144, 186136]",1,1,"[69337, 9783, 474275, 219328]",309
"[117677, 68931, 164292, 115546]",1,1,"[69337, 9783, 474275, 219328]",309
"[304884, 180839, 351499, 219328]",1,1,"[69337, 9783, 474275, 219328]",309
"[135333, 315426, 181948, 219328]",1,1,"[69337, 9783, 474275, 219328]",309
"[361415, 385648, 408030, 219328]",1,1,"[69337, 9783, 474275, 219328]",309
"[287447, 365327, 334062, 219328]",1,1,"[69337, 9783, 474275, 219328]",309
"[193377, 93340, 239992, 139955]",1,1,"[69337, 9783, 474275, 219328]",309
"[88362, 181477, 134977, 219328]",1,1,"[69337, 9783, 474275, 219328]",309
"[399967, 12883, 446582, 59498]",1,1,"[69337, 9783, 474275, 219328]",309
"[314790, 34989, 361405, 81604]",1,1,"[69337, 9783, 474275, 219328]",309
"[304271, 89993, 350886, 136608]",1,1,"[69337, 9783, 474275, 219328]",309
"[188776, 198534, 235391, 219328]",1,1,"[69337, 9783, 474275, 219328]",309
"[160784, 336170, 207399, 219328]",1,1,"[69337, 9783, 474275, 219328]",309
"[161955, 177463, 208570, 219328]",1,1,"[69337, 9783, 474275, 219328]",309
"[267565, 418521, 314180, 219328]",1,1,"[69337, 9783, 474275, 219328]",309
"[219750, 323058, 266365, 219328]",1,1,"[69337, 9783, 474275, 219328]",309
"[234088, 97264, 280703, 143879]",1,1,"[69337, 9783, 474275, 219328]",309
"[8647, 421434, 55262, 219328]",1,1,"[8117, 9783, 69337, 219328]",308
"[81915, 306228, 128530, 219328]",1,1,"[69337, 9783, 474275, 219328]",309
"[30976, 239794, 77591, 219328]",0,0,"[8117, 9783, 474275, 219328]",617
"[74097, 187080, 120712, 219328]",1,1,"[69337, 9783, 474275, 219328]",309
"[13002, 386456, 59617, 219328]",1,1,"[8117, 9783, 69337, 219328]",308
"[259991, 356353, 306606, 219328]",1,1,"[69337, 9783, 474275, 219328]",309
"[355634, 416336, 402249, 219328]",1,1,"[69337, 9783, 474275, 219328]",309
"[143173, 399907, 189788, 219328]",1,1,"[69337, 9783, 474275, 219328]",309
"[329092, 106502, 375707, 153117]",1,1,"[69337, 9783, 474275, 219328]",309
"[44946, 295886, 91561, 219328]",1,1,"[42574, 9783, 114520, 219328]",308
"[230351, 154239, 276966, 200854]",1,1,"[69337, 9783, 474275, 219328]",309
"[99255, 285743, 145870, 219328]",1,1,"[69337, 9783, 474275, 219328]",309
"[97171, 41297, 143786, 87912]",1,1,"[69337, 9783, 474275, 219328]",309
"[353550, 343341, 400165, 219328]",1,1,"[69337, 9783, 474275, 219328]",309
"[90640, 312039, 137255, 219328]",1,1,"[69337, 9783, 474275, 219328]",309
"[65816, 272317, 112431, 219328]",1,1,"[42574, 9783, 114520, 219328]",308
"[339534, 425796, 386149, 219328]",1,1,"[69337, 9783, 474275, 219328]",309
"[293027, 325335, 339642, 219328]",1,1,"[69337, 9783, 474275, 219328]",309
"[209809, 403825, 256424, 219328]",1,1,"[69337, 9783, 474275, 219328]",309
"[235992, 147451, 282607, 194066]",1,1,"[69337, 9783, 474275, 219328]",309
"[171379, 157519, 217994, 204134]",1,1,"[69337, 9783, 474275, 219328]",309
"[15265, 232881, 61880, 219328]",1,1,"[8117, 9783, 69337, 219328]",308
"[416291, 384512, 462906, 219328]",1,1,"[69337, 9783, 474275, 219328]",309
"[155148, 143483, 201763, 190098]",1,1,"[69337, 9783, 474275, 219328]",309
"[290116, 284555, 336731, 219328]",1,1,"[69337, 9783, 474275, 219328]",309
"[298866, 174803, 345481, 219328]",1,1,"[69337, 9783, 474275, 219328]",309
"[187561, 107725, 234176, 154340]",1,1,"[69337, 9783, 474275, 219328]",309
"[378040, 418419, 424655, 219328]",1,1,"[69337, 9783, 474275, 219328]",309
"[234450, 423098, 281065, 219328]",1,1,"[69337, 9783, 474275, 219328]",309
"[82412, 11224, 129027, 57839]",1,1,"[69337, 9783, 474275, 219328]",309
"[401360, 276207, 447975, 219328]",1,1,"[69337, 9783, 474275, 219328]",309
"[89556, 419499, 136171, 219328]",1,1,"[69337, 9783, 474275, 219328]",309
"[354738, 375847, 401353, 219328]",1,1,"[69337, 9783, 474275, 219328]",309
"[417862, 303440, 464477, 219328]",1,1,"[69337, 9783, 474275, 219328]",309
"[209519, 197354, 256134, 219328]",1,1,"[69337, 9783, 474275, 219328]",309
"[251455, 27184, 298070, 73799]",1,1,"[69337, 9783, 474275, 219328]",309
"[302556, 223933, 349171, 219328]",1,1,"[69337, 9783, 474275, 219328]",309
"[341912, 330099, 388527, 219328]",1,1,"[69337, 9783, 474275, 219328]",309
"[426748, 406699, 473363, 219328]",1,1,"[69337, 9783, 474275, 219328]",309
"[127813, 16344, 174428, 62959]",1,1,"[69337, 9783, 474275, 219328]",309
"[198025, 285515, 244640, 219328]",1,1,"[69337, 9783, 474275, 219328]",309
"[91225, 364768, 137840, 219328]",1,1,"[69337, 9783, 474275, 219328]",309
"[110095, 338894, 156710, 219328]",1,1,"[69337, 9783, 474275, 219328]",309
"[193963, 337272, 240578, 219328]",1,1,"[69337, 9783, 474275, 219328]",309
"[375165, 268682, 421780, 219328]",1,1,"[69337, 9783, 474275, 219328]",309
"[18152, 391329, 64767, 219328]",1,1,"[8117, 9783, 69337, 219328]",308
"[393604, 138766, 440219, 185381]",1,1,"[69337, 9783, 474275, 219328]",309
"[307778, 135036, 354393, 181651]",1,1,"[69337, 9783, 474275, 219328]",309
"[152019, 105184, 198634, 151799]",1,1,"[69337, 9783, 474275, 219328]",309
"[405566, 228308, 452181, 219328]",1,1,"[69337, 9783, 474275, 219328]",309
"[48971, 308607, 95586, 219328]",1,1,"[42574, 9783, 114520, 219328]",308
"[243092, 132233, 289707, 178848]",1,1,"[69337, 9783, 474275, 219328]",309
"[398206, 382362, 444821, 219328]",1,1,"[69337, 9783, 474275, 219328]",309
"[243865, 274926, 290480, 219328]",1,1,"[69337, 9783, 474275, 219328]",309
"[377735, 60766, 424350, 107381]",1,1,"[69337, 9783, 474275, 219328]",309
"[106829, 94355, 153444, 140970]",1,1,"[69337, 9783, 474275, 219328]",309
"[239063, 42316, 285678, 88931]",1,1,"[69337, 9783, 474275, 219328]",309
"[231855, 340908, 278470, 219328]",1,1,"[69337, 9783, 474275, 219328]",309
"[215075, 150646, 261690, 197261]",1,1,"[69337, 9783, 474275, 219328]",309
"[140597, 237344, 187212, 219328]",1,1,"[69337, 9783, 474275, 219328]",309
"[405385, 413642, 452000, 219328]",1,1,"[69337, 9783, 474275, 219328]",309
"[194849, 327769, 241464, 219328]",1,1,"[69337, 9783, 474275, 219328]",309
"[179958, 55632, 226573, 102247]",1,1,"[69337, 9783, 474275, 219328]",309
"[169083, 23916, 215698, 70531]",1,1,"[69337, 9783, 474275, 219328]",309
"[266338, 13868, 312953, 60483]",1,1,"[69337, 9783, 474275, 219328]",309
"[407900, 139481, 454515, 186096]",1,1,"[69337, 9783, 474275, 219328]",309
"[114436, 407809, 161051, 219328]",1,1,"[69337, 9783, 474275, 219328]",309
"[216730, 210819, 263345, 219328]",1,1,"[69337, 9783, 474275, 219328]",309
"[236503, 414674, 283118, 219328]",1,1,"[69337, 9783, 474275, 219328]",309
"[341235, 336133, 387850, 219328]",1,1,"[69337, 9783, 474275, 219328]",309
"[361002, 212202, 407617, 219328]",1,1,"[69337, 9783, 474275, 219328]",309
"[373597, 28258, 420212, 74873]",1,1,"[69337, 9783, 474275, 219328]",309
"[313613, 252075, 360228, 219328]",1,1,"[69337, 9783, 474275, 219328]",309
"[194020, 306326, 240635, 219328]",1,1,"[69337, 9783, 474275, 219328]",309
"[74603, 304033, 121218, 219328]",1,1,"[69337, 9783, 474275, 219328]",309
"[380617, 154052, 427232, 200667]",1,1,"[69337, 9783, 474275, 219328]",309
"[180144, 20857, 226759, 67472]",1,1,"[69337, 9783, 474275, 219328]",309
"[216832, 256485, 263447, 219328]",1,1,"[69337, 9783, 474275, 219328]",309
"[281634, 79074, 328249, 125689]",1,1,"[69337, 9783, 474275, 219328]",309
"[29920, 50837, 76535, 97452]",0,0,"[8117, 9783, 474275, 219328]",617
"[304821, 190272, 351436, 219328]",1,1,"[69337, 9783, 474275, 219328]",309
"[197396, 10472, 244011, 57087]",1,1,"[69337, 9783, 474275, 219328]",309
"[44488, 108137, 91103, 154752]",1,1,"[42574, 9783, 114520, 219328]",308
"[384182, 66213, 430797, 112828]",1,1,"[69337, 9783, 474275, 219328]",309
"[360122, 291558, 406737, 219328]",1,1,"[69337, 9783, 474275, 219328]",309
"[255110, 30724, 301725, 77339]",1,1,"[69337, 9783, 474275, 219328]",309
"[173022, 21428, 219637, 68043]",1,1,"[69337, 9783, 474275, 219328]",309
"[173163, 213977, 219778, 219328]",1,1,"[69337, 9783, 474275, 219328]",309
"[73794, 409056, 120409, 219328]",1,1,"[69337, 9783, 474275, 219328]",309
"[341339, 152339, 387954, 198954]",1,1,"[69337, 9783, 474275, 219328]",309
"[221196, 359856, 267811, 219328]",1,1,"[69337, 9783, 474275, 219328]",309
"[82635, 320416, 129250, 219328]",1,1,"[69337, 9783, 474275, 219328]",309
"[85443, 220035, 132058, 219328]",1,1,"[69337, 9783, 474275, 219328]",309
"[168600, 276286, 215215, 219328]",1,1,"[69337, 9783, 474275, 219328]",309
"[39494, 93529, 86109, 140144]",0,0,"[8117, 9783, 474275, 219328]",617
"[73853, 78348, 120468, 124963]",1,1,"[69337, 9783, 474275, 219328]",309
"[260243, 377904, 306858, 219328]",1,1,"[69337, 9783, 474275, 219328]",309
"[344653, 383650, 391268, 219328]",1,1,"[69337, 9783, 474275, 219328]",309
"[408708, 387478, 455323, 219328]",1,1,"[69337, 9783, 474275, 219328]",309
"[32608, 390747, 79223, 219328]",0,0,"[8117, 9783, 474275, 219328]",617
"[280541, 30908, 327156, 77523]",1,1,"[69337, 9783, 474275, 219328]",309
"[299068, 370498, 345683, 219328]",1,1,"[69337, 9783, 474275, 219328]",309
"[398264, 373711, 444879, 219328]",1,1,"[69337, 9783, 474275, 219328]",309
"[339058, 211155, 385673, 219328]",1,1,"[69337, 9783, 474275, 219328]",309
"[102604, 188838, 149219, 219328]",1,1,"[69337, 9783, 474275, 219328]",309
"[427624, 315288, 474239, 219328]",1,1,"[69337, 9783, 474275, 219328]",309
"[51527, 50442, 98142, 97057]",1,1,"[42574, 9783, 114520, 219328]",308
"[301611, 99566, 348226, 146181]",1,1,"[69337, 9783, 474275, 219328]",309
"[147359, 113815, 193974, 160430]",1,1,"[69337, 9783, 474275, 219328]",309
"[427652, 144937, 474267, 191552]",1,1,"[69337, 9783, 474275, 219328]",309
"[180051, 375331, 226666, 219328]",1,1,"[69337, 9783, 474275, 219328]",309
"[379665, 141224, 426280, 187839]",1,1,"[69337, 9783, 474275, 219328]",309
"[418282, 144036, 464897, 190651]",1,1,"[69337, 9783, 474275, 219328]",309
"[279402, 247443, 326017, 219328]",1,1,"[69337, 9783, 474275, 219328]",309
"[89485, 404831, 136100, 219328]",1,1,"[69337, 9783, 474275, 219328]",309
"[243430, 297904, 290045, 219328]",1,1,"[69337, 9783, 474275, 219328]",309
"[88238, 28355, 134853, 74970]",1,1,"[69337, 9783, 474275, 219328]",309
"[339752, 315089, 386367, 219328]",1,1,"[69337, 9783, 474275, 219328]",309
"[100898, 344473, 147513, 219328]",1,1,"[69337, 9783, 474275, 219328]",309
"[276669, 25835, 323284, 72450]",1,1,"[69337, 9783, 474275, 219328]",309
"[405365, 173834, 451980, 219328]",1,1,"[69337, 9783, 474275, 219328]",309
"[45678, 109245, 92293, 155860]",1,1,"[42574, 9783, 114520, 219328]",308
"[348065, 422838, 394680, 219328]",1,1,"[69337, 9783, 474275, 219328]",309
"[247479, 328400, 294094, 219328]",1,1,"[69337, 9783, 474275, 219328]",309
"[133275, 248592, 179890, 219328]",1,1,"[69337, 9783, 474275, 219328]",309
"[281933, 91683, 328548, 138298]",1,1,"[69337, 9783, 474275, 219328]",309
"[380115, 183054, 426730, 219328]",1,1,"[69337, 9783, 474275, 219328]",309
"[351634, 78831, 398249, 125446]",1,1,"[69337, 9783, 474275, 219328]",309
"[257932, 412616, 304547, 219328]",1,1,"[69337, 9783, 474275, 219328]",309
"[299579, 38087, 346194, 84702]",1,1,"[69337, 9783, 474275, 219328]",309
"[293037, 51327, 339652, 97942]",1,1,"[69337, 9783, 474275, 219328]",309
"[279525, 188148, 326140, 219328]",1,1,"[69337, 9783, 474275, 219328]",309
"[9407, 414369, 56022, 219328]",1,1,"[8117, 9783, 69337, 219328]",308
"[50053, 62633, 96668, 109248]",1,1,"[42574, 9783, 114520, 219328]",308
"[232372, 326643, 278987, 219328]",1,1,"[69337, 9783, 474275, 219328]",309
"[192834, 307104, 239449, 219328]",1,1,"[69337, 9783, 474275, 219328]",309
"[244875, 184176, 291490, 219328]",1,1,"[69337, 9783, 474275, 219328]",309
"[206332, 276761, 252947, 219328]",1,1,"[69337, 9783, 474275, 219328]",309
"[197938, 341862, 244553, 219328]",1,1,"[69337, 9783, 474275, 219328]",309
"[70426, 79477, 117041, 126092]",1,1,"[69337, 9783, 474275, 219328]",309
"[174259, 20031, 220874, 66646]",1,1,"[69337, 9783, 474275, 219328]",309
"[103851, 392815, 150466, 219328]",1,1,"[69337, 9783, 474275, 219328]",309
"[73705, 18183, 120320, 64798]",1,1,"[69337, 9783, 474275, 219328]",309
"[185268, 326610, 231883, 219328]",1,1,"[69337, 9783, 474275, 219328]",309
"[109484, 31258, 156099, 77873]",1,1,"[69337, 9783, 474275, 219328]",309
"[225086, 346488, 271701, 219328]",1,1,"[69337, 9783, 474275, 219328]",309
"[40643, 374511, 87258, 219328]",0,0,"[8117, 9783, 474275, 219328]",617
"[171304, 425852, 217919, 219328]",1,1,"[69337, 9783, 474275, 219328]",309
"[212335, 35501, 258950, 82116]",1,1,"[69337, 9783, 474275, 219328]",309
"[322925, 410534, 369540, 219328]",1,1,"[69337, 9783, 474275, 219328]",309
"[424636, 381069, 471251, 219328]",1,1,"[69337, 9783, 474275, 219328]",309
"[96281, 195751, 142896, 219328]",1,1,"[69337, 9783, 474275, 219328]",309
"[48708, 222145, 95323, 219328]",1,1,"[42574, 9783, 114520, 219328]",308
"[36431, 239174, 83046, 219328]",0,0,"[8117, 9783, 474275, 219328]",617
"[194228, 324861, 240843, 219328]",1,1,"[69337, 9783, 474275, 219328]",309
"[333246, 404723, 379861, 219328]",1,1,"[69337, 9783, 474275, 219328]",309
"[142244, 360605, 188859, 219328]",1,1,"[69337, 9783, 474275, 219328]",309
"[170511, 303152, 217126, 219328]",1,1,"[69337, 9783, 474275, 219328]",309
"[245953, 224242, 292568, 219328]",1,1,"[69337, 9783, 474275, 219328]",309
"[102838, 24206, 149453, 70821]",1,1,"[69337, 9783, 474275, 219328]",309
"[246001, 146607, 292616, 193222]",1,1,"[69337, 9783, 474275, 219328]",309
"[107990, 211361, 154605, 219328]",1,1,"[69337, 9783, 474275, 219328]",309
"[41720, 195607, 88335, 219328]",0,0,"[8117, 9783, 474275, 219328]",617
"[58608, 72796, 105223, 119411]",1,1,"[42574, 9783, 114520, 219328]",308
"[21846, 192029, 68461, 219328]",1,1,"[8117, 9783, 69337, 219328]",308
"[19303, 100961, 65918, 147576]",1,1,"[8117, 9783, 69337, 219328]",308
"[219805, 331085, 266420, 219328]",1,1,"[69337, 9783, 474275, 219328]",309
"[370175, 350704, 416790, 219328]",1,1,"[69337, 9783, 474275, 219328]",309
"[15271, 177358, 61886, 219328]",1,1,"[8117, 9783, 69337, 219328]",308
"[247441, 422700, 294056, 219328]",1,1,"[69337, 9783, 474275, 219328]",309
"[298600, 399241, 345215, 219328]",1,1,"[69337, 9783, 474275, 219328]",309
"[372417, 268180, 419032, 219328]",1,1,"[69337, 9783, 474275, 219328]",309
"[257957, 50296, 304572, 96911]",1,1,"[69337, 9783, 474275, 219328]",309
"[35235, 288932, 81850, 219328]",0,0,"[8117, 9783, 474275, 219328]",617
"[218845, 422686, 265460, 219328]",1,1,"[69337, 9783, 474275, 219328]",309
"[419008, 145607, 465623, 192222]",1,1,"[69337, 9783, 474275, 219328]",309
"[22690, 347854, 69305, 219328]",1,1,"[8117, 9783, 69337, 219328]",308
"[278578, 58300, 325193, 104915]",1,1,"[69337, 9783, 474275, 219328]",309
"[50108, 183026, 96723, 219328]",1,1,"[42574, 9783, 114520, 219328]",308
"[196100, 59751, 242715, 106366]",1,1,"[69337, 9783, 474275, 219328]",309
"[255257, 25453, 301872, 72068]",1,1,"[69337, 9783, 474275, 219328]",309
"[88999, 278962, 135614, 219328]",1,1,"[69337, 9783, 474275, 219328]",309
"[336075, 158630, 382690, 205245]",1,1,"[69337, 9783, 474275, 219328]",309
"[27412, 9783, 74027, 55112]",0,0,"[8117, 9783, 474275, 219328]",617
"[205609, 185164, 252224, 219328]",1,1,"[69337, 9783, 474275, 219328]",309
"[90357, 295573, 136972, 219328]",1,1,"[69337, 9783, 474275, 219328]",309
"[373009, 85126, 419624, 131741]",1,1,"[69337, 9783, 474275, 219328]",309
"[92295, 99665, 138910, 146280]",1,1,"[69337, 9783, 474275, 219328]",309
"[416708, 91465, 463323, 138080]",1,1,"[69337, 9783, 474275, 219328]",309
"[343724, 364547, 390339, 219328]",1,1,"[69337, 9783, 474275, 219328]",309
"[135299, 335648, 181914, 219328]",1,1,"[69337, 9783, 474275, 219328]",309
"[180225, 20620, 226840, 67235]",1,1,"[69337, 9783, 474275, 219328]",309
"[261304, 336236, 307919, 219328]",1,1,"[69337, 9783, 474275, 219328]",309
"[363816, 216838, 410431, 219328]",1,1,"[69337, 9783, 474275, 219328]",309
"[31274, 126829, 77889, 173444]",0,0,"[8117, 9783, 474275, 219328]",617
"[134098, 341392, 180713, 219328]",1,1,"[69337, 9783, 474275, 219328]",309
"[155744, 180381, 202359, 219328]",1,1,"[69337, 9783, 474275, 219328]",309
"[97254, 132995, 143869, 179610]",1,1,"[69337, 9783, 474275, 219328]",309
"[192709, 126627, 239324, 173242]",1,1,"[69337, 9783, 474275, 219328]",309
"[93901, 228710, 140516, 219328]",1,1,"[69337, 9783, 474275, 219328]",309
"[250809, 198583, 297424, 219328]",1,1,"[69337, 9783, 474275, 219328]",309
"[304539, 80467, 351154, 127082]",1,1,"[69337, 9783, 474275, 219328]",309
"[210759, 304296, 257374, 219328]",1,1,"[69337, 9783, 474275, 219328]",309
