,DAG,KD
0,2,0
1,2,0
2,2,1
3,3,2
4,2,2
5,2,2
6,2,1
7,2,0
8,2,2
9,3,3
10,2,1
11,2,2
12,3,1
13,2,0
14,2,0
15,2,0
16,2,1
17,2,0
18,2,1
19,3,1
20,3,1
21,2,2
22,2,2
23,2,2
24,2,0
25,2,0
26,2,0
27,2,2
28,2,0
29,2,2
30,2,0
31,2,0
32,2,2
33,2,0
34,2,1
35,3,1
36,2,1
37,2,0
38,2,2
39,3,3
40,2,0
41,2,2
42,2,2
43,2,0
44,2,1
45,2,2
46,2,1
47,2,0
48,2,2
49,2,2
50,2,0
51,3,0
52,2,2
53,2,0
54,2,0
55,2,2
56,3,0
57,2,0
58,2,2
59,2,2
60,2,2
61,2,1
62,2,2
63,2,1
64,2,0
65,2,2
66,3,1
67,2,0
68,2,2
69,2,2
70,3,1
71,2,1
72,4,2
73,2,2
74,2,2
75,2,1
76,2,0
77,2,2
78,2,2
79,2,2
80,2,1
81,2,2
82,2,2
83,2,1
84,2,1
85,4,1
86,2,0
87,2,2
88,2,2
89,3,2
90,2,0
91,2,1
92,2,1
93,2,2
94,2,2
95,2,2
96,2,0
97,2,0
98,2,2
99,2,1
100,2,2
101,2,0
102,2,2
103,2,2
104,2,2
105,2,0
106,2,2
107,2,0
108,2,2
109,2,2
110,3,2
111,2,2
112,2,2
113,2,1
114,2,2
115,2,1
116,3,1
117,2,2
118,2,0
119,2,2
120,2,2
121,2,2
122,2,2
123,2,1
124,2,2
125,2,2
126,2,2
127,2,2
128,2,2
129,2,1
130,2,0
131,2,0
132,2,1
133,2,1
134,2,2
135,2,0
136,2,2
137,3,0
138,2,2
139,2,2
140,2,2
141,2,2
142,3,3
143,2,2
144,2,2
145,2,1
146,2,0
147,2,2
148,2,0
149,2,2
150,2,2
151,2,1
152,2,1
153,2,2
154,2,2
155,2,0
156,4,4
157,2,2
158,2,0
159,2,2
160,3,1
161,2,2
162,2,0
163,2,0
164,3,2
165,2,1
166,2,0
167,2,2
168,3,2
169,3,3
170,2,2
171,2,2
172,3,2
173,2,0
174,2,2
175,2,1
176,3,1
177,2,0
178,4,4
179,2,0
180,3,2
181,2,0
182,2,0
183,2,2
184,2,1
185,2,0
186,2,2
187,3,1
188,2,2
189,2,2
190,2,0
191,2,2
192,2,0
193,2,0
194,2,0
195,2,0
196,2,0
197,2,0
198,2,1
199,3,3
200,2,2
201,3,3
202,4,0
203,3,3
204,2,0
205,2,1
206,2,0
207,3,1
208,2,2
209,3,2
210,2,0
211,3,3
212,2,2
213,2,2
214,2,2
215,2,2
216,3,2
217,2,2
218,2,0
219,2,2
220,2,1
221,2,0
222,4,0
223,2,1
224,2,0
225,3,0
226,2,2
227,2,2
228,2,2
229,2,2
230,3,3
231,2,1
232,3,1
233,2,0
234,4,0
235,2,2
236,2,1
237,2,2
238,3,3
239,2,2
240,2,1
241,3,1
242,2,2
243,2,2
244,2,2
245,2,2
246,2,2
247,3,0
248,2,2
249,2,0
250,2,0
251,2,2
252,2,2
253,2,1
254,2,0
255,2,2
256,2,2
257,2,2
258,2,0
259,2,2
260,3,1
261,2,1
262,2,0
263,2,0
264,2,1
265,2,2
266,2,2
267,2,2
268,2,1
269,3,3
270,2,0
271,3,3
272,3,3
273,2,2
274,2,2
275,2,2
276,3,2
277,2,2
278,3,3
279,3,3
280,2,1
281,2,0
282,3,2
283,3,1
284,2,0
285,2,0
286,2,1
287,2,0
288,2,2
289,2,2
290,2,1
291,2,0
292,2,2
293,2,1
294,2,2
295,2,0
296,3,3
297,2,2
298,2,2
299,2,2
300,2,1
301,3,1
302,2,2
303,3,1
304,2,2
305,2,0
306,2,0
307,2,2
308,3,2
309,3,2
310,2,0
311,2,1
312,2,1
313,2,0
314,2,2
315,2,2
316,2,2
317,2,2
318,2,2
319,2,2
320,2,2
321,2,2
322,2,2
323,2,0
324,2,1
325,2,2
326,2,2
327,2,2
328,2,2
329,2,0
330,2,0
331,2,0
332,2,2
333,2,2
334,2,0
335,2,0
336,3,3
337,3,3
338,2,2
339,2,1
340,2,0
341,2,2
342,2,2
343,2,2
344,2,0
345,2,0
346,2,1
347,2,2
348,2,1
349,2,2
350,2,2
351,2,1
352,2,0
353,2,1
354,2,2
355,2,1
356,2,0
357,2,1
358,3,3
359,3,2
360,2,1
361,2,2
362,2,2
363,2,0
364,2,1
365,2,2
366,2,2
367,2,2
368,2,2
369,2,2
370,2,2
371,2,0
372,4,3
373,2,0
374,3,0
375,2,1
376,2,2
377,2,0
378,2,2
379,2,2
380,2,2
381,2,0
382,2,2
383,2,0
384,2,2
385,2,2
386,2,0
387,2,2
388,2,2
389,2,1
390,2,1
391,3,3
392,2,0
393,2,0
394,2,0
395,3,3
396,2,1
397,2,1
398,2,0
399,2,2
400,2,0
401,2,0
402,3,3
403,2,2
404,2,1
405,3,2
406,2,0
407,2,0
408,3,2
409,2,2
410,2,2
411,2,0
412,2,2
413,3,3
414,2,2
415,2,0
416,2,1
417,2,2
418,2,0
419,3,1
420,2,1
421,2,0
422,2,0
423,3,3
424,2,2
425,2,1
426,2,0
427,2,0
428,2,2
429,2,2
430,3,1
431,2,2
432,2,0
433,2,0
434,2,0
435,2,0
436,2,0
437,2,0
438,2,2
439,2,2
440,2,2
441,3,3
442,2,1
443,4,1
444,2,2
445,3,2
446,2,1
447,2,0
448,2,2
449,3,3
450,2,0
451,2,2
452,2,0
453,2,0
454,2,0
455,2,2
456,2,2
457,2,2
458,2,0
459,2,0
460,2,2
461,2,0
462,2,0
463,2,2
464,2,1
465,3,2
466,2,2
467,2,2
468,2,0
469,3,3
470,2,2
471,2,2
472,2,1
473,2,1
474,2,2
475,4,3
476,2,1
477,3,0
478,2,0
479,2,2
480,3,1
481,2,0
482,2,0
483,2,2
484,3,1
485,2,1
486,2,2
487,2,2
488,3,2
489,3,0
490,2,2
491,2,0
492,2,0
493,2,2
494,2,2
495,2,1
496,2,2
497,2,2
498,2,0
499,2,0
500,2,2
501,2,2
502,2,1
503,2,1
504,2,2
505,2,2
506,2,2
507,2,1
508,2,0
509,2,2
510,2,1
511,2,2
512,2,2
513,2,2
514,2,0
515,2,2
516,2,2
517,3,1
518,4,4
519,2,0
520,2,2
521,2,2
522,2,2
523,2,1
524,2,2
525,2,2
526,2,2
527,2,0
528,2,2
529,2,2
530,2,0
531,2,2
532,2,1
533,2,0
534,2,2
535,2,2
536,4,4
537,3,0
538,2,0
539,2,2
540,2,2
541,3,0
542,2,1
543,2,0
544,2,1
545,3,3
546,3,0
547,2,0
548,3,2
549,2,0
550,2,0
551,2,2
552,2,0
553,2,2
554,3,3
555,2,2
556,2,1
557,2,2
558,2,2
559,2,2
560,2,2
561,2,2
562,3,3
563,2,1
564,2,2
565,2,2
566,2,0
567,2,0
568,2,2
569,2,2
570,3,3
571,3,2
572,2,2
573,2,0
574,3,1
575,2,2
576,2,0
577,3,3
578,2,0
579,2,1
580,2,2
581,3,1
582,3,1
583,2,2
584,2,2
585,2,0
586,3,3
587,2,1
588,2,1
589,4,4
590,2,0
591,2,2
592,2,0
593,2,2
594,3,3
595,3,1
596,2,2
597,2,2
598,2,0
599,2,0
600,3,1
601,2,0
602,2,0
603,2,2
604,2,0
605,2,0
606,2,2
607,2,0
608,3,3
609,2,2
610,2,2
611,2,0
612,2,1
613,2,1
614,2,2
615,2,2
616,2,1
617,2,1
618,2,2
619,3,1
620,2,2
621,2,0
622,2,1
623,2,1
624,2,2
625,2,2
626,2,2
627,3,0
628,2,2
629,2,0
630,3,2
631,2,2
632,3,3
633,2,2
634,2,0
635,2,1
636,2,0
637,2,2
638,2,2
639,2,0
640,2,2
641,2,0
642,2,0
643,2,2
644,2,0
645,2,0
646,2,1
647,2,0
648,2,0
649,2,1
650,2,2
651,2,2
652,2,2
653,2,0
654,2,1
655,3,1
656,2,2
657,2,2
658,2,1
659,2,1
660,2,2
661,2,2
662,2,2
663,2,2
664,2,2
665,2,2
666,2,0
667,2,0
668,2,0
669,2,2
670,2,2
671,2,0
672,3,2
673,2,1
674,2,2
675,2,2
676,2,1
677,2,1
678,2,0
679,2,2
680,2,2
681,2,2
682,2,2
683,2,1
684,2,2
685,2,2
686,2,2
687,2,2
688,2,0
689,2,2
690,2,2
691,2,2
692,2,0
693,2,1
694,3,3
695,2,1
696,3,3
697,3,3
698,2,2
699,2,2
700,2,0
701,2,2
702,3,3
703,3,3
704,2,0
705,2,2
706,2,2
707,3,3
708,2,0
709,2,0
710,2,0
711,2,2
712,2,2
713,2,2
714,2,0
715,2,2
716,2,0
717,2,0
718,2,0
719,2,2
720,3,0
721,2,0
722,2,1
723,3,1
724,2,2
725,2,0
726,3,3
727,3,1
728,2,0
729,2,2
730,2,1
731,2,0
732,2,2
733,2,0
734,2,2
735,2,1
736,2,2
737,2,2
738,3,1
739,2,0
740,2,2
741,3,1
742,2,0
743,2,2
744,3,1
745,2,0
746,3,0
747,2,2
748,3,2
749,2,1
750,2,1
751,2,0
752,2,0
753,2,2
754,2,2
755,2,1
756,2,0
757,3,0
758,2,2
759,2,2
760,2,2
761,2,2
762,2,0
763,2,2
764,2,2
765,2,0
766,2,2
767,4,3
768,2,2
769,2,1
770,3,3
771,2,2
772,2,0
773,2,2
774,2,2
775,2,2
776,3,3
777,2,2
778,4,1
779,2,2
780,3,0
781,2,0
782,2,2
783,2,2
784,2,1
785,2,0
786,2,0
787,3,3
788,2,1
789,3,3
790,2,2
791,3,3
792,2,2
793,2,2
794,2,1
795,2,1
796,2,1
797,4,2
798,2,2
799,2,1
800,2,2
801,3,1
802,2,2
803,2,2
804,3,1
805,2,2
806,3,1
807,2,0
808,2,2
809,3,0
810,2,2
811,2,2
812,2,0
813,2,0
814,2,2
815,2,0
816,3,0
817,2,2
818,2,2
819,2,2
820,3,2
821,2,2
822,2,0
823,2,2
824,2,0
825,2,0
826,2,0
827,2,0
828,2,0
829,2,1
830,2,0
831,3,2
832,2,0
833,2,0
834,2,1
835,4,0
836,2,0
837,2,2
838,3,3
839,2,0
840,2,2
841,2,0
842,3,3
843,2,2
844,2,0
845,2,0
846,2,2
847,2,1
848,2,2
849,4,1
850,2,0
851,3,3
852,2,2
853,2,0
854,2,0
855,2,1
856,2,0
857,2,2
858,2,1
859,2,2
860,2,2
861,2,1
862,2,0
863,2,2
864,3,3
865,2,2
866,2,2
867,2,2
868,3,1
869,2,0
870,2,2
871,2,1
872,2,2
873,3,3
874,2,2
875,2,1
876,2,2
877,2,0
878,2,2
879,4,4
880,2,2
881,2,1
882,3,0
883,2,2
884,2,0
885,2,1
886,2,2
887,2,2
888,2,2
889,2,1
890,2,2
891,2,2
892,2,2
893,4,1
894,2,1
895,2,2
896,2,0
897,2,0
898,3,1
899,2,2
900,2,2
901,2,0
902,2,0
903,2,2
904,2,1
905,2,0
906,3,2
907,2,2
908,2,1
909,2,0
910,2,2
911,2,0
912,2,0
913,3,2
914,2,2
915,2,2
916,2,0
917,2,0
918,2,1
919,2,2
920,2,1
921,2,2
922,2,0
923,2,2
924,2,2
925,2,0
926,2,0
927,4,4
928,2,2
929,3,3
930,2,0
931,3,1
932,2,2
933,3,3
934,2,2
935,3,1
936,2,1
937,2,1
938,3,3
939,2,2
940,2,2
941,2,2
942,2,0
943,2,1
944,2,2
945,2,0
946,2,2
947,3,1
948,2,1
949,2,1
950,3,1
951,2,1
952,2,2
953,2,0
954,4,3
955,2,2
956,2,2
957,2,2
958,2,2
959,2,1
960,2,2
961,2,2
962,2,0
963,2,0
964,2,2
965,2,2
966,2,2
967,3,1
968,2,1
969,2,2
970,2,0
971,2,2
972,3,2
973,3,3
974,2,1
975,2,0
976,2,2
977,2,0
978,3,2
979,4,0
980,3,1
981,2,1
982,2,0
983,2,2
984,2,2
985,2,2
986,2,1
987,2,0
988,2,2
989,2,1
990,3,0
991,2,2
992,2,2
993,2,0
994,2,2
995,2,0
996,2,2
997,3,3
998,2,0
999,2,0
1000,2,0
1001,2,0
1002,3,3
1003,2,0
1004,4,4
1005,2,2
1006,2,2
1007,2,2
1008,3,3
1009,2,2
1010,4,3
1011,2,2
1012,2,2
1013,2,2
1014,2,2
1015,2,2
1016,2,2
1017,2,2
1018,2,0
1019,2,1
1020,2,2
1021,2,0
1022,2,2
1023,2,2
1024,3,3
1025,4,3
1026,2,0
1027,2,0
1028,2,2
1029,2,2
1030,4,3
1031,3,3
1032,2,2
1033,2,2
1034,2,2
1035,2,1
1036,2,2
1037,2,2
1038,2,2
1039,2,2
1040,2,2
1041,2,2
1042,3,1
1043,2,2
1044,2,2
1045,2,2
1046,2,1
1047,2,2
1048,2,2
1049,2,0
1050,3,2
1051,2,0
1052,2,2
1053,2,0
1054,2,0
1055,3,2
1056,2,2
1057,2,1
1058,2,1
1059,2,2
1060,2,0
1061,2,1
1062,2,0
1063,2,1
1064,2,2
1065,2,0
1066,3,3
1067,2,2
1068,2,2
1069,2,1
1070,2,0
1071,2,0
1072,2,2
1073,2,2
1074,2,2
1075,2,0
1076,4,4
1077,3,2
1078,2,2
1079,3,3
1080,2,0
1081,2,2
1082,2,2
1083,2,2
1084,2,1
1085,2,1
1086,4,0
1087,2,2
1088,2,0
1089,2,2
1090,2,2
1091,2,2
1092,3,0
1093,4,2
1094,2,1
1095,3,2
1096,2,2
1097,2,2
1098,3,1
1099,2,2
1100,2,0
1101,2,2
1102,3,2
1103,2,2
1104,4,2
1105,2,2
1106,2,2
1107,2,0
1108,2,1
1109,2,2
1110,3,2
1111,2,2
1112,2,0
1113,2,0
1114,2,2
1115,2,2
1116,3,3
1117,2,2
1118,2,2
1119,2,0
1120,2,0
1121,2,1
1122,3,3
1123,2,2
1124,3,3
1125,2,2
1126,2,2
1127,2,2
1128,2,0
1129,2,0
1130,2,0
1131,2,0
1132,3,3
1133,3,3
1134,2,0
1135,2,2
1136,2,2
1137,3,2
1138,3,2
1139,2,0
1140,2,0
1141,2,1
1142,2,1
1143,2,0
1144,3,1
1145,3,1
1146,2,2
1147,2,0
1148,2,0
1149,2,2
1150,2,2
1151,2,0
1152,2,2
1153,2,2
1154,3,3
1155,2,1
1156,2,2
1157,2,2
1158,2,0
1159,2,1
1160,3,2
1161,2,2
1162,2,2
1163,2,2
1164,2,0
1165,3,3
1166,2,1
1167,2,0
1168,2,2
1169,2,2
1170,2,2
1171,2,0
1172,2,1
1173,2,2
1174,2,0
1175,2,2
1176,2,0
1177,3,1
1178,2,2
1179,2,2
1180,2,2
1181,2,0
1182,2,2
1183,2,2
1184,2,2
1185,4,4
1186,2,0
1187,2,2
1188,2,1
1189,2,2
1190,2,2
1191,2,2
1192,2,2
1193,2,0
1194,2,2
1195,2,1
1196,2,2
1197,2,1
1198,2,2
1199,2,0
1200,2,1
1201,4,4
1202,2,2
1203,2,2
1204,2,0
1205,2,0
1206,3,0
1207,2,0
1208,2,0
1209,2,2
1210,2,2
1211,4,4
1212,2,2
1213,2,1
1214,2,0
1215,2,2
1216,2,0
1217,2,0
1218,2,2
1219,3,1
1220,3,3
1221,2,1
1222,2,2
1223,2,0
1224,2,1
1225,2,2
1226,2,0
1227,2,2
1228,2,1
1229,3,1
1230,2,2
1231,2,1
1232,3,2
1233,2,2
1234,2,0
1235,2,0
1236,2,1
1237,3,3
1238,3,1
1239,2,2
1240,2,0
1241,2,0
1242,2,2
1243,4,0
1244,2,1
1245,3,3
1246,2,0
1247,2,2
1248,2,0
1249,2,2
1250,2,2
1251,3,1
1252,3,3
1253,2,2
1254,2,0
1255,2,2
1256,3,2
1257,2,0
1258,2,0
1259,3,0
1260,2,0
1261,2,0
1262,2,1
1263,2,1
1264,2,2
1265,2,2
1266,2,2
1267,2,0
1268,2,2
1269,3,3
1270,4,0
1271,2,0
1272,2,1
1273,2,1
1274,4,3
1275,2,1
1276,2,2
1277,2,0
1278,2,1
1279,2,2
1280,2,2
1281,2,2
1282,2,2
1283,2,1
1284,3,1
1285,3,1
1286,2,2
1287,2,1
1288,4,4
1289,3,3
1290,2,2
1291,2,0
1292,3,0
1293,2,2
1294,2,0
1295,2,1
1296,2,2
1297,2,2
1298,3,1
1299,2,0
1300,2,0
1301,2,2
1302,4,2
1303,2,1
1304,2,2
1305,2,1
1306,2,0
1307,2,1
1308,2,2
1309,2,1
1310,2,2
1311,2,2
1312,2,2
1313,2,0
1314,2,2
1315,2,0
1316,2,0
1317,2,0
1318,2,2
1319,2,2
1320,2,2
1321,2,2
1322,2,0
1323,2,2
1324,2,0
1325,2,1
1326,2,0
1327,2,2
1328,2,2
1329,2,2
1330,2,2
1331,2,2
1332,2,2
1333,3,3
1334,2,2
1335,2,0
1336,3,3
1337,3,3
1338,2,1
1339,3,1
1340,2,2
1341,2,0
1342,2,2
1343,3,1
1344,2,2
1345,2,2
1346,3,3
1347,3,3
1348,2,0
1349,2,2
1350,3,1
1351,2,1
1352,2,2
1353,2,0
1354,2,2
1355,2,0
1356,2,1
1357,2,0
1358,2,2
1359,2,2
1360,2,2
1361,2,0
1362,2,2
1363,2,2
1364,4,4
1365,2,0
1366,2,2
1367,2,2
1368,3,3
1369,2,0
1370,2,2
1371,3,0
1372,2,1
1373,2,2
1374,2,1
1375,2,1
1376,2,1
1377,2,2
1378,2,0
1379,2,1
1380,2,2
1381,2,2
1382,2,2
1383,2,0
1384,2,0
1385,2,0
1386,2,1
1387,2,2
1388,2,2
1389,2,0
1390,3,2
1391,2,0
1392,2,2
1393,2,1
1394,2,1
1395,2,0
1396,2,2
1397,3,3
1398,2,0
1399,2,2
1400,2,2
1401,2,2
1402,2,2
1403,3,2
1404,2,1
1405,3,1
1406,2,2
1407,2,1
1408,2,1
1409,2,2
1410,3,0
1411,2,2
1412,2,2
1413,2,1
1414,2,2
1415,2,2
1416,2,0
1417,2,2
1418,2,2
1419,2,0
1420,3,3
1421,2,2
1422,2,2
1423,2,2
1424,2,2
1425,2,2
1426,2,2
1427,4,4
1428,2,2
1429,2,2
1430,2,2
1431,2,0
1432,2,1
1433,2,2
1434,2,2
1435,2,2
1436,2,2
1437,2,2
1438,2,0
1439,2,2
1440,2,0
1441,2,0
1442,2,1
1443,2,2
1444,2,2
1445,2,2
1446,2,2
1447,2,1
1448,3,0
1449,2,2
1450,2,0
1451,3,3
1452,2,2
1453,3,0
1454,2,0
1455,2,0
1456,2,0
1457,2,1
1458,2,2
1459,2,1
1460,2,0
1461,2,2
1462,3,0
1463,2,0
1464,2,2
1465,2,0
1466,3,3
1467,2,2
1468,2,2
1469,2,2
1470,2,0
1471,2,2
1472,2,1
1473,2,1
1474,2,2
1475,2,0
1476,2,1
1477,3,0
1478,3,0
1479,2,2
1480,2,0
1481,2,1
1482,2,2
1483,2,0
1484,2,1
1485,2,0
1486,2,2
1487,2,0
1488,2,2
1489,2,2
1490,3,3
1491,2,0
1492,2,0
1493,2,2
1494,2,2
1495,2,0
1496,3,2
1497,2,0
1498,2,2
1499,2,1
1500,2,0
1501,2,1
1502,2,0
1503,2,2
1504,2,0
1505,2,0
1506,3,1
1507,2,1
1508,2,1
1509,3,3
1510,2,2
1511,2,1
1512,2,0
1513,2,0
1514,2,1
1515,2,2
1516,2,2
1517,3,3
1518,2,0
1519,2,0
1520,2,2
1521,2,2
1522,2,2
1523,3,0
1524,3,3
1525,4,3
1526,2,2
1527,2,2
1528,3,1
1529,3,0
1530,3,1
1531,2,0
1532,2,2
1533,2,2
1534,2,2
1535,3,0
1536,2,1
1537,2,2
1538,2,2
1539,2,2
1540,3,3
1541,2,2
1542,2,0
1543,2,2
1544,3,3
1545,2,1
1546,3,1
1547,2,1
1548,3,3
1549,2,1
1550,4,0
1551,2,1
1552,2,1
1553,2,0
1554,2,1
1555,2,0
1556,2,0
1557,2,0
1558,2,0
1559,2,2
1560,3,3
1561,2,2
1562,2,2
1563,2,0
1564,2,0
1565,3,3
1566,2,1
1567,2,1
1568,2,1
1569,2,1
1570,2,2
1571,2,1
1572,2,1
1573,2,0
1574,2,2
1575,2,2
1576,3,1
1577,2,2
1578,2,2
1579,2,2
1580,2,0
1581,3,2
1582,3,3
1583,2,0
1584,3,2
1585,2,0
1586,3,2
1587,2,2
1588,2,0
1589,2,2
1590,2,2
1591,3,3
1592,2,1
1593,2,2
1594,2,2
1595,2,1
1596,2,1
1597,2,1
1598,2,0
1599,2,0
1600,2,2
1601,2,2
1602,4,2
1603,2,1
1604,3,0
1605,2,2
1606,2,0
1607,2,2
1608,2,2
1609,2,1
1610,2,2
1611,2,0
1612,3,0
1613,2,2
1614,2,0
1615,3,1
1616,2,2
1617,2,2
1618,2,0
1619,2,2
1620,2,2
1621,2,0
1622,2,0
1623,3,0
1624,3,3
1625,2,1
1626,2,1
1627,3,0
1628,2,0
1629,2,0
1630,2,1
1631,2,0
1632,2,1
1633,2,2
1634,2,2
1635,2,2
1636,3,1
1637,2,0
1638,2,1
1639,2,1
1640,2,2
1641,2,0
1642,2,1
1643,2,2
1644,2,2
1645,2,2
1646,2,1
1647,2,1
1648,2,2
1649,3,1
1650,2,2
1651,2,0
1652,2,0
1653,2,2
1654,3,3
1655,3,3
1656,2,1
1657,2,0
1658,2,1
1659,2,1
1660,2,2
1661,2,2
1662,2,0
1663,2,0
1664,2,2
1665,3,2
1666,2,0
1667,2,2
1668,2,2
1669,2,0
1670,2,0
1671,2,0
1672,2,0
1673,3,3
1674,2,2
1675,2,1
1676,2,1
1677,2,0
1678,2,0
1679,3,0
1680,2,0
1681,2,2
1682,3,1
1683,3,0
1684,2,2
1685,2,0
1686,2,1
1687,2,0
1688,2,2
1689,2,2
1690,2,1
1691,2,2
1692,2,2
1693,2,2
1694,2,2
1695,2,2
1696,2,2
1697,2,0
1698,2,0
1699,2,1
1700,3,0
1701,2,1
1702,2,0
1703,2,1
1704,2,2
1705,3,3
1706,2,2
1707,2,0
1708,2,0
1709,3,3
1710,3,0
1711,2,1
1712,2,0
1713,3,3
1714,2,2
1715,3,3
1716,2,2
1717,2,2
1718,2,0
1719,2,2
1720,2,0
1721,2,2
1722,3,2
1723,2,0
1724,3,0
1725,2,2
1726,2,0
1727,2,2
1728,2,1
1729,2,2
1730,2,2
1731,2,2
1732,2,2
1733,2,1
1734,2,0
1735,2,1
1736,3,2
1737,2,2
1738,2,2
1739,2,0
1740,2,2
1741,2,2
1742,2,2
1743,2,0
1744,2,2
1745,2,2
1746,2,0
1747,2,2
1748,2,0
1749,3,0
1750,2,2
1751,3,2
1752,2,2
1753,2,0
1754,2,1
1755,2,0
1756,3,1
1757,3,3
1758,2,2
1759,2,2
1760,2,2
1761,2,0
1762,2,1
1763,2,2
1764,2,2
1765,2,1
1766,2,0
1767,2,1
1768,4,2
1769,3,2
1770,2,2
1771,2,2
1772,2,0
1773,2,0
1774,2,1
1775,2,2
1776,3,2
1777,3,3
1778,2,2
1779,2,1
1780,2,2
1781,2,1
1782,2,2
1783,3,3
1784,2,1
1785,2,2
1786,2,1
1787,3,1
1788,2,0
1789,2,0
1790,2,2
1791,2,2
1792,2,2
1793,2,2
1794,2,1
1795,2,2
1796,3,3
1797,2,1
1798,2,0
1799,3,0
1800,2,0
1801,3,3
1802,2,2
1803,2,1
1804,2,2
1805,2,2
1806,3,3
1807,2,0
1808,2,2
1809,3,1
1810,2,2
1811,3,2
1812,2,1
1813,2,0
1814,2,2
1815,2,2
1816,3,0
1817,2,2
1818,3,0
1819,3,3
1820,2,1
1821,2,1
1822,3,3
1823,2,0
1824,2,1
1825,2,1
1826,2,0
1827,2,1
1828,2,0
1829,2,0
1830,2,2
1831,4,2
1832,4,4
1833,2,0
1834,2,2
1835,2,2
1836,2,2
1837,2,2
1838,2,2
1839,2,2
1840,3,2
1841,2,2
1842,2,2
1843,2,2
1844,2,0
1845,2,0
1846,2,2
1847,2,1
1848,3,1
1849,2,0
1850,2,0
1851,2,2
1852,4,1
1853,2,2
1854,2,1
1855,2,0
1856,2,2
1857,2,0
1858,2,2
1859,2,2
1860,2,1
1861,2,2
1862,2,1
1863,2,2
1864,2,1
1865,2,2
1866,2,0
1867,2,2
1868,2,1
1869,2,0
1870,3,0
1871,2,1
1872,2,0
1873,3,0
1874,2,0
1875,2,0
1876,3,3
1877,3,3
1878,2,2
1879,2,0
1880,3,0
1881,2,1
1882,4,3
1883,2,1
1884,2,0
1885,3,3
1886,2,2
1887,2,1
1888,2,0
1889,2,0
1890,2,2
1891,2,2
1892,3,3
1893,2,0
1894,2,0
1895,2,2
1896,2,2
1897,2,2
1898,2,1
1899,3,1
1900,2,2
1901,2,1
1902,2,2
1903,2,2
1904,2,2
1905,2,0
1906,2,2
1907,2,0
1908,2,2
1909,3,0
1910,3,2
1911,2,2
1912,2,0
1913,2,0
1914,2,1
1915,3,3
1916,3,3
1917,2,0
1918,2,0
1919,2,1
1920,3,2
1921,4,1
1922,2,2
1923,2,0
1924,2,1
1925,2,0
1926,2,2
1927,2,2
1928,2,0
1929,2,0
1930,2,0
1931,2,0
1932,2,1
1933,3,3
1934,2,2
1935,2,0
1936,2,0
1937,2,1
1938,2,2
1939,2,0
1940,2,0
1941,2,2
1942,2,1
1943,2,2
1944,3,2
1945,2,0
1946,2,2
1947,3,1
1948,3,3
1949,2,2
1950,2,0
1951,4,3
1952,2,2
1953,3,1
1954,2,0
1955,2,1
1956,2,1
1957,2,2
1958,2,2
1959,2,0
1960,2,2
1961,3,2
1962,2,2
1963,2,0
1964,2,1
1965,3,1
1966,3,1
1967,2,1
1968,2,2
1969,2,1
1970,2,2
1971,2,2
1972,3,1
1973,2,2
1974,2,0
1975,2,2
1976,2,0
1977,4,1
1978,2,0
1979,3,3
1980,2,2
1981,2,2
1982,2,1
1983,2,2
1984,2,0
1985,2,2
1986,3,2
1987,3,1
1988,2,2
1989,2,2
1990,2,0
1991,2,1
1992,2,2
1993,2,2
1994,3,0
1995,2,2
1996,2,2
1997,2,0
1998,2,2
1999,2,1
2000,2,0
2001,3,2
2002,2,2
2003,2,1
2004,3,1
2005,2,0
2006,2,0
2007,2,2
2008,2,2
2009,3,1
2010,2,2
2011,2,0
2012,2,0
2013,4,0
2014,2,1
2015,2,2
2016,2,1
2017,2,2
2018,3,3
2019,4,1
2020,2,0
2021,2,2
2022,2,1
2023,2,2
2024,2,1
2025,2,1
2026,2,1
2027,2,0
2028,2,2
2029,2,2
2030,2,2
2031,2,0
2032,2,0
2033,3,0
2034,2,0
2035,2,2
2036,2,0
2037,3,3
2038,2,1
2039,3,2
2040,2,2
2041,2,2
2042,2,0
2043,2,0
2044,2,1
2045,4,0
2046,2,2
2047,2,1
2048,2,0
2049,2,2
2050,2,0
2051,2,0
2052,2,1
2053,2,0
2054,2,0
2055,3,3
2056,2,2
2057,3,2
2058,2,1
2059,2,2
2060,2,0
2061,2,1
2062,3,1
2063,2,0
2064,2,1
2065,4,4
2066,2,2
2067,2,0
2068,2,0
2069,2,1
2070,2,1
2071,2,2
2072,2,2
2073,2,1
2074,2,2
2075,2,1
2076,2,0
2077,2,0
2078,2,2
2079,3,1
2080,2,2
2081,2,2
2082,2,2
2083,2,2
2084,2,2
2085,2,0
2086,2,0
2087,3,2
2088,3,3
2089,2,0
2090,2,0
2091,2,2
2092,2,2
2093,2,0
2094,2,2
2095,2,0
2096,2,0
2097,3,2
2098,2,2
2099,2,2
2100,2,0
2101,3,1
2102,4,0
2103,2,0
2104,2,2
2105,2,0
2106,3,3
2107,2,1
2108,2,2
2109,2,2
2110,2,1
2111,2,0
2112,2,0
2113,2,1
2114,3,2
2115,2,0
2116,2,0
2117,2,2
2118,2,2
2119,2,2
2120,2,0
2121,2,0
2122,2,2
2123,2,2
2124,2,2
2125,3,3
2126,2,0
2127,2,2
2128,2,1
2129,2,2
2130,2,2
2131,2,1
2132,2,2
2133,2,1
2134,2,2
2135,2,2
2136,2,2
2137,2,2
2138,2,0
2139,3,3
2140,3,3
2141,2,1
2142,2,2
2143,2,2
2144,2,2
2145,2,1
2146,2,2
2147,2,2
2148,2,2
2149,4,3
2150,2,0
2151,2,2
2152,2,1
2153,2,2
2154,2,2
2155,2,2
2156,3,3
2157,3,1
2158,2,2
2159,3,1
2160,2,0
2161,2,2
2162,2,2
2163,2,0
2164,2,0
2165,2,0
2166,2,1
2167,2,0
2168,3,0
2169,3,1
2170,3,2
2171,2,2
2172,2,1
2173,2,0
2174,3,2
2175,2,2
2176,4,4
2177,2,0
2178,2,0
2179,2,2
2180,4,2
2181,3,2
2182,2,2
2183,2,0
2184,2,0
2185,2,2
2186,3,2
2187,2,2
2188,2,1
2189,4,2
2190,2,0
2191,2,2
2192,2,0
2193,3,3
2194,2,2
2195,2,2
2196,2,0
2197,2,2
2198,2,2
2199,2,0
2200,2,2
2201,2,2
2202,2,0
2203,3,2
2204,3,3
2205,2,2
2206,2,1
2207,2,2
2208,3,3
2209,3,3
2210,2,0
2211,3,3
2212,2,1
2213,2,0
2214,2,2
2215,2,0
2216,2,2
2217,2,0
2218,2,2
2219,3,1
2220,2,1
2221,2,2
2222,2,0
2223,2,2
2224,3,3
2225,2,0
2226,4,0
2227,2,0
2228,2,2
2229,2,1
2230,3,1
2231,2,0
2232,2,2
2233,3,3
2234,2,0
2235,2,2
2236,4,2
2237,2,2
2238,2,0
2239,2,1
2240,2,2
2241,2,2
2242,4,2
2243,2,0
2244,2,0
2245,2,2
2246,2,1
2247,2,0
2248,3,3
2249,3,2
2250,3,1
2251,2,2
2252,3,1
2253,2,2
2254,2,1
2255,2,0
2256,2,2
2257,3,3
2258,2,2
2259,2,2
2260,2,0
2261,3,3
2262,2,0
2263,2,2
2264,3,1
2265,2,0
2266,2,2
2267,2,2
2268,2,0
2269,2,0
2270,2,2
2271,2,0
2272,2,2
2273,2,0
2274,3,1
2275,2,1
2276,2,0
2277,3,2
2278,2,2
2279,2,1
2280,2,1
2281,3,1
2282,2,2
2283,3,2
2284,2,2
2285,2,2
2286,2,2
2287,2,2
2288,2,2
2289,3,2
2290,2,1
2291,2,0
2292,3,3
2293,3,1
2294,2,0
2295,2,2
2296,2,0
2297,2,1
2298,4,1
2299,2,2
2300,3,2
2301,2,1
2302,4,1
2303,2,0
2304,2,2
2305,2,2
2306,2,2
2307,2,1
2308,2,2
2309,2,0
2310,2,2
2311,2,0
2312,2,2
2313,2,2
2314,2,2
2315,2,1
2316,2,0
2317,3,3
2318,2,1
2319,2,2
2320,2,1
2321,2,2
2322,2,2
2323,2,2
2324,2,0
2325,3,3
2326,2,2
2327,2,2
2328,2,2
2329,2,2
2330,2,2
2331,2,1
2332,2,0
2333,2,0
2334,3,3
2335,2,2
2336,3,3
2337,2,2
2338,2,2
2339,3,2
2340,3,2
2341,2,2
2342,2,2
2343,3,1
2344,2,2
2345,2,1
2346,2,0
2347,2,0
2348,2,2
2349,2,0
2350,2,2
2351,3,0
2352,2,2
2353,3,3
2354,2,2
2355,2,0
2356,2,2
2357,2,2
2358,2,2
2359,3,0
2360,2,0
2361,3,1
2362,2,1
2363,3,3
2364,2,2
2365,2,0
2366,2,1
2367,2,2
2368,2,0
2369,2,1
2370,2,2
2371,2,0
2372,2,0
2373,2,1
2374,3,3
2375,3,0
2376,2,2
2377,2,1
2378,2,0
2379,2,1
2380,2,2
2381,3,0
2382,2,0
2383,3,3
2384,2,0
2385,3,1
2386,2,2
2387,3,0
2388,2,2
2389,2,2
2390,2,2
2391,2,2
2392,3,3
2393,4,2
2394,2,2
2395,2,2
2396,2,2
2397,2,2
2398,3,3
2399,2,0
2400,2,0
2401,2,2
2402,3,2
2403,4,4
2404,2,1
2405,2,2
2406,2,2
2407,2,2
2408,2,2
2409,2,2
2410,3,1
2411,2,0
2412,2,2
2413,2,2
2414,2,1
2415,2,2
2416,2,0
2417,2,0
2418,2,2
2419,2,1
2420,2,1
2421,2,0
2422,2,2
2423,3,0
2424,2,2
2425,2,0
2426,3,2
2427,2,2
2428,2,2
2429,2,2
2430,2,0
2431,2,1
2432,2,2
2433,2,2
2434,2,1
2435,3,3
2436,2,0
2437,3,0
2438,2,2
2439,2,0
2440,2,0
2441,3,1
2442,2,0
2443,2,2
2444,2,0
2445,2,2
2446,2,1
2447,4,0
2448,2,2
2449,3,2
2450,2,2
2451,2,2
2452,2,2
2453,2,0
2454,3,0
2455,3,1
2456,2,1
2457,2,0
2458,2,2
2459,2,1
2460,2,2
2461,2,2
2462,3,1
2463,2,1
2464,2,0
2465,2,2
2466,2,1
2467,2,2
2468,2,1
2469,2,2
2470,3,3
2471,3,2
2472,2,0
2473,2,0
2474,3,3
2475,2,2
2476,2,0
2477,2,1
2478,2,2
2479,2,2
2480,3,2
2481,2,0
2482,2,0
2483,2,0
2484,2,0
2485,2,1
2486,2,2
2487,2,0
2488,2,2
2489,2,2
2490,2,2
2491,2,0
2492,2,2
2493,2,2
2494,2,1
2495,2,0
2496,3,3
2497,2,2
2498,2,0
2499,2,0
2500,2,2
2501,2,2
2502,2,1
2503,2,0
2504,2,1
2505,2,2
2506,2,0
2507,2,1
2508,2,0
2509,2,0
2510,2,0
2511,2,1
2512,2,2
2513,3,1
2514,2,1
2515,2,2
2516,2,1
2517,2,2
2518,2,0
2519,2,2
2520,2,2
2521,2,0
2522,4,1
2523,3,0
2524,2,2
2525,2,0
2526,2,2
2527,2,0
2528,2,0
2529,3,2
2530,2,0
2531,2,0
2532,2,2
2533,2,1
2534,2,2
2535,2,0
2536,2,2
2537,2,2
2538,4,3
2539,2,0
2540,2,2
2541,2,2
2542,2,2
2543,2,0
2544,2,0
2545,2,0
2546,2,1
2547,2,0
2548,2,0
2549,2,0
2550,2,2
2551,2,1
2552,2,1
2553,2,0
2554,2,2
2555,2,0
2556,2,0
2557,2,2
2558,3,2
2559,2,2
2560,2,2
2561,2,2
2562,2,2
2563,2,2
2564,3,0
2565,2,0
2566,2,2
2567,2,0
2568,2,1
2569,3,0
2570,2,2
2571,2,2
2572,2,0
2573,2,2
2574,2,2
2575,2,2
2576,2,2
2577,2,2
2578,2,1
2579,2,1
2580,2,2
2581,2,1
2582,2,2
2583,2,0
2584,2,2
2585,2,0
2586,2,2
2587,3,3
2588,4,4
2589,3,3
2590,2,2
2591,2,2
2592,2,0
2593,2,1
2594,2,2
2595,3,3
2596,2,0
2597,2,0
2598,2,2
2599,2,0
2600,2,2
2601,2,0
2602,2,1
2603,2,0
2604,2,0
2605,2,2
2606,2,0
2607,2,0
2608,4,0
2609,3,2
2610,2,0
2611,2,2
2612,2,0
2613,2,2
2614,2,1
2615,2,1
2616,2,1
2617,2,1
2618,2,0
2619,3,3
2620,4,4
2621,3,3
2622,2,1
2623,2,0
2624,2,0
2625,2,2
2626,3,0
2627,3,1
2628,2,0
2629,2,1
2630,2,0
2631,2,0
2632,2,1
2633,2,2
2634,2,2
2635,2,1
2636,2,1
2637,2,2
2638,2,0
2639,2,2
2640,2,2
2641,2,1
2642,2,1
2643,2,2
2644,2,2
2645,2,2
2646,3,3
2647,2,2
2648,2,0
2649,2,2
2650,2,2
2651,2,2
2652,2,2
2653,3,3
2654,4,2
2655,2,2
2656,2,2
2657,2,2
2658,2,0
2659,2,2
2660,2,1
2661,3,2
2662,2,0
2663,2,0
2664,2,2
2665,4,1
2666,2,0
2667,3,3
2668,2,0
2669,2,0
2670,2,0
2671,2,1
2672,2,0
2673,2,1
2674,2,0
2675,2,1
2676,2,0
2677,3,3
2678,2,0
2679,3,2
2680,2,1
2681,2,2
2682,4,0
2683,2,0
2684,2,1
2685,3,3
2686,2,2
2687,2,2
2688,3,0
2689,2,2
2690,2,2
2691,3,0
2692,2,0
2693,2,2
2694,2,1
2695,3,1
2696,2,1
2697,2,0
2698,2,0
2699,2,1
2700,2,1
2701,2,2
2702,2,2
2703,2,2
2704,2,0
2705,2,1
2706,3,2
2707,2,2
2708,2,2
2709,2,2
2710,2,2
2711,3,3
2712,2,0
2713,2,1
2714,2,0
2715,2,2
2716,4,2
2717,2,2
2718,2,2
2719,2,0
2720,2,2
2721,2,0
2722,2,0
2723,3,0
2724,2,2
2725,3,3
2726,2,0
2727,2,1
2728,2,0
2729,2,2
2730,4,0
2731,2,1
2732,3,3
2733,2,0
2734,2,0
2735,2,2
2736,2,0
2737,2,2
2738,2,1
2739,2,2
2740,3,0
2741,2,2
2742,2,2
2743,2,0
2744,3,0
2745,2,2
2746,2,2
2747,2,2
2748,2,1
2749,3,3
2750,2,1
2751,2,2
2752,2,2
2753,3,1
2754,2,0
2755,2,2
2756,2,0
2757,2,2
2758,2,0
2759,2,0
2760,3,3
2761,2,2
2762,2,2
2763,2,2
2764,2,2
2765,3,1
2766,2,0
2767,2,0
2768,2,1
2769,2,2
2770,2,1
2771,2,1
2772,2,2
2773,4,4
2774,2,0
2775,2,2
2776,2,2
2777,2,2
2778,2,2
2779,2,1
2780,3,2
2781,2,0
2782,2,0
2783,2,2
2784,2,1
2785,2,2
2786,2,1
2787,2,1
2788,2,1
2789,2,2
2790,2,0
2791,2,2
2792,2,1
2793,2,0
2794,3,1
2795,2,0
2796,3,3
2797,2,1
2798,3,2
2799,2,2
2800,2,2
2801,2,2
2802,2,2
2803,2,2
2804,2,1
2805,2,0
2806,2,1
2807,3,0
2808,2,0
2809,2,2
2810,2,2
2811,2,0
2812,2,0
2813,2,1
2814,3,3
2815,2,0
2816,2,2
2817,2,2
2818,2,0
2819,2,0
2820,2,0
2821,3,2
2822,3,3
2823,2,1
2824,2,2
2825,2,1
2826,2,2
2827,2,1
2828,2,0
2829,2,0
2830,2,1
2831,2,2
2832,2,0
2833,2,2
2834,2,2
2835,2,1
2836,2,0
2837,2,1
2838,2,2
2839,2,2
2840,2,2
2841,2,2
2842,2,2
2843,2,2
2844,2,2
2845,2,0
2846,2,0
2847,2,1
2848,2,1
2849,4,0
2850,3,2
2851,3,1
2852,2,2
2853,2,2
2854,2,0
2855,2,2
2856,2,0
2857,2,1
2858,3,2
2859,2,2
2860,2,1
2861,2,2
2862,2,2
2863,2,1
2864,2,2
2865,2,2
2866,2,2
2867,2,2
2868,2,0
2869,2,2
2870,2,2
2871,2,2
2872,3,2
2873,2,2
2874,2,2
2875,2,0
2876,2,1
2877,2,0
2878,2,1
2879,3,2
2880,2,0
2881,2,2
2882,2,1
2883,2,2
2884,4,0
2885,2,0
2886,2,1
2887,2,2
2888,2,1
2889,3,3
2890,2,2
2891,2,0
2892,2,2
2893,2,0
2894,2,2
2895,2,1
2896,3,3
2897,2,2
2898,2,0
2899,2,2
2900,2,0
2901,2,2
2902,3,1
2903,4,2
2904,2,2
2905,2,2
2906,2,2
2907,3,0
2908,2,0
2909,2,2
2910,2,1
2911,2,2
2912,2,0
2913,2,1
2914,2,2
2915,2,0
2916,2,2
2917,2,0
2918,2,0
2919,3,3
2920,2,1
2921,2,2
2922,2,0
2923,2,2
2924,2,0
2925,3,3
2926,2,2
2927,3,3
2928,2,1
2929,2,2
2930,2,2
2931,2,0
2932,2,0
2933,2,0
2934,3,3
2935,2,2
2936,2,1
2937,2,0
2938,2,2
2939,2,1
2940,2,2
2941,2,2
2942,2,2
2943,2,1
2944,2,0
2945,2,1
2946,2,2
2947,2,2
2948,3,1
2949,2,1
2950,2,0
2951,3,3
2952,2,2
2953,2,1
2954,2,2
2955,2,1
2956,2,2
2957,2,0
2958,2,2
2959,2,0
2960,3,1
2961,2,0
2962,2,2
2963,2,2
2964,3,1
2965,2,2
2966,2,1
2967,2,2
2968,2,0
2969,2,1
2970,2,0
2971,2,0
2972,2,2
2973,3,2
2974,2,2
2975,3,3
2976,2,1
2977,2,2
2978,3,0
2979,2,2
2980,4,0
2981,2,2
2982,2,0
2983,2,0
2984,2,1
2985,2,2
2986,2,0
2987,2,0
2988,2,1
2989,2,2
2990,2,1
2991,4,3
2992,2,1
2993,2,1
2994,2,2
2995,2,0
2996,2,0
2997,2,2
2998,3,3
2999,4,4
3000,4,4
3001,2,2
3002,2,0
3003,2,2
3004,3,0
3005,2,2
3006,2,2
3007,2,1
3008,2,0
3009,3,1
3010,2,2
3011,2,0
3012,2,2
3013,2,2
3014,2,2
3015,2,0
3016,2,2
3017,2,2
3018,2,2
3019,2,1
3020,2,0
3021,2,1
3022,2,2
3023,2,2
3024,2,0
3025,2,2
3026,2,1
3027,2,2
3028,3,3
3029,4,4
3030,2,2
3031,2,1
3032,2,0
3033,3,1
3034,2,0
3035,2,0
3036,2,2
3037,4,2
3038,2,1
3039,2,0
3040,3,0
3041,2,2
3042,3,2
3043,3,1
3044,2,2
3045,2,2
3046,2,0
3047,3,0
3048,4,4
3049,2,1
3050,2,2
3051,2,1
3052,2,2
3053,2,0
3054,2,2
3055,2,0
3056,2,0
3057,2,2
3058,2,1
3059,2,2
3060,2,2
3061,2,2
3062,2,0
3063,2,2
3064,4,4
3065,3,3
3066,2,2
3067,2,0
3068,2,1
3069,2,1
3070,3,0
3071,2,1
3072,2,0
3073,2,2
3074,3,3
3075,2,0
3076,2,2
3077,2,2
3078,2,1
3079,2,2
3080,3,3
3081,2,0
3082,2,0
3083,2,0
3084,2,0
3085,2,2
3086,3,3
3087,2,2
3088,2,1
3089,2,0
3090,2,1
3091,2,1
3092,2,0
3093,2,0
3094,2,2
3095,3,1
3096,4,2
3097,2,0
3098,2,0
3099,2,2
3100,2,2
3101,2,0
3102,2,1
3103,2,1
3104,2,2
3105,2,2
3106,2,0
3107,2,2
3108,3,2
3109,3,2
3110,3,1
3111,2,2
3112,2,0
3113,2,2
3114,3,1
3115,2,0
3116,3,3
3117,2,1
3118,2,1
3119,2,0
3120,4,0
3121,2,2
3122,2,0
3123,2,1
3124,2,2
3125,2,0
3126,2,1
3127,2,0
3128,2,1
3129,2,0
3130,3,1
3131,3,3
3132,2,0
3133,2,0
3134,2,2
3135,2,1
3136,2,2
3137,2,0
3138,2,1
3139,2,0
3140,2,2
3141,2,2
3142,4,3
3143,2,1
3144,2,1
3145,2,1
3146,2,2
3147,2,1
3148,2,2
3149,2,1
3150,2,0
3151,2,1
3152,2,1
3153,3,2
3154,3,2
3155,2,2
3156,2,1
3157,2,0
3158,2,2
3159,2,2
3160,2,0
3161,3,1
3162,4,0
3163,2,2
3164,3,3
3165,2,2
3166,2,0
3167,2,1
3168,2,0
3169,2,0
3170,2,1
3171,2,2
3172,2,2
3173,2,0
3174,2,2
3175,2,2
3176,2,2
3177,2,1
3178,2,1
3179,2,1
3180,2,0
3181,2,2
3182,2,0
3183,2,2
3184,2,2
3185,2,1
3186,2,1
3187,2,0
3188,3,0
3189,2,2
3190,2,0
3191,2,2
3192,2,0
3193,2,2
3194,2,0
3195,4,0
3196,2,2
3197,2,0
3198,2,2
3199,2,2
3200,2,0
3201,2,0
3202,2,2
3203,3,2
3204,2,2
3205,2,1
3206,2,2
3207,2,1
3208,2,2
3209,2,0
3210,2,1
3211,2,2
3212,3,1
3213,2,2
3214,3,2
3215,2,1
3216,2,0
3217,2,1
3218,2,2
3219,2,2
3220,2,1
3221,3,2
3222,2,2
3223,2,0
3224,2,1
3225,4,3
3226,2,2
3227,2,0
3228,2,0
3229,2,2
3230,2,1
3231,2,0
3232,2,2
3233,2,0
3234,2,0
3235,2,2
3236,2,2
3237,2,0
3238,2,1
3239,4,4
3240,3,3
3241,2,2
3242,2,1
3243,2,1
3244,2,2
3245,2,0
3246,2,0
3247,2,1
3248,2,1
3249,3,3
3250,2,2
3251,2,2
3252,2,2
3253,2,2
3254,2,2
3255,2,2
3256,3,0
3257,4,4
3258,2,1
3259,2,1
3260,2,2
3261,2,0
3262,2,0
3263,3,2
3264,2,2
3265,2,2
3266,2,1
3267,2,0
3268,2,2
3269,2,2
3270,2,2
3271,2,0
3272,2,1
3273,2,0
3274,2,0
3275,2,1
3276,2,1
3277,2,1
3278,2,1
3279,2,2
3280,2,2
3281,2,0
3282,2,1
3283,2,2
3284,2,1
3285,2,1
3286,2,0
3287,2,2
3288,2,0
3289,2,1
3290,2,2
3291,2,2
3292,2,2
3293,2,2
3294,2,0
3295,2,0
3296,2,2
3297,3,1
3298,2,1
3299,4,2
3300,2,2
3301,2,2
3302,3,3
3303,2,2
3304,2,1
3305,2,1
3306,2,2
3307,2,2
3308,2,2
3309,2,1
3310,2,2
3311,3,1
3312,2,1
3313,2,2
3314,2,0
3315,2,2
3316,2,2
3317,2,2
3318,2,0
3319,3,3
3320,2,1
3321,2,2
3322,2,0
3323,2,2
3324,2,1
3325,2,0
3326,3,1
3327,2,0
3328,2,1
3329,2,0
3330,2,2
3331,2,0
3332,2,0
3333,4,0
3334,2,1
3335,3,1
3336,2,0
3337,2,1
3338,2,0
3339,3,3
3340,2,2
3341,2,2
3342,2,0
3343,2,2
3344,4,2
3345,2,1
3346,2,1
3347,2,1
3348,2,2
3349,2,2
3350,2,2
3351,2,0
3352,2,2
3353,2,0
3354,2,2
3355,4,2
3356,2,2
3357,2,2
3358,2,2
3359,2,2
3360,2,1
3361,2,0
3362,2,2
3363,2,0
3364,3,1
3365,2,0
3366,3,3
3367,2,2
3368,2,2
3369,2,2
3370,2,2
3371,2,0
3372,3,0
3373,2,1
3374,2,0
3375,3,2
3376,2,1
3377,4,2
3378,2,0
3379,2,1
3380,2,0
3381,3,3
3382,2,2
3383,2,0
3384,2,2
3385,2,0
3386,2,1
3387,2,0
3388,2,2
3389,2,0
3390,4,3
3391,3,3
3392,4,3
3393,2,1
3394,2,1
3395,3,2
3396,2,1
3397,2,1
3398,2,1
3399,2,0
3400,2,2
3401,2,0
3402,3,3
3403,2,2
3404,3,3
3405,2,2
3406,2,0
3407,2,0
3408,2,2
3409,2,2
3410,3,0
3411,3,3
3412,2,2
3413,2,0
3414,2,2
3415,2,1
3416,2,2
3417,2,2
3418,2,0
3419,2,1
3420,2,2
3421,2,2
3422,2,0
3423,2,2
3424,2,2
3425,2,0
3426,2,2
3427,2,2
3428,2,1
3429,2,0
3430,2,0
3431,2,2
3432,2,2
3433,2,1
3434,2,1
3435,2,2
3436,2,2
3437,2,0
3438,2,2
3439,2,2
3440,2,0
3441,2,2
3442,2,0
3443,2,2
3444,2,2
3445,2,1
3446,2,1
3447,2,1
3448,2,2
3449,2,2
3450,2,1
3451,2,0
3452,2,1
3453,2,0
3454,2,1
3455,2,2
3456,2,1
3457,2,0
3458,2,2
3459,2,1
3460,2,0
3461,2,1
3462,2,2
3463,2,2
3464,2,2
3465,2,0
3466,2,0
3467,4,2
3468,2,0
3469,2,0
3470,2,0
3471,2,2
3472,2,2
3473,2,0
3474,2,2
3475,2,0
3476,2,0
3477,3,1
3478,4,2
3479,2,2
3480,2,2
3481,2,1
3482,2,0
3483,3,0
3484,2,2
3485,2,1
3486,4,1
3487,2,2
3488,2,1
3489,3,3
3490,2,0
3491,2,0
3492,2,2
3493,2,0
3494,2,1
3495,3,1
3496,2,1
3497,2,0
3498,2,2
3499,2,2
3500,2,1
3501,3,2
3502,2,0
3503,2,1
3504,2,2
3505,2,2
3506,3,3
3507,2,1
3508,2,2
3509,2,0
3510,2,2
3511,2,2
3512,2,0
3513,3,1
3514,2,2
3515,2,2
3516,2,2
3517,2,0
3518,2,2
3519,2,0
3520,2,2
3521,2,1
3522,2,0
3523,2,2
3524,2,1
3525,2,1
3526,2,1
3527,2,2
3528,2,2
3529,2,1
3530,2,2
3531,2,0
3532,2,0
3533,2,0
3534,2,2
3535,2,1
3536,2,0
3537,2,0
3538,2,0
3539,2,2
3540,2,2
3541,2,1
3542,4,1
3543,2,0
3544,2,2
3545,2,2
3546,2,2
3547,2,2
3548,2,0
3549,2,2
3550,2,2
3551,2,2
3552,2,2
3553,2,2
3554,3,1
3555,2,2
3556,3,0
3557,2,2
3558,3,2
3559,2,1
3560,2,0
3561,2,2
3562,3,2
3563,2,1
3564,2,2
3565,2,0
3566,2,2
3567,2,2
3568,2,2
3569,2,1
3570,2,0
3571,4,1
3572,3,0
3573,2,0
3574,3,3
3575,2,2
3576,3,3
3577,2,2
3578,2,0
3579,2,2
3580,2,1
3581,2,1
3582,2,2
3583,3,3
3584,2,0
3585,2,0
3586,2,0
3587,2,2
3588,2,0
3589,2,2
3590,2,1
3591,2,0
3592,2,2
3593,2,1
3594,3,3
3595,2,0
3596,2,0
3597,3,3
3598,3,1
3599,3,1
3600,3,1
3601,2,0
3602,2,1
3603,2,2
3604,2,1
3605,2,0
3606,2,2
3607,2,2
3608,2,2
3609,2,2
3610,2,0
3611,2,0
3612,2,1
3613,2,2
3614,2,2
3615,2,0
3616,2,1
3617,2,0
3618,2,0
3619,2,1
3620,2,0
3621,2,0
3622,2,0
3623,2,2
3624,3,0
3625,2,0
3626,2,1
3627,3,3
3628,2,2
3629,2,2
3630,2,2
3631,2,0
3632,2,2
3633,3,0
3634,2,2
3635,3,3
3636,2,0
3637,2,2
3638,4,3
3639,2,2
3640,2,0
3641,2,2
3642,2,1
3643,2,1
3644,2,2
3645,2,1
3646,3,1
3647,3,2
3648,2,0
3649,2,2
3650,2,0
3651,2,2
3652,2,2
3653,2,2
3654,2,2
3655,3,1
3656,3,2
3657,2,2
3658,2,0
3659,2,2
3660,2,0
3661,2,1
3662,3,1
3663,3,1
3664,2,1
3665,2,2
3666,2,1
3667,2,0
3668,2,2
3669,2,2
3670,2,0
3671,2,0
3672,2,2
3673,2,2
3674,2,0
3675,2,2
3676,2,0
3677,2,2
3678,2,2
3679,2,1
3680,2,0
3681,3,0
3682,2,0
3683,3,3
3684,2,2
3685,2,0
3686,2,2
3687,2,2
3688,2,2
3689,2,0
3690,2,2
3691,2,2
3692,2,0
3693,2,2
3694,3,3
3695,2,0
3696,2,0
3697,2,0
3698,2,0
3699,4,1
3700,2,2
3701,2,0
3702,2,2
3703,2,2
3704,3,3
3705,3,3
3706,2,0
3707,2,2
3708,3,3
3709,2,1
3710,2,0
3711,2,0
3712,2,2
3713,2,2
3714,2,2
3715,4,3
3716,2,1
3717,2,1
3718,2,2
3719,2,0
3720,3,1
3721,3,1
3722,2,0
3723,2,0
3724,2,0
3725,2,2
3726,2,0
3727,2,1
3728,2,2
3729,2,2
3730,2,0
3731,2,2
3732,2,2
3733,2,2
3734,2,2
3735,3,1
3736,3,2
3737,4,2
3738,2,1
3739,2,2
3740,2,1
3741,2,2
3742,2,2
3743,2,0
3744,2,2
3745,3,0
3746,2,2
3747,2,2
3748,3,3
3749,2,2
3750,2,2
3751,2,0
3752,2,2
3753,2,1
3754,2,2
3755,2,2
3756,2,0
3757,2,0
3758,2,2
3759,3,2
3760,3,2
3761,2,0
3762,2,0
3763,2,0
3764,2,1
3765,2,2
3766,2,0
3767,2,0
3768,2,0
3769,2,1
3770,2,2
3771,2,1
3772,3,3
3773,2,1
3774,2,0
3775,2,2
3776,3,1
3777,2,1
3778,2,2
3779,2,0
3780,3,1
3781,2,2
3782,2,0
3783,4,2
3784,2,0
3785,2,0
3786,2,1
3787,2,0
3788,2,1
3789,2,1
3790,2,2
3791,3,1
3792,2,2
3793,2,2
3794,4,1
3795,2,1
3796,2,0
3797,2,1
3798,2,2
3799,2,0
3800,2,2
3801,2,0
3802,2,2
3803,2,1
3804,2,1
3805,4,3
3806,2,1
3807,2,2
3808,2,2
3809,2,1
3810,2,0
3811,2,0
3812,2,0
3813,2,0
3814,2,1
3815,2,0
3816,2,0
3817,2,2
3818,2,1
3819,2,0
3820,2,2
3821,2,1
3822,2,2
3823,2,2
3824,3,3
3825,2,2
3826,2,1
3827,2,0
3828,2,2
3829,2,1
3830,2,0
3831,3,3
3832,3,2
3833,3,3
3834,2,2
3835,3,1
3836,2,1
3837,2,1
3838,2,0
3839,3,1
3840,3,1
3841,2,2
3842,2,1
3843,2,2
3844,2,2
3845,2,0
3846,2,2
3847,2,2
3848,2,1
3849,4,4
3850,2,2
3851,3,3
3852,2,2
3853,2,2
3854,2,0
3855,2,0
3856,3,1
3857,2,1
3858,3,1
3859,4,3
3860,2,1
3861,3,0
3862,2,2
3863,2,2
3864,2,1
3865,2,2
3866,2,1
3867,3,2
3868,3,1
3869,2,0
3870,2,2
3871,2,1
3872,2,2
3873,2,2
3874,2,0
3875,2,0
3876,2,1
3877,2,2
3878,2,0
3879,2,2
3880,3,1
3881,2,1
3882,2,1
3883,2,2
3884,2,0
3885,2,1
3886,2,0
3887,2,2
3888,2,0
3889,3,2
3890,2,2
3891,3,2
3892,2,2
3893,2,1
3894,2,0
3895,2,2
3896,2,2
3897,2,2
3898,2,2
3899,2,2
3900,2,2
3901,2,0
3902,2,2
3903,2,2
3904,2,1
3905,3,3
3906,2,2
3907,4,2
3908,2,0
3909,2,2
3910,3,3
3911,2,2
3912,2,2
3913,2,1
3914,3,1
3915,2,2
3916,2,2
3917,2,1
3918,3,3
3919,2,2
3920,2,0
3921,2,1
3922,2,0
3923,2,1
3924,3,3
3925,2,0
3926,2,2
3927,2,1
3928,2,2
3929,2,1
3930,2,2
3931,2,0
3932,2,1
3933,3,1
3934,2,0
3935,2,0
3936,3,3
3937,2,0
3938,2,2
3939,2,1
3940,2,0
3941,2,2
3942,3,3
3943,2,0
3944,2,2
3945,3,3
3946,2,0
3947,2,2
3948,2,1
3949,2,2
3950,2,0
3951,2,0
3952,2,2
3953,2,0
3954,2,2
3955,2,0
3956,3,3
3957,2,0
3958,2,0
3959,2,2
3960,2,0
3961,2,2
3962,3,3
3963,2,2
3964,2,2
3965,2,0
3966,2,0
3967,3,3
3968,2,2
3969,3,3
3970,2,2
3971,2,1
3972,2,0
3973,2,2
3974,2,2
3975,2,2
3976,2,2
3977,3,3
3978,2,2
3979,2,0
3980,2,2
3981,2,1
3982,2,1
3983,2,0
3984,2,0
3985,2,0
3986,2,0
3987,2,0
3988,2,0
3989,3,2
3990,2,2
3991,2,0
3992,2,2
3993,3,1
3994,2,2
3995,2,2
3996,2,2
3997,2,2
3998,2,0
3999,2,2
4000,2,2
4001,2,2
4002,3,3
4003,2,1
4004,2,2
4005,2,1
4006,2,2
4007,2,2
4008,2,2
4009,2,2
4010,2,2
4011,3,2
4012,2,1
4013,2,2
4014,2,2
4015,2,0
4016,2,0
4017,2,0
4018,2,0
4019,2,0
4020,2,2
4021,2,1
4022,3,3
4023,2,1
4024,2,2
4025,2,2
4026,2,2
4027,2,0
4028,2,0
4029,4,3
4030,2,1
4031,2,0
4032,3,3
4033,2,0
4034,3,3
4035,2,0
4036,2,1
4037,2,0
4038,2,0
4039,2,1
4040,2,2
4041,3,1
4042,2,0
4043,3,1
4044,2,2
4045,2,2
4046,3,3
4047,2,2
4048,2,2
4049,2,0
4050,2,2
4051,2,2
4052,2,2
4053,2,2
4054,2,2
4055,2,2
4056,2,0
4057,2,0
4058,2,1
4059,2,0
4060,2,2
4061,2,0
4062,2,2
4063,2,1
4064,3,3
4065,2,2
4066,2,2
4067,2,0
4068,2,1
4069,2,2
4070,2,2
4071,3,1
4072,2,0
4073,3,0
4074,2,1
4075,2,2
4076,2,1
4077,2,2
4078,2,0
4079,2,2
4080,2,0
4081,2,2
4082,3,3
4083,2,2
4084,2,0
4085,2,0
4086,2,2
4087,2,0
4088,2,0
4089,2,2
4090,2,0
4091,2,0
4092,3,2
4093,2,2
4094,2,0
4095,2,0
4096,2,2
4097,2,0
4098,2,2
4099,2,0
4100,2,2
4101,3,2
4102,3,3
4103,2,1
4104,2,0
4105,3,2
4106,2,0
4107,2,2
4108,2,2
4109,2,0
4110,2,0
4111,2,2
4112,2,2
4113,2,2
4114,3,3
4115,2,2
4116,2,1
4117,3,0
4118,2,0
4119,2,1
4120,2,0
4121,2,1
4122,2,0
4123,3,3
4124,2,0
4125,2,1
4126,2,1
4127,2,2
4128,2,2
4129,3,0
4130,2,0
4131,2,1
4132,2,0
4133,3,3
4134,2,2
4135,3,1
4136,2,2
4137,3,2
4138,3,2
4139,3,3
4140,4,1
4141,3,1
4142,2,1
4143,2,0
4144,4,4
4145,3,1
4146,3,2
4147,3,1
4148,2,2
4149,2,0
4150,2,1
4151,2,2
4152,4,4
4153,2,0
4154,2,0
4155,2,1
4156,2,2
4157,2,2
4158,2,1
4159,2,2
4160,2,0
4161,2,0
4162,2,1
4163,2,2
4164,2,1
4165,2,1
4166,2,0
4167,2,0
4168,2,2
4169,2,2
4170,2,2
4171,2,2
4172,2,2
4173,2,2
4174,2,1
4175,2,2
4176,2,2
4177,2,0
4178,3,2
4179,2,2
4180,2,1
4181,3,3
4182,4,3
4183,2,0
4184,2,2
4185,2,2
4186,2,2
4187,2,1
4188,2,2
4189,2,1
4190,2,2
4191,2,2
4192,2,1
4193,3,1
4194,2,0
4195,3,3
4196,2,2
4197,2,2
4198,2,0
4199,2,2
4200,2,2
4201,2,1
4202,2,1
4203,2,2
4204,3,0
4205,2,0
4206,2,2
4207,2,2
4208,2,0
4209,2,2
4210,2,2
4211,2,0
4212,2,2
4213,2,0
4214,2,1
4215,4,4
4216,2,0
4217,2,2
4218,2,2
4219,2,1
4220,2,2
4221,2,2
4222,2,0
4223,3,0
4224,2,0
4225,3,1
4226,2,1
4227,2,1
4228,3,3
4229,2,1
4230,2,2
4231,2,2
4232,2,2
4233,2,2
4234,2,1
4235,2,1
4236,2,0
4237,2,0
4238,2,2
4239,2,0
4240,2,2
4241,2,2
4242,2,1
4243,3,3
4244,2,2
4245,2,0
4246,2,0
4247,4,0
4248,2,2
4249,2,0
4250,2,1
4251,2,2
4252,3,2
4253,3,1
4254,2,2
4255,2,2
4256,3,3
4257,2,0
4258,2,2
4259,2,2
4260,2,0
4261,2,1
4262,3,2
4263,2,0
4264,2,2
4265,3,0
4266,2,2
4267,2,0
4268,2,2
4269,2,2
4270,2,0
4271,2,1
4272,2,1
4273,3,3
4274,2,0
4275,2,2
4276,2,2
4277,2,0
4278,3,0
4279,3,3
4280,2,2
4281,2,2
4282,3,3
4283,2,1
4284,2,1
4285,2,1
4286,2,2
4287,2,2
4288,2,2
4289,2,2
4290,2,1
4291,2,2
4292,2,2
4293,2,0
4294,2,2
4295,3,0
4296,2,1
4297,2,0
4298,3,2
4299,2,0
4300,3,3
4301,2,0
4302,3,3
4303,2,2
4304,3,2
4305,2,1
4306,2,2
4307,2,1
4308,2,0
4309,2,1
4310,2,2
4311,2,0
4312,2,2
4313,2,2
4314,2,2
4315,2,1
4316,2,2
4317,3,2
4318,2,2
4319,2,0
4320,2,2
4321,2,0
4322,2,0
4323,2,2
4324,2,2
4325,2,2
4326,2,2
4327,2,1
4328,2,1
4329,2,2
4330,2,2
4331,2,0
4332,2,0
4333,2,2
4334,2,1
4335,2,1
4336,2,0
4337,2,2
4338,2,0
4339,4,3
4340,2,2
4341,2,0
4342,3,1
4343,2,1
4344,2,1
4345,2,2
4346,2,0
4347,2,2
4348,2,2
4349,3,2
4350,2,2
4351,3,3
4352,2,2
4353,2,0
4354,2,0
4355,2,2
4356,2,2
4357,2,2
4358,2,2
4359,2,2
4360,2,0
4361,2,2
4362,3,3
4363,2,1
4364,2,2
4365,2,2
4366,2,0
4367,2,0
4368,2,2
4369,2,2
4370,2,2
4371,2,2
4372,2,2
4373,2,0
4374,2,2
4375,2,2
4376,3,1
4377,3,2
4378,2,2
4379,2,0
4380,2,0
4381,2,0
4382,2,0
4383,2,2
4384,2,2
4385,3,1
4386,2,0
4387,2,2
4388,2,2
4389,2,1
4390,2,0
4391,2,2
4392,2,0
4393,2,2
4394,2,0
4395,2,0
4396,2,0
4397,2,1
4398,2,2
4399,2,1
4400,2,2
4401,2,2
4402,2,2
4403,2,0
4404,2,0
4405,2,2
4406,3,3
4407,2,2
4408,2,0
4409,2,1
4410,2,0
4411,2,2
4412,2,2
4413,2,1
4414,2,2
4415,2,1
4416,2,2
4417,2,2
4418,2,1
4419,3,1
4420,2,2
4421,2,2
4422,2,2
4423,2,1
4424,2,0
4425,2,2
4426,2,0
4427,2,1
4428,2,2
4429,2,0
4430,4,3
4431,2,2
4432,2,0
4433,3,3
4434,2,1
4435,2,2
4436,2,2
4437,2,2
4438,2,0
4439,2,0
4440,2,2
4441,2,1
4442,2,2
4443,3,3
4444,2,1
4445,2,0
4446,2,2
4447,2,0
4448,2,2
4449,2,2
4450,2,1
4451,2,0
4452,2,1
4453,2,0
4454,3,2
4455,4,4
4456,2,0
4457,2,0
4458,3,3
4459,2,0
4460,2,1
4461,2,1
4462,2,2
4463,3,1
4464,2,2
4465,2,2
4466,2,2
4467,2,0
4468,2,2
4469,2,1
4470,2,2
4471,2,2
4472,2,0
4473,2,0
4474,2,2
4475,2,2
4476,2,2
4477,2,2
4478,2,2
4479,2,1
4480,2,2
4481,2,2
4482,3,3
4483,2,2
4484,3,3
4485,2,2
4486,2,0
4487,2,0
4488,2,0
4489,2,1
4490,2,2
4491,2,0
4492,2,2
4493,2,2
4494,3,1
4495,2,0
4496,2,0
4497,2,1
4498,3,1
4499,2,2
4500,2,1
4501,2,2
4502,4,2
4503,2,2
4504,2,1
4505,2,2
4506,2,0
4507,2,0
4508,2,0
4509,3,3
4510,2,2
4511,2,0
4512,2,2
4513,2,2
4514,2,2
4515,2,1
4516,2,1
4517,3,3
4518,2,2
4519,2,0
4520,2,2
4521,2,2
4522,2,1
4523,2,0
4524,2,2
4525,3,3
4526,2,2
4527,3,3
4528,4,2
4529,2,0
4530,2,0
4531,3,1
4532,2,0
4533,2,0
4534,4,1
4535,3,3
4536,2,2
4537,3,3
4538,2,2
4539,2,1
4540,2,2
4541,3,1
4542,2,2
4543,2,0
4544,2,2
4545,2,2
4546,2,0
4547,3,3
4548,2,0
4549,2,1
4550,4,4
4551,2,2
4552,2,0
4553,3,2
4554,2,0
4555,2,0
4556,2,0
4557,2,0
4558,2,2
4559,2,0
4560,2,1
4561,2,2
4562,2,0
4563,2,0
4564,2,1
4565,2,2
4566,2,0
4567,3,1
4568,2,2
4569,2,0
4570,3,3
4571,2,2
4572,3,3
4573,2,2
4574,2,1
4575,2,2
4576,2,2
4577,3,3
4578,2,0
4579,2,1
4580,2,0
4581,2,2
4582,2,0
4583,2,2
4584,3,1
4585,2,2
4586,2,0
4587,3,2
4588,2,0
4589,2,0
4590,3,0
4591,4,2
4592,2,0
4593,3,3
4594,3,0
4595,2,1
4596,2,0
4597,2,0
4598,2,2
4599,3,1
4600,2,1
4601,2,0
4602,2,0
4603,2,2
4604,2,0
4605,2,2
4606,2,0
4607,2,2
4608,2,2
4609,2,1
4610,3,1
4611,2,2
4612,2,2
4613,2,2
4614,2,1
4615,2,1
4616,2,0
4617,2,0
4618,3,2
4619,2,2
4620,2,1
4621,3,2
4622,2,1
4623,3,3
4624,4,2
4625,2,2
4626,2,2
4627,2,1
4628,2,2
4629,4,0
4630,2,0
4631,2,1
4632,2,0
4633,2,0
4634,3,1
4635,2,0
4636,2,0
4637,2,0
4638,2,0
4639,2,2
4640,2,1
4641,2,1
4642,2,1
4643,3,0
4644,2,0
4645,2,0
4646,2,2
4647,2,2
4648,2,1
4649,2,2
4650,2,2
4651,3,1
4652,2,2
4653,2,1
4654,2,0
4655,2,2
4656,2,1
4657,2,2
4658,4,0
4659,2,0
4660,2,0
4661,2,0
4662,2,0
4663,2,2
4664,2,1
4665,2,2
4666,2,2
4667,2,2
4668,3,0
4669,2,0
4670,2,1
4671,2,1
4672,2,0
4673,2,0
4674,2,1
4675,2,2
4676,2,2
4677,2,2
4678,2,2
4679,3,1
4680,3,1
4681,2,1
4682,2,2
4683,2,0
4684,2,1
4685,2,2
4686,3,2
4687,2,2
4688,2,2
4689,2,2
4690,2,0
4691,2,0
4692,2,0
4693,2,2
4694,2,2
4695,2,0
4696,2,2
4697,2,0
4698,2,1
4699,2,0
4700,2,0
4701,2,1
4702,2,2
4703,2,0
4704,3,3
4705,2,0
4706,2,2
4707,2,2
4708,2,0
4709,4,4
4710,3,3
4711,3,3
4712,2,1
4713,3,0
4714,2,1
4715,3,3
4716,2,1
4717,2,2
4718,2,0
4719,4,2
4720,2,0
4721,2,2
4722,2,2
4723,3,2
4724,2,0
4725,2,2
4726,2,2
4727,3,3
4728,2,1
4729,2,1
4730,3,3
4731,2,1
4732,2,2
4733,2,2
4734,2,2
4735,2,2
4736,2,2
4737,2,2
4738,2,0
4739,3,3
4740,3,0
4741,2,2
4742,2,0
4743,2,0
4744,2,0
4745,2,2
4746,2,1
4747,2,0
4748,2,0
4749,2,0
4750,2,2
4751,2,2
4752,3,2
4753,3,3
4754,4,4
4755,2,2
4756,2,2
4757,2,2
4758,2,1
4759,2,0
4760,2,0
4761,2,2
4762,2,2
4763,3,1
4764,2,0
4765,2,2
4766,2,2
4767,2,2
4768,2,2
4769,2,0
4770,2,2
4771,2,2
4772,2,2
4773,2,2
4774,2,0
4775,3,1
4776,2,1
4777,2,2
4778,2,0
4779,4,4
4780,2,2
4781,2,2
4782,2,2
4783,2,1
4784,2,2
4785,3,1
4786,2,0
4787,2,0
4788,3,1
4789,3,1
4790,2,1
4791,2,1
4792,2,2
4793,2,0
4794,2,2
4795,2,2
4796,4,4
4797,2,1
4798,2,1
4799,3,2
4800,2,1
4801,4,2
4802,2,0
4803,2,0
4804,3,1
4805,3,1
4806,2,1
4807,2,0
4808,2,0
4809,2,2
4810,2,1
4811,2,1
4812,2,1
4813,2,0
4814,3,0
4815,2,2
4816,2,2
4817,2,1
4818,3,2
4819,2,2
4820,2,0
4821,2,1
4822,2,2
4823,4,2
4824,2,1
4825,2,2
4826,2,1
4827,2,2
4828,2,2
4829,3,3
4830,3,1
4831,2,1
4832,2,2
4833,2,2
4834,2,0
4835,2,0
4836,2,0
4837,2,0
4838,2,2
4839,3,1
4840,2,0
4841,2,2
4842,2,0
4843,2,0
4844,2,0
4845,4,0
4846,2,1
4847,2,0
4848,2,2
4849,2,0
4850,2,2
4851,3,1
4852,2,0
4853,2,2
4854,2,0
4855,2,0
4856,2,1
4857,2,2
4858,2,2
4859,2,1
4860,2,2
4861,3,3
4862,2,2
4863,2,1
4864,3,3
4865,2,1
4866,2,0
4867,2,2
4868,2,2
4869,2,0
4870,2,2
4871,2,0
4872,2,0
4873,2,2
4874,2,2
4875,2,0
4876,2,2
4877,2,2
4878,2,2
4879,3,1
4880,2,2
4881,2,2
4882,2,0
4883,2,2
4884,2,2
4885,2,0
4886,2,0
4887,2,2
4888,2,2
4889,2,0
4890,2,2
4891,3,2
4892,2,2
4893,2,1
4894,3,1
4895,3,3
4896,2,2
4897,3,0
4898,2,2
4899,2,1
4900,2,0
4901,2,2
4902,2,2
4903,2,2
4904,2,1
4905,2,1
4906,2,0
4907,2,2
4908,3,1
4909,2,2
4910,2,0
4911,2,2
4912,2,0
4913,2,2
4914,2,2
4915,2,0
4916,2,0
4917,2,1
4918,4,2
4919,2,0
4920,2,2
4921,3,1
4922,3,3
4923,2,2
4924,2,0
4925,3,3
4926,2,1
4927,2,1
4928,2,1
4929,2,2
4930,2,2
4931,2,0
4932,2,2
4933,2,0
4934,2,2
4935,2,2
4936,2,2
4937,3,1
4938,2,2
4939,2,2
4940,4,0
4941,2,1
4942,2,2
4943,2,2
4944,2,0
4945,2,2
4946,3,3
4947,2,2
4948,2,1
4949,2,1
4950,2,1
4951,2,2
4952,2,1
4953,2,1
4954,2,1
4955,3,2
4956,2,0
4957,3,3
4958,3,1
4959,2,1
4960,2,2
4961,2,2
4962,4,2
4963,2,2
4964,2,2
4965,2,2
4966,2,0
4967,2,2
4968,2,2
4969,2,1
4970,2,1
4971,2,2
4972,2,2
4973,2,2
4974,2,0
4975,3,3
4976,2,2
4977,2,2
4978,2,2
4979,2,2
4980,3,2
4981,3,3
4982,2,2
4983,3,1
4984,2,0
4985,2,1
4986,2,0
4987,2,2
4988,2,1
4989,2,2
4990,2,2
4991,2,2
4992,2,0
4993,2,0
4994,3,0
4995,2,1
4996,3,1
4997,2,0
4998,2,1
4999,2,1
5000,2,0
5001,2,2
5002,2,2
5003,2,1
5004,2,1
5005,2,2
5006,2,0
5007,2,2
5008,2,0
5009,2,2
5010,2,2
5011,2,1
5012,2,1
5013,3,3
5014,3,2
5015,2,1
5016,2,2
5017,2,2
5018,2,2
5019,3,2
5020,2,0
5021,2,2
5022,2,2
5023,2,2
5024,2,2
5025,3,1
5026,2,0
5027,2,2
5028,2,1
5029,2,1
5030,2,0
5031,2,1
5032,2,0
5033,2,2
5034,2,1
5035,2,1
5036,2,0
5037,2,0
5038,2,0
5039,2,2
5040,2,0
5041,2,2
5042,2,0
5043,2,0
5044,2,1
5045,2,2
5046,2,0
5047,2,0
5048,2,0
5049,2,2
5050,2,0
5051,2,2
5052,3,2
5053,2,0
5054,2,0
5055,2,2
5056,3,3
5057,2,2
5058,2,0
5059,2,0
5060,2,2
5061,2,2
5062,4,4
5063,2,2
5064,2,2
5065,2,1
5066,2,0
5067,2,2
5068,2,2
5069,2,2
5070,2,0
5071,2,0
5072,2,2
5073,2,2
5074,2,2
5075,2,2
5076,2,2
5077,2,0
5078,2,2
5079,2,2
5080,2,0
5081,2,0
5082,2,0
5083,2,0
5084,2,0
5085,2,1
5086,2,1
5087,2,2
5088,2,1
5089,2,2
5090,2,2
5091,2,0
5092,2,0
5093,2,2
5094,2,2
5095,2,0
5096,2,1
5097,2,2
5098,2,0
5099,3,0
5100,2,2
5101,2,0
5102,2,2
5103,2,2
5104,3,3
5105,3,3
5106,2,1
5107,3,1
5108,2,0
5109,2,2
5110,2,2
5111,2,1
5112,2,2
5113,2,2
5114,3,3
5115,2,1
5116,2,0
5117,2,1
5118,4,1
5119,2,0
5120,2,2
5121,4,2
5122,2,0
5123,2,2
5124,3,2
5125,3,3
5126,2,2
5127,2,0
5128,2,2
5129,4,3
5130,2,2
5131,3,0
5132,2,2
5133,2,0
5134,4,4
5135,2,1
5136,2,0
5137,3,2
5138,2,1
5139,2,0
5140,2,1
5141,2,2
5142,3,3
5143,2,2
5144,2,2
5145,2,1
5146,2,0
5147,2,2
5148,2,2
5149,2,0
5150,2,1
5151,2,2
5152,2,0
5153,4,1
5154,2,2
5155,3,1
5156,2,2
5157,2,2
5158,2,1
5159,2,2
5160,2,1
5161,3,3
5162,3,3
5163,2,0
5164,2,0
5165,3,3
5166,3,3
5167,2,0
5168,3,3
5169,2,2
5170,2,1
5171,2,2
5172,2,2
5173,2,1
5174,2,2
5175,2,1
5176,2,1
5177,3,0
5178,2,0
5179,2,2
5180,2,1
5181,2,2
5182,2,2
5183,2,1
5184,3,3
5185,2,2
5186,2,2
5187,4,1
5188,2,2
5189,2,1
5190,2,0
5191,2,0
5192,2,1
5193,2,2
5194,2,0
5195,2,2
5196,3,1
5197,2,2
5198,2,0
5199,2,1
5200,3,3
5201,2,0
5202,2,0
5203,2,0
5204,2,2
5205,4,2
5206,2,2
5207,2,2
5208,2,2
5209,2,2
5210,2,1
5211,3,2
5212,3,0
5213,2,1
5214,2,2
5215,4,1
5216,2,2
5217,2,0
5218,2,2
5219,2,2
5220,2,0
5221,2,2
5222,2,2
5223,3,1
5224,2,1
5225,3,1
5226,2,2
5227,2,2
5228,2,1
5229,3,3
5230,3,3
5231,2,0
5232,2,2
5233,2,1
5234,2,1
5235,3,0
5236,2,2
5237,4,3
5238,2,2
5239,2,2
5240,2,2
5241,2,1
5242,3,1
5243,4,2
5244,2,0
5245,2,2
5246,2,2
5247,2,2
5248,2,0
5249,4,2
5250,2,1
5251,2,0
5252,3,1
5253,2,0
5254,2,2
5255,4,2
5256,2,2
5257,2,0
5258,3,1
5259,2,2
5260,2,2
5261,2,2
5262,2,0
5263,2,2
5264,2,0
5265,2,2
5266,2,1
5267,4,3
5268,2,0
5269,2,2
5270,2,2
5271,4,3
5272,2,0
5273,2,1
5274,3,3
5275,2,2
5276,2,2
5277,2,1
5278,2,2
5279,2,2
5280,2,0
5281,2,0
5282,3,1
5283,4,2
5284,2,2
5285,2,0
5286,3,2
5287,2,2
5288,4,3
5289,2,0
5290,2,1
5291,2,2
5292,2,2
5293,2,2
5294,2,2
5295,4,4
5296,2,1
5297,2,2
5298,3,0
5299,3,3
5300,2,2
5301,2,0
5302,4,2
5303,2,2
5304,2,1
5305,2,2
5306,2,0
5307,3,2
5308,2,2
5309,2,2
5310,2,0
5311,2,2
5312,2,2
5313,2,0
5314,2,0
5315,2,2
5316,2,2
5317,2,2
5318,2,2
5319,2,2
5320,2,2
5321,2,1
5322,2,1
5323,2,0
5324,2,2
5325,2,0
5326,2,2
5327,2,0
5328,2,2
5329,3,3
5330,3,0
5331,2,0
5332,2,1
5333,2,0
5334,2,0
5335,2,0
5336,2,0
5337,2,0
5338,2,2
5339,3,2
5340,2,0
5341,2,1
5342,2,2
5343,2,0
5344,2,1
5345,2,1
5346,2,2
5347,2,2
5348,2,0
5349,2,0
5350,2,0
5351,2,1
5352,3,2
5353,2,2
5354,2,0
5355,2,2
5356,2,2
5357,3,1
5358,2,2
5359,2,2
5360,3,3
5361,3,2
5362,3,1
5363,2,0
5364,2,0
5365,3,1
5366,2,2
5367,2,0
5368,2,2
5369,2,2
5370,2,2
5371,2,2
5372,4,4
5373,2,1
5374,2,0
5375,2,2
5376,2,1
5377,2,2
5378,2,0
5379,2,2
5380,3,3
5381,3,1
5382,3,1
5383,2,2
5384,2,2
5385,3,3
5386,2,0
5387,2,2
5388,2,2
5389,2,2
5390,3,0
5391,2,0
5392,2,0
5393,2,2
5394,2,0
5395,2,0
5396,2,2
5397,2,1
5398,2,0
5399,2,2
5400,2,1
5401,3,2
5402,3,0
5403,3,1
5404,2,2
5405,2,0
5406,2,2
5407,2,2
5408,3,3
5409,2,1
5410,3,3
5411,2,2
5412,2,2
5413,2,2
5414,2,2
5415,2,0
5416,2,0
5417,2,2
5418,2,2
5419,2,2
5420,2,1
5421,2,0
5422,2,1
5423,3,0
5424,2,1
5425,2,2
5426,2,0
5427,3,1
5428,2,2
5429,2,0
5430,2,1
5431,2,0
5432,2,0
5433,2,2
5434,2,0
5435,3,1
5436,3,3
5437,2,0
5438,2,2
5439,2,2
5440,2,0
5441,2,0
5442,2,2
5443,2,2
5444,3,2
5445,2,0
5446,2,0
5447,2,0
5448,2,1
5449,2,1
5450,2,2
5451,2,2
5452,2,2
5453,2,2
5454,2,2
5455,2,0
5456,2,0
5457,2,0
5458,2,0
5459,3,3
5460,2,0
5461,2,2
5462,3,1
5463,2,1
5464,2,2
5465,2,2
5466,3,1
5467,2,2
5468,2,2
5469,3,3
5470,2,0
5471,2,1
5472,2,2
5473,2,1
5474,2,1
5475,2,2
5476,2,2
5477,2,2
5478,2,2
5479,2,1
5480,2,0
5481,2,2
5482,2,0
5483,2,2
5484,3,1
5485,2,2
5486,3,2
5487,2,2
5488,2,2
5489,2,0
5490,2,2
5491,2,2
5492,2,1
5493,2,2
5494,3,1
5495,2,2
5496,3,3
5497,3,1
5498,2,0
5499,2,0
5500,2,2
5501,2,2
5502,2,1
5503,2,2
5504,2,2
5505,3,2
5506,2,0
5507,2,0
5508,2,1
5509,2,0
5510,2,1
5511,2,2
5512,2,2
5513,2,0
5514,2,2
5515,2,0
5516,2,1
5517,2,2
5518,2,1
5519,2,1
5520,2,2
5521,2,2
5522,2,0
5523,2,1
5524,2,2
5525,2,2
5526,2,2
5527,2,2
5528,2,0
5529,2,1
5530,2,0
5531,2,1
5532,2,2
5533,2,0
5534,2,1
5535,2,0
5536,2,2
5537,2,2
5538,2,2
5539,3,3
5540,2,2
5541,3,2
5542,2,1
5543,2,2
5544,2,1
5545,2,2
5546,2,2
5547,2,0
5548,2,0
5549,4,3
5550,3,1
5551,3,3
5552,2,0
5553,2,0
5554,3,2
5555,2,0
5556,3,0
5557,2,2
5558,2,2
5559,2,2
5560,2,0
5561,4,4
5562,2,0
5563,2,2
5564,2,0
5565,2,1
5566,2,1
5567,2,2
5568,3,1
5569,3,0
5570,2,0
5571,2,0
5572,2,0
5573,3,3
5574,2,2
5575,2,2
5576,2,0
5577,2,2
5578,2,2
5579,2,2
5580,4,4
5581,2,2
5582,2,2
5583,2,0
5584,2,0
5585,2,2
5586,2,1
5587,2,2
5588,2,0
5589,2,2
5590,3,1
5591,2,2
5592,2,1
5593,2,2
5594,2,1
5595,2,0
5596,2,2
5597,2,2
5598,3,3
5599,2,0
5600,2,0
5601,2,0
5602,2,0
5603,2,0
5604,2,2
5605,2,2
5606,2,2
5607,2,0
5608,2,0
5609,2,2
5610,2,0
5611,2,0
5612,2,2
5613,2,1
5614,2,2
5615,2,0
5616,2,0
5617,2,2
5618,2,2
5619,3,1
5620,2,0
5621,2,0
5622,2,2
5623,2,0
5624,2,2
5625,2,0
5626,2,1
5627,2,2
5628,2,1
5629,2,2
5630,2,2
5631,2,0
5632,3,3
5633,2,2
5634,2,2
5635,2,0
5636,2,2
5637,2,1
5638,2,2
5639,2,1
5640,2,0
5641,4,4
5642,2,0
5643,2,0
5644,2,0
5645,2,0
5646,2,2
5647,2,1
5648,2,0
5649,2,0
5650,2,2
5651,3,3
5652,4,1
5653,2,1
5654,3,0
5655,2,2
5656,2,2
5657,3,1
5658,2,0
5659,2,2
5660,3,1
5661,2,1
5662,2,1
5663,2,0
5664,2,2
5665,2,2
5666,2,2
5667,2,1
5668,2,2
5669,2,0
5670,3,1
5671,2,2
5672,2,2
5673,2,2
5674,3,3
5675,2,2
5676,2,2
5677,2,1
5678,3,1
5679,2,1
5680,2,2
5681,2,2
5682,3,3
5683,2,2
5684,2,0
5685,2,2
5686,3,0
5687,2,2
5688,2,2
5689,2,2
5690,2,0
5691,2,0
5692,2,1
5693,2,2
5694,4,3
5695,2,0
5696,3,2
5697,4,4
5698,2,2
5699,2,0
5700,3,2
5701,2,0
5702,2,0
5703,2,2
5704,3,0
5705,2,1
5706,2,2
5707,2,1
5708,3,3
5709,2,2
5710,2,0
5711,2,2
5712,2,1
5713,2,2
5714,2,2
5715,2,2
5716,3,0
5717,2,2
5718,3,1
5719,3,1
5720,2,0
5721,2,2
5722,2,0
5723,3,2
5724,2,0
5725,2,2
5726,2,2
5727,3,1
5728,2,0
5729,2,2
5730,2,0
5731,3,3
5732,2,0
5733,2,0
5734,2,2
5735,2,2
5736,2,0
5737,2,2
5738,2,1
5739,2,0
5740,2,2
5741,2,1
5742,2,2
5743,2,2
5744,2,1
5745,3,0
5746,2,0
5747,3,3
5748,2,2
5749,2,1
5750,2,2
5751,3,2
5752,2,0
5753,2,2
5754,2,1
5755,3,2
5756,2,0
5757,2,2
5758,2,1
5759,2,1
5760,3,1
5761,3,3
5762,3,2
5763,2,2
5764,2,1
5765,2,1
5766,2,0
5767,2,0
5768,2,0
5769,2,2
5770,2,0
5771,2,2
5772,4,4
5773,2,0
5774,2,2
5775,3,3
5776,2,0
5777,2,0
5778,2,1
5779,2,2
5780,2,0
5781,2,2
5782,2,0
5783,2,0
5784,2,0
5785,3,1
5786,2,2
5787,2,0
5788,2,0
5789,2,0
5790,3,3
5791,2,1
5792,2,0
5793,2,1
5794,3,1
5795,2,1
5796,3,0
5797,2,2
5798,2,2
5799,3,0
5800,2,0
5801,2,2
5802,2,2
5803,2,2
5804,2,0
5805,2,2
5806,2,2
5807,2,2
5808,3,2
5809,2,0
5810,2,2
5811,3,1
5812,2,2
5813,2,2
5814,3,1
5815,2,0
5816,2,2
5817,2,2
5818,3,3
5819,2,2
5820,2,1
5821,2,0
5822,2,2
5823,2,2
5824,2,2
5825,2,0
5826,2,2
5827,2,2
5828,2,2
5829,2,1
5830,2,1
5831,2,2
5832,2,2
5833,2,0
5834,2,2
5835,2,2
5836,2,2
5837,2,0
5838,4,0
5839,2,1
5840,2,0
5841,2,2
5842,2,0
5843,3,2
5844,3,0
5845,2,2
5846,2,2
5847,2,2
5848,2,1
5849,2,0
5850,4,4
5851,2,2
5852,2,1
5853,2,2
5854,3,3
5855,2,1
5856,2,0
5857,3,3
5858,2,2
5859,2,0
5860,2,2
5861,2,0
5862,2,0
5863,3,2
5864,2,0
5865,2,0
5866,2,1
5867,3,3
5868,2,2
5869,2,1
5870,2,0
5871,2,2
5872,2,0
5873,2,1
5874,2,0
5875,2,2
5876,3,1
5877,2,2
5878,2,1
5879,2,2
5880,3,1
5881,3,3
5882,2,1
5883,2,2
5884,3,3
5885,2,2
5886,2,2
5887,2,0
5888,2,2
5889,2,2
5890,2,2
5891,2,0
5892,2,0
5893,2,2
5894,2,1
5895,3,2
5896,2,2
5897,2,0
5898,3,1
5899,2,0
5900,2,2
5901,2,2
5902,3,3
5903,3,0
5904,2,1
5905,2,2
5906,2,2
5907,2,2
5908,2,0
5909,2,2
5910,2,1
5911,2,1
5912,3,3
5913,4,0
5914,2,0
5915,2,0
5916,2,2
5917,2,2
5918,3,0
5919,2,2
5920,2,1
5921,2,0
5922,2,2
5923,2,0
5924,3,3
5925,2,2
5926,4,1
5927,3,1
5928,2,2
5929,2,2
5930,2,2
5931,2,1
5932,2,2
5933,3,3
5934,2,1
5935,2,0
5936,2,2
5937,2,2
5938,2,0
5939,2,1
5940,3,2
5941,2,0
5942,4,3
5943,3,1
5944,2,2
5945,2,2
5946,2,0
5947,3,3
5948,2,2
5949,2,1
5950,2,2
5951,2,2
5952,2,0
5953,2,1
5954,2,0
5955,2,1
5956,2,1
5957,2,1
5958,2,0
5959,2,0
5960,2,2
5961,2,2
5962,2,2
5963,4,0
5964,2,2
5965,2,2
5966,2,0
5967,2,1
5968,3,3
5969,2,0
5970,2,0
5971,2,1
5972,3,3
5973,2,2
5974,2,0
5975,2,2
5976,2,0
5977,3,3
5978,2,2
5979,2,2
5980,3,0
5981,2,0
5982,2,2
5983,2,1
5984,2,0
5985,4,0
5986,2,1
5987,2,0
5988,2,1
5989,2,1
5990,2,0
5991,2,2
5992,4,4
5993,2,0
5994,2,0
5995,2,2
5996,3,2
5997,2,2
5998,2,0
5999,2,1
6000,3,3
6001,2,2
6002,2,0
6003,2,0
6004,2,0
6005,2,0
6006,2,0
6007,2,2
6008,2,1
6009,2,2
6010,2,2
6011,2,0
6012,2,2
6013,2,0
6014,2,2
6015,2,2
6016,2,2
6017,2,2
6018,2,2
6019,2,0
6020,2,0
6021,3,2
6022,2,0
6023,2,0
6024,2,1
6025,3,1
6026,2,1
6027,2,2
6028,2,2
6029,2,1
6030,4,2
6031,2,2
6032,3,2
6033,3,0
6034,2,2
6035,2,0
6036,2,2
6037,2,0
6038,2,2
6039,2,0
6040,2,2
6041,2,0
6042,2,1
6043,2,2
6044,2,2
6045,2,2
6046,3,2
6047,2,0
6048,2,0
6049,2,2
6050,2,0
6051,3,0
6052,2,0
6053,2,2
6054,2,2
6055,2,2
6056,2,0
6057,2,2
6058,2,0
6059,2,2
6060,2,1
6061,3,0
6062,2,2
6063,2,2
6064,2,1
6065,2,2
6066,2,1
6067,2,2
6068,2,2
6069,2,1
6070,3,0
6071,2,0
6072,2,1
6073,2,2
6074,2,2
6075,2,2
6076,2,1
6077,2,1
6078,2,2
6079,2,1
6080,2,2
6081,2,2
6082,2,2
6083,2,1
6084,3,1
6085,2,2
6086,4,3
6087,2,2
6088,3,1
6089,4,2
6090,2,2
6091,2,1
6092,4,2
6093,2,2
6094,2,2
6095,2,0
6096,2,2
6097,2,0
6098,3,1
6099,2,2
6100,2,2
6101,2,0
6102,2,2
6103,2,2
6104,2,1
6105,2,2
6106,2,2
6107,2,0
6108,2,2
6109,2,2
6110,2,0
6111,2,2
6112,2,2
6113,2,0
6114,2,2
6115,4,4
6116,2,0
6117,2,0
6118,2,2
6119,2,2
6120,2,0
6121,3,3
6122,2,0
6123,2,2
6124,3,3
6125,3,3
6126,2,2
6127,2,2
6128,4,2
6129,2,0
6130,2,0
6131,2,1
6132,2,0
6133,4,4
6134,2,2
6135,4,4
6136,2,0
6137,3,2
6138,2,0
6139,2,1
6140,2,0
6141,2,1
6142,2,0
6143,2,2
6144,2,2
6145,2,2
6146,2,0
6147,2,0
6148,2,0
6149,2,2
6150,2,0
6151,2,2
6152,2,2
6153,2,0
6154,3,1
6155,2,2
6156,2,0
6157,2,2
6158,2,0
6159,2,1
6160,2,1
6161,2,0
6162,2,0
6163,2,0
6164,3,2
6165,2,2
6166,2,2
6167,3,1
6168,3,2
6169,2,0
6170,3,1
6171,2,2
6172,2,0
6173,2,0
6174,2,1
6175,2,2
6176,3,1
6177,2,1
6178,2,2
6179,2,1
6180,2,2
6181,2,1
6182,2,1
6183,3,1
6184,2,2
6185,2,2
6186,2,1
6187,3,1
6188,2,0
6189,3,0
6190,2,2
6191,2,0
6192,2,1
6193,2,0
6194,2,0
6195,2,0
6196,2,2
6197,2,1
6198,3,2
6199,2,2
6200,2,2
6201,2,2
6202,2,1
6203,2,0
6204,2,0
6205,2,0
6206,2,2
6207,2,2
6208,2,2
6209,4,0
6210,2,0
6211,2,1
6212,2,2
6213,2,2
6214,2,1
6215,2,1
6216,4,2
6217,2,1
6218,2,1
6219,2,0
6220,2,2
6221,2,0
6222,2,2
6223,2,0
6224,2,2
6225,2,0
6226,2,0
6227,3,2
6228,2,2
6229,2,0
6230,3,0
6231,2,1
6232,2,1
6233,2,0
6234,3,2
6235,2,2
6236,2,2
6237,4,1
6238,2,2
6239,2,0
6240,2,2
6241,2,0
6242,2,0
6243,2,2
6244,2,0
6245,3,3
6246,2,0
6247,2,0
6248,2,1
6249,2,2
6250,2,2
6251,3,3
6252,2,1
6253,3,3
6254,2,1
6255,2,0
6256,3,2
6257,2,2
6258,2,0
6259,2,0
6260,2,2
6261,3,0
6262,2,1
6263,2,0
6264,2,2
6265,2,0
6266,2,2
6267,3,1
6268,2,0
6269,3,1
6270,2,0
6271,2,0
6272,2,2
6273,2,0
6274,2,1
6275,2,0
6276,3,2
6277,2,2
6278,2,2
6279,3,3
6280,2,0
6281,2,0
6282,2,0
6283,2,2
6284,3,1
6285,2,2
6286,3,3
6287,2,1
6288,2,1
6289,3,2
6290,2,0
6291,2,2
6292,2,0
6293,2,2
6294,2,2
6295,3,3
6296,2,2
6297,2,0
6298,2,2
6299,2,2
6300,2,2
6301,3,1
6302,2,2
6303,2,2
6304,2,0
6305,2,2
6306,3,3
6307,2,2
6308,2,2
6309,3,1
6310,2,2
6311,2,0
6312,2,2
6313,2,0
6314,2,2
6315,2,0
6316,2,2
6317,2,1
6318,2,0
6319,2,0
6320,2,1
6321,2,2
6322,2,2
6323,2,0
6324,2,1
6325,2,2
6326,2,2
6327,2,0
6328,3,2
6329,4,3
6330,2,0
6331,3,0
6332,3,2
6333,2,0
6334,2,0
6335,2,0
6336,3,1
6337,2,1
6338,2,0
6339,2,0
6340,3,1
6341,2,0
6342,3,3
6343,4,2
6344,2,2
6345,2,2
6346,2,0
6347,3,3
6348,2,0
6349,2,0
6350,3,2
6351,3,3
6352,3,3
6353,2,0
6354,2,2
6355,2,1
6356,2,0
6357,2,2
6358,3,2
6359,2,0
6360,2,2
6361,2,0
6362,2,2
6363,2,1
6364,2,2
6365,2,0
6366,3,3
6367,2,2
6368,2,2
6369,2,0
6370,2,2
6371,2,0
6372,2,0
6373,2,1
6374,2,0
6375,2,0
6376,2,1
6377,3,2
6378,2,0
6379,2,0
6380,2,0
6381,3,3
6382,2,2
6383,2,0
6384,2,2
6385,2,1
6386,2,2
6387,2,2
6388,2,0
6389,2,2
6390,2,1
6391,4,4
6392,2,0
6393,2,1
6394,2,0
6395,2,1
6396,2,1
6397,2,0
6398,2,1
6399,2,0
6400,2,1
6401,2,2
6402,2,1
6403,2,1
6404,2,0
6405,2,0
6406,2,1
6407,2,2
6408,3,1
6409,3,3
6410,2,2
6411,2,0
6412,2,1
6413,2,2
6414,2,0
6415,2,2
6416,2,1
6417,2,2
6418,2,0
6419,2,2
6420,2,1
6421,2,0
6422,2,1
6423,2,2
6424,2,2
6425,2,0
6426,2,0
6427,2,0
6428,2,0
6429,2,2
6430,2,1
6431,2,0
6432,2,2
6433,2,2
6434,2,2
6435,2,1
6436,4,0
6437,2,1
6438,2,2
6439,2,1
6440,2,0
6441,2,1
6442,2,0
6443,2,2
6444,2,0
6445,2,1
6446,2,2
6447,2,2
6448,2,1
6449,2,0
6450,2,1
6451,2,2
6452,2,1
6453,2,2
6454,2,2
6455,2,0
6456,2,0
6457,2,1
6458,2,2
6459,2,2
6460,2,0
6461,3,2
6462,2,2
6463,2,2
6464,2,0
6465,2,0
6466,2,0
6467,2,2
6468,3,2
6469,2,2
6470,2,2
6471,3,1
6472,2,0
6473,2,0
6474,2,2
6475,2,0
6476,2,1
6477,2,0
6478,2,2
6479,2,2
6480,2,2
6481,2,0
6482,3,1
6483,2,2
6484,2,2
6485,2,2
6486,2,0
6487,2,1
6488,2,2
6489,2,2
6490,2,2
6491,2,2
6492,2,2
6493,2,2
6494,2,0
6495,2,2
6496,2,0
6497,3,2
6498,2,0
6499,2,2
6500,2,2
6501,2,1
6502,2,0
6503,3,2
6504,2,0
6505,2,0
6506,3,3
6507,3,3
6508,2,0
6509,3,3
6510,2,1
6511,2,0
6512,2,1
6513,4,0
6514,2,2
6515,2,2
6516,2,1
6517,2,1
6518,2,0
6519,2,1
6520,2,1
6521,3,3
6522,2,2
6523,2,1
6524,2,0
6525,2,2
6526,2,2
6527,2,2
6528,2,2
6529,3,1
6530,2,0
6531,2,2
6532,2,0
6533,2,2
6534,2,1
6535,2,0
6536,3,3
6537,2,0
6538,2,2
6539,2,2
6540,2,1
6541,2,0
6542,2,2
6543,2,0
6544,3,3
6545,2,1
6546,2,2
6547,2,2
6548,2,1
6549,2,2
6550,2,2
6551,3,3
6552,2,0
6553,2,2
6554,2,2
6555,2,0
6556,2,0
6557,2,0
6558,2,0
6559,2,2
6560,2,1
6561,2,2
6562,2,0
6563,2,1
6564,2,2
6565,2,1
6566,4,3
6567,3,2
6568,3,2
6569,2,2
6570,3,3
6571,2,2
6572,3,3
6573,2,0
6574,2,2
6575,2,2
6576,2,2
6577,2,2
6578,2,2
6579,3,0
6580,2,0
6581,3,1
6582,3,3
6583,2,0
6584,3,1
6585,3,3
6586,2,0
6587,2,2
6588,2,1
6589,2,2
6590,2,0
6591,2,0
6592,2,0
6593,2,0
6594,2,0
6595,3,3
6596,2,0
6597,3,2
6598,2,1
6599,2,2
6600,2,1
6601,2,2
6602,2,1
6603,2,0
6604,2,2
6605,3,1
6606,3,3
6607,2,0
6608,2,2
6609,2,2
6610,2,2
6611,2,2
6612,2,2
6613,2,2
6614,2,2
6615,2,2
6616,2,0
6617,2,0
6618,3,2
6619,2,1
6620,2,2
6621,2,2
6622,2,2
6623,3,1
6624,2,0
6625,2,2
6626,3,3
6627,2,0
6628,2,0
6629,2,2
6630,2,0
6631,2,2
6632,2,1
6633,2,0
6634,2,0
6635,2,0
6636,2,0
6637,2,2
6638,2,1
6639,2,0
6640,2,2
6641,2,0
6642,2,0
6643,2,2
6644,2,1
6645,2,2
6646,3,2
6647,3,3
6648,2,0
6649,2,0
6650,2,2
6651,2,0
6652,2,2
6653,2,0
6654,2,1
6655,2,0
6656,2,0
6657,2,2
6658,3,3
6659,2,2
6660,2,0
6661,4,4
6662,2,2
6663,2,2
6664,2,1
6665,3,1
6666,2,0
6667,2,0
6668,2,2
6669,2,2
6670,2,0
6671,2,0
6672,3,3
6673,2,0
6674,2,1
6675,2,0
6676,2,2
6677,2,0
6678,2,0
6679,3,2
6680,3,1
6681,2,0
6682,2,0
6683,2,2
6684,2,0
6685,2,0
6686,4,2
6687,4,0
6688,2,2
6689,2,1
6690,2,1
6691,2,0
6692,2,0
6693,2,0
6694,2,1
6695,2,2
6696,2,2
6697,2,0
6698,2,1
6699,2,1
6700,2,2
6701,4,4
6702,2,2
6703,2,1
6704,2,2
6705,2,1
6706,2,1
6707,2,2
6708,2,2
6709,4,3
6710,2,0
6711,2,1
6712,2,1
6713,2,0
6714,2,2
6715,2,1
6716,2,0
6717,2,2
6718,2,0
6719,2,0
6720,2,2
6721,2,0
6722,2,2
6723,2,0
6724,2,2
6725,2,2
6726,2,2
6727,2,2
6728,2,2
6729,2,1
6730,2,0
6731,2,2
6732,2,2
6733,2,0
6734,3,2
6735,4,3
6736,2,2
6737,2,2
6738,3,2
6739,2,0
6740,3,2
6741,2,2
6742,3,0
6743,2,0
6744,2,0
6745,2,1
6746,2,2
6747,3,2
6748,2,2
6749,2,0
6750,2,1
6751,3,1
6752,3,3
6753,2,1
6754,2,2
6755,2,0
6756,2,2
6757,2,2
6758,2,0
6759,2,1
6760,2,2
6761,2,1
6762,2,0
6763,2,2
6764,2,2
6765,2,0
6766,3,3
6767,2,2
6768,3,3
6769,3,3
6770,2,2
6771,3,0
6772,2,1
6773,2,2
6774,2,2
6775,2,2
6776,2,2
6777,2,2
6778,2,2
6779,2,0
6780,2,2
6781,2,1
6782,2,2
6783,2,2
6784,3,2
6785,3,3
6786,2,2
6787,2,1
6788,2,0
6789,2,1
6790,2,2
6791,3,3
6792,2,1
6793,2,1
6794,3,3
6795,2,2
6796,2,0
6797,3,0
6798,2,0
6799,2,2
6800,2,0
6801,2,2
6802,2,1
6803,2,2
6804,2,0
6805,2,2
6806,2,2
6807,2,0
6808,2,2
6809,2,0
6810,3,1
6811,2,1
6812,2,0
6813,2,1
6814,2,0
6815,2,0
6816,2,1
6817,2,1
6818,2,0
6819,2,2
6820,2,2
6821,2,1
6822,2,2
6823,2,0
6824,2,2
6825,2,0
6826,2,0
6827,2,2
6828,2,0
6829,2,2
6830,3,3
6831,2,0
6832,2,1
6833,2,2
6834,2,1
6835,2,2
6836,2,0
6837,2,0
6838,2,2
6839,2,0
6840,4,2
6841,4,1
6842,3,2
6843,2,0
6844,2,0
6845,2,2
6846,2,2
6847,2,1
6848,2,2
6849,4,4
6850,2,1
6851,2,0
6852,2,2
6853,2,0
6854,3,3
6855,2,2
6856,3,2
6857,3,3
6858,2,2
6859,2,2
6860,2,2
6861,2,0
6862,2,1
6863,2,2
6864,4,4
6865,2,1
6866,2,0
6867,2,2
6868,2,2
6869,3,2
6870,2,1
6871,2,0
6872,3,0
6873,4,3
6874,2,1
6875,3,0
6876,2,2
6877,2,0
6878,2,0
6879,3,1
6880,2,2
6881,2,0
6882,2,2
6883,2,0
6884,2,2
6885,2,2
6886,2,2
6887,2,0
6888,2,2
6889,2,2
6890,3,3
6891,2,0
6892,2,2
6893,2,0
6894,2,2
6895,2,1
6896,2,2
6897,2,1
6898,2,2
6899,2,2
6900,3,2
6901,4,4
6902,2,2
6903,2,0
6904,4,4
6905,2,0
6906,2,1
6907,2,2
6908,2,2
6909,3,3
6910,2,2
6911,2,2
6912,2,2
6913,3,1
6914,2,2
6915,2,0
6916,2,2
6917,2,1
6918,2,2
6919,3,3
6920,2,2
6921,2,2
6922,2,0
6923,2,0
6924,2,2
6925,2,0
6926,2,2
6927,4,1
6928,2,0
6929,2,2
6930,2,2
6931,2,0
6932,2,1
6933,2,0
6934,3,3
6935,2,2
6936,2,1
6937,2,2
6938,4,0
6939,2,1
6940,2,0
6941,3,3
6942,2,2
6943,2,1
6944,3,2
6945,2,2
6946,2,0
6947,2,2
6948,2,1
6949,2,2
6950,2,2
6951,2,1
6952,2,2
6953,2,2
6954,2,0
6955,2,0
6956,2,1
6957,2,2
6958,2,0
6959,3,0
6960,2,1
6961,2,2
6962,2,0
6963,3,0
6964,2,2
6965,2,1
6966,2,1
6967,2,0
6968,2,0
6969,2,2
6970,2,1
6971,3,1
6972,2,1
6973,2,0
6974,2,0
6975,2,0
6976,2,2
6977,3,3
6978,2,2
6979,2,0
6980,2,0
6981,2,0
6982,2,0
6983,2,0
6984,2,0
6985,2,0
6986,2,0
6987,3,2
6988,2,2
6989,3,1
6990,3,2
6991,2,0
6992,2,0
6993,2,0
6994,3,2
6995,2,1
6996,2,0
6997,2,0
6998,2,2
6999,2,2
7000,2,0
7001,2,2
7002,2,0
7003,2,1
7004,2,2
7005,2,2
7006,2,1
7007,2,2
7008,2,0
7009,2,2
7010,2,2
7011,2,2
7012,2,0
7013,4,0
7014,3,1
7015,2,2
7016,3,0
7017,2,2
7018,2,2
7019,3,2
7020,2,2
7021,2,2
7022,2,1
7023,2,2
7024,2,0
7025,2,2
7026,2,2
7027,2,2
7028,2,0
7029,2,1
7030,2,0
7031,2,1
7032,2,2
7033,2,1
7034,3,1
7035,2,1
7036,2,0
7037,2,2
7038,4,1
7039,2,2
7040,2,1
7041,2,0
7042,2,0
7043,4,3
7044,2,2
7045,2,1
7046,3,2
7047,2,1
7048,4,4
7049,2,2
7050,2,1
7051,2,1
7052,2,2
7053,3,2
7054,2,2
7055,2,0
7056,2,2
7057,2,0
7058,2,1
7059,2,0
7060,3,3
7061,2,0
7062,2,2
7063,2,2
7064,2,0
7065,2,2
7066,4,3
7067,3,3
7068,2,2
7069,2,2
7070,2,0
7071,3,1
7072,2,2
7073,2,2
7074,2,0
7075,2,0
7076,2,0
7077,2,1
7078,3,0
7079,2,0
7080,2,1
7081,2,2
7082,2,0
7083,2,1
7084,3,3
7085,2,0
7086,2,2
7087,2,0
7088,2,2
7089,2,0
7090,2,0
7091,3,0
7092,2,2
7093,2,0
7094,2,0
7095,3,1
7096,2,1
7097,3,0
7098,2,0
7099,2,0
7100,4,2
7101,2,1
7102,3,3
7103,2,2
7104,2,0
7105,2,2
7106,2,2
7107,3,1
7108,2,2
7109,2,0
7110,2,0
7111,2,2
7112,2,2
7113,2,1
7114,2,2
7115,2,2
7116,2,1
7117,2,0
7118,2,0
7119,2,2
7120,2,0
7121,2,1
7122,2,1
7123,2,1
7124,2,0
7125,2,2
7126,2,0
7127,2,2
7128,2,2
7129,2,1
7130,2,0
7131,2,1
7132,2,0
7133,2,1
7134,2,0
7135,3,1
7136,2,2
7137,3,2
7138,2,2
7139,2,0
7140,2,2
7141,2,2
7142,2,0
7143,2,1
7144,2,2
7145,3,1
7146,3,3
7147,2,1
7148,2,0
7149,2,1
7150,3,3
7151,2,0
7152,2,2
7153,2,2
7154,2,2
7155,2,0
7156,2,2
7157,2,1
7158,2,2
7159,2,2
7160,2,0
7161,2,2
7162,2,2
7163,2,0
7164,2,2
7165,2,1
7166,2,0
7167,3,2
7168,2,2
7169,2,2
7170,4,4
7171,2,2
7172,2,2
7173,2,0
7174,2,1
7175,2,2
7176,3,3
7177,2,1
7178,2,2
7179,2,0
7180,2,1
7181,2,2
7182,2,1
7183,2,0
7184,2,2
7185,2,1
7186,2,0
7187,2,1
7188,2,2
7189,2,1
7190,2,1
7191,3,1
7192,2,2
7193,2,0
7194,2,2
7195,3,1
7196,2,0
7197,2,2
7198,3,1
7199,2,1
7200,3,2
7201,2,0
7202,2,2
7203,3,3
7204,2,2
7205,2,1
7206,4,0
7207,2,2
7208,2,0
7209,2,0
7210,2,2
7211,2,2
7212,3,3
7213,2,1
7214,2,2
7215,2,2
7216,2,0
7217,2,0
7218,2,2
7219,3,1
7220,3,1
7221,2,1
7222,2,2
7223,2,2
7224,2,0
7225,2,2
7226,2,0
7227,2,2
7228,2,0
7229,2,0
7230,2,0
7231,2,0
7232,2,2
7233,2,1
7234,2,0
7235,2,2
7236,2,2
7237,2,2
7238,2,0
7239,3,0
7240,2,2
7241,2,0
7242,2,0
7243,3,3
7244,3,2
7245,3,3
7246,2,2
7247,2,0
7248,2,0
7249,2,2
7250,3,3
7251,2,1
7252,2,0
7253,2,2
7254,2,0
7255,2,2
7256,2,2
7257,2,2
7258,2,1
7259,2,2
7260,2,1
7261,2,2
7262,4,1
7263,2,2
7264,2,1
7265,4,0
7266,2,2
7267,2,0
7268,2,2
7269,2,2
7270,2,1
7271,2,2
7272,2,0
7273,2,2
7274,2,2
7275,2,0
7276,3,1
7277,2,1
7278,2,0
7279,2,0
7280,3,3
7281,2,1
7282,2,2
7283,2,1
7284,2,0
7285,2,0
7286,3,2
7287,2,2
7288,2,2
7289,2,0
7290,3,3
7291,2,2
7292,2,0
7293,2,2
7294,2,1
7295,2,2
7296,3,3
7297,3,2
7298,2,2
7299,2,2
7300,2,2
7301,2,2
7302,2,2
7303,2,0
7304,3,3
7305,2,2
7306,2,0
7307,3,1
7308,2,0
7309,2,2
7310,3,0
7311,3,3
7312,2,2
7313,2,1
7314,2,2
7315,2,2
7316,3,1
7317,2,0
7318,2,1
7319,2,2
7320,2,0
7321,2,1
7322,2,0
7323,2,2
7324,2,2
7325,3,3
7326,2,2
7327,2,2
7328,3,2
7329,2,0
7330,3,2
7331,2,2
7332,3,3
7333,2,0
7334,2,2
7335,2,0
7336,2,0
7337,2,2
7338,2,2
7339,2,2
7340,2,2
7341,2,2
7342,2,2
7343,2,0
7344,2,1
7345,2,2
7346,2,1
7347,2,0
7348,2,0
7349,4,3
7350,2,1
7351,2,2
7352,2,1
7353,2,2
7354,2,1
7355,2,2
7356,2,2
7357,2,2
7358,2,2
7359,2,1
7360,2,2
7361,2,2
7362,4,2
7363,2,2
7364,2,0
7365,2,0
7366,2,1
7367,2,0
7368,2,1
7369,2,0
7370,2,1
7371,2,2
7372,4,2
7373,2,1
7374,2,0
7375,2,2
7376,2,1
7377,2,1
7378,2,2
7379,3,2
7380,2,0
7381,2,2
7382,2,2
7383,2,2
7384,2,1
7385,2,2
7386,2,1
7387,2,0
7388,2,2
7389,3,3
7390,3,1
7391,2,2
7392,2,1
7393,3,2
7394,2,1
7395,3,3
7396,2,0
7397,2,2
7398,2,2
7399,2,0
7400,2,1
7401,2,1
7402,2,0
7403,2,0
7404,4,2
7405,2,2
7406,2,2
7407,2,2
7408,3,1
7409,2,0
7410,2,1
7411,2,0
7412,3,2
7413,2,2
7414,2,1
7415,2,0
7416,2,0
7417,2,2
7418,2,0
7419,2,2
7420,2,0
7421,3,1
7422,2,1
7423,2,2
7424,2,1
7425,2,2
7426,2,2
7427,4,3
7428,2,0
7429,3,1
7430,3,2
7431,3,3
7432,2,2
7433,2,0
7434,2,2
7435,2,1
7436,2,2
7437,2,2
7438,2,2
7439,2,2
7440,2,2
7441,2,2
7442,2,2
7443,2,2
7444,2,1
7445,2,1
7446,2,0
7447,2,2
7448,2,2
7449,2,2
7450,2,0
7451,2,2
7452,2,1
7453,2,0
7454,2,0
7455,2,2
7456,2,0
7457,2,0
7458,2,0
7459,2,1
7460,2,1
7461,2,2
7462,2,0
7463,2,2
7464,2,0
7465,2,2
7466,2,0
7467,3,0
7468,2,2
7469,2,2
7470,2,2
7471,2,2
7472,2,1
7473,2,2
7474,2,1
7475,2,0
7476,2,0
7477,3,3
7478,2,0
7479,2,2
7480,2,2
7481,2,1
7482,2,0
7483,2,1
7484,2,2
7485,2,2
7486,2,0
7487,2,2
7488,2,1
7489,2,0
7490,2,2
7491,2,2
7492,3,1
7493,2,0
7494,2,0
7495,2,2
7496,2,2
7497,2,0
7498,2,0
7499,3,3
7500,2,0
7501,2,2
7502,3,2
7503,2,2
7504,2,0
7505,2,0
7506,2,0
7507,2,2
7508,2,2
7509,3,1
7510,2,0
7511,2,0
7512,2,0
7513,2,2
7514,2,0
7515,3,1
7516,2,2
7517,2,2
7518,2,2
7519,2,2
7520,3,0
7521,2,1
7522,2,0
7523,2,2
7524,2,0
7525,4,0
7526,2,2
7527,2,1
7528,2,2
7529,2,1
7530,2,1
7531,2,2
7532,2,0
7533,2,0
7534,2,1
7535,2,2
7536,2,2
7537,2,0
7538,2,2
7539,2,1
7540,2,2
7541,2,1
7542,2,1
7543,2,2
7544,3,3
7545,2,2
7546,3,2
7547,2,1
7548,2,0
7549,2,0
7550,2,0
7551,2,2
7552,2,2
7553,2,0
7554,2,0
7555,2,1
7556,3,1
7557,2,1
7558,2,2
7559,2,2
7560,2,1
7561,2,2
7562,2,2
7563,2,0
7564,2,2
7565,2,2
7566,2,2
7567,2,1
7568,2,2
7569,2,1
7570,2,1
7571,2,2
7572,2,2
7573,2,2
7574,2,2
7575,2,1
7576,2,0
7577,2,1
7578,2,2
7579,2,2
7580,2,1
7581,2,2
7582,2,1
7583,2,2
7584,2,2
7585,2,1
7586,2,2
7587,2,0
7588,4,2
7589,2,1
7590,3,3
7591,2,1
7592,2,2
7593,2,2
7594,2,1
7595,2,0
7596,2,2
7597,2,2
7598,2,1
7599,2,0
7600,2,2
7601,2,1
7602,2,1
7603,2,2
7604,2,2
7605,3,3
7606,2,2
7607,2,0
7608,2,0
7609,2,2
7610,2,1
7611,2,0
7612,2,2
7613,2,1
7614,2,0
7615,3,2
7616,2,0
7617,2,0
7618,3,1
7619,2,0
7620,2,0
7621,2,2
7622,2,0
7623,3,3
7624,3,0
7625,2,2
7626,2,2
7627,2,2
7628,2,1
7629,2,2
7630,2,0
7631,2,2
7632,2,0
7633,3,0
7634,2,1
7635,2,0
7636,3,2
7637,2,0
7638,3,3
7639,2,2
7640,2,2
7641,2,2
7642,2,2
7643,2,0
7644,2,1
7645,2,2
7646,2,2
7647,2,0
7648,2,1
7649,2,0
7650,4,0
7651,2,2
7652,3,1
7653,2,0
7654,3,3
7655,2,2
7656,2,2
7657,2,0
7658,2,2
7659,2,2
7660,2,1
7661,2,1
7662,2,2
7663,3,3
7664,2,0
7665,2,2
7666,2,0
7667,2,0
7668,2,2
7669,3,3
7670,2,0
7671,2,0
7672,2,2
7673,2,0
7674,3,3
7675,2,2
7676,2,2
7677,2,2
7678,2,1
7679,2,2
7680,3,2
7681,2,2
7682,2,2
7683,2,0
7684,2,0
7685,2,2
7686,2,2
7687,2,1
7688,2,2
7689,2,0
7690,2,2
7691,2,2
7692,2,2
7693,2,0
7694,2,2
7695,2,2
7696,3,3
7697,2,2
7698,2,1
7699,3,0
7700,2,1
7701,2,2
7702,2,1
7703,3,3
7704,4,3
7705,2,0
7706,2,2
7707,2,2
7708,2,2
7709,2,1
7710,2,2
7711,2,2
7712,2,1
7713,2,0
7714,2,1
7715,2,2
7716,2,2
7717,2,2
7718,2,0
7719,3,2
7720,2,0
7721,2,2
7722,2,1
7723,2,2
7724,3,1
7725,3,3
7726,2,0
7727,2,2
7728,2,2
7729,2,2
7730,2,0
7731,2,0
7732,2,1
7733,2,0
7734,3,3
7735,3,3
7736,2,0
7737,3,2
7738,2,2
7739,4,4
7740,2,1
7741,2,2
7742,2,1
7743,4,0
7744,2,2
7745,2,2
7746,2,2
7747,2,0
7748,2,2
7749,2,1
7750,2,2
7751,2,0
7752,2,0
7753,2,0
7754,2,2
7755,2,2
7756,3,0
7757,3,2
7758,2,0
7759,2,2
7760,2,1
7761,2,0
7762,2,2
7763,2,1
7764,2,2
7765,3,3
7766,3,2
7767,3,3
7768,3,0
7769,2,1
7770,2,2
7771,2,2
7772,2,2
7773,2,0
7774,2,0
7775,2,2
7776,2,1
7777,2,2
7778,2,0
7779,3,3
7780,3,2
7781,2,2
7782,2,0
7783,2,0
7784,2,1
7785,2,1
7786,4,4
7787,4,4
7788,2,2
7789,2,2
7790,2,1
7791,2,0
7792,2,2
7793,2,2
7794,2,0
7795,2,0
7796,2,2
7797,2,0
7798,3,1
7799,2,0
7800,2,0
7801,2,0
7802,3,1
7803,2,2
7804,2,1
7805,2,2
7806,2,2
7807,3,1
7808,2,1
7809,2,2
7810,2,2
7811,2,2
7812,3,3
7813,2,2
7814,2,2
7815,2,0
7816,4,4
7817,2,0
7818,3,1
7819,2,2
7820,2,1
7821,2,2
7822,2,2
7823,2,1
7824,2,0
7825,2,2
7826,4,0
7827,2,2
7828,2,1
7829,3,3
7830,2,0
7831,2,2
7832,2,2
7833,2,0
7834,2,1
7835,2,0
7836,2,2
7837,3,3
7838,2,1
7839,3,2
7840,2,1
7841,2,2
7842,2,0
7843,2,1
7844,2,1
7845,2,2
7846,2,0
7847,2,1
7848,2,0
7849,2,2
7850,4,1
7851,2,2
7852,2,2
7853,4,2
7854,2,0
7855,2,2
7856,2,2
7857,2,0
7858,2,1
7859,2,0
7860,2,2
7861,2,2
7862,2,1
7863,4,4
7864,2,2
7865,3,3
7866,3,3
7867,2,0
7868,2,0
7869,2,1
7870,2,0
7871,3,3
7872,2,2
7873,4,4
7874,2,2
7875,2,2
7876,2,0
7877,2,2
7878,2,1
7879,2,2
7880,2,0
7881,3,0
7882,2,2
7883,2,2
7884,2,0
7885,2,0
7886,2,2
7887,2,2
7888,2,2
7889,2,2
7890,2,1
7891,4,3
7892,3,3
7893,2,2
7894,2,0
7895,2,1
7896,2,2
7897,2,0
7898,2,0
7899,2,1
7900,3,3
7901,2,2
7902,2,2
7903,2,2
7904,2,2
7905,2,0
7906,2,1
7907,3,2
7908,3,1
7909,4,3
7910,2,1
7911,2,0
7912,3,1
7913,2,1
7914,2,0
7915,2,2
7916,2,2
7917,2,0
7918,3,1
7919,2,2
7920,2,0
7921,3,3
7922,4,2
7923,3,1
7924,2,2
7925,2,0
7926,2,2
7927,4,2
7928,2,0
7929,2,2
7930,4,4
7931,3,2
7932,2,0
7933,3,3
7934,3,2
7935,2,0
7936,2,0
7937,2,0
7938,2,0
7939,2,2
7940,2,0
7941,2,2
7942,3,2
7943,2,2
7944,2,2
7945,2,2
7946,2,0
7947,2,0
7948,2,2
7949,2,1
7950,2,0
7951,2,2
7952,3,0
7953,3,1
7954,2,2
7955,2,0
7956,2,0
7957,2,1
7958,2,0
7959,2,2
7960,2,2
7961,2,2
7962,2,0
7963,2,2
7964,2,0
7965,2,0
7966,2,0
7967,2,2
7968,2,1
7969,2,1
7970,2,0
7971,2,0
7972,2,1
7973,2,2
7974,2,2
7975,4,4
7976,2,0
7977,2,1
7978,3,1
7979,3,2
7980,2,0
7981,2,2
7982,2,2
7983,4,0
7984,2,2
7985,2,1
7986,2,1
7987,2,2
7988,2,2
7989,4,1
7990,2,0
7991,2,0
7992,2,0
7993,2,0
7994,2,0
7995,2,2
7996,2,2
7997,2,0
7998,2,2
7999,2,2
8000,2,0
8001,2,2
8002,3,1
8003,4,4
8004,2,2
8005,2,1
8006,2,2
8007,2,0
8008,2,2
8009,3,3
8010,3,3
8011,2,1
8012,2,2
8013,2,2
8014,2,2
8015,2,2
8016,2,0
8017,3,3
8018,2,1
8019,2,2
8020,4,4
8021,2,1
8022,3,2
8023,2,2
8024,3,1
8025,2,1
8026,2,0
8027,2,2
8028,2,0
8029,2,2
8030,3,0
8031,3,1
8032,2,2
8033,2,2
8034,2,2
8035,2,2
8036,2,1
8037,2,2
8038,2,0
8039,2,2
8040,2,1
8041,4,2
8042,2,1
8043,3,2
8044,3,0
8045,2,1
8046,2,1
8047,2,1
8048,2,2
8049,2,2
8050,2,2
8051,2,2
8052,3,3
8053,2,0
8054,2,0
8055,3,2
8056,2,1
8057,2,2
8058,3,3
8059,3,2
8060,2,2
8061,2,0
8062,2,2
8063,2,2
8064,2,1
8065,2,1
8066,2,2
8067,2,2
8068,2,2
8069,2,0
8070,2,0
8071,2,0
8072,2,1
8073,2,1
8074,2,1
8075,2,2
8076,2,2
8077,2,2
8078,4,0
8079,2,0
8080,2,1
8081,2,1
8082,2,2
8083,2,0
8084,3,0
8085,2,1
8086,2,0
8087,2,2
8088,2,0
8089,2,0
8090,3,0
8091,4,2
8092,2,2
8093,2,0
8094,2,2
8095,2,2
8096,2,1
8097,2,2
8098,3,3
8099,2,1
8100,2,2
8101,2,2
8102,2,2
8103,2,2
8104,2,2
8105,3,3
8106,2,0
8107,2,1
8108,2,0
8109,2,0
8110,4,3
8111,2,0
8112,2,2
8113,4,4
8114,2,2
8115,2,2
8116,3,3
8117,2,1
8118,2,0
8119,2,2
8120,3,2
8121,2,0
8122,2,2
8123,2,2
8124,2,0
8125,2,2
8126,2,1
8127,4,1
8128,2,2
8129,2,1
8130,2,2
8131,3,1
8132,2,0
8133,2,0
8134,2,1
8135,2,2
8136,3,1
8137,2,2
8138,2,0
8139,2,2
8140,2,2
8141,3,3
8142,2,0
8143,2,1
8144,2,2
8145,2,0
8146,2,2
8147,2,2
8148,4,1
8149,2,0
8150,2,0
8151,2,2
8152,2,2
8153,2,2
8154,2,0
8155,2,1
8156,2,1
8157,4,2
8158,2,1
8159,2,0
8160,2,0
8161,2,0
8162,2,2
8163,3,3
8164,2,1
8165,2,1
8166,2,0
8167,2,0
8168,2,0
8169,2,0
8170,3,2
8171,2,0
8172,2,2
8173,2,2
8174,2,2
8175,3,1
8176,2,2
8177,2,1
8178,3,1
8179,2,2
8180,2,1
8181,2,1
8182,2,1
8183,3,1
8184,2,0
8185,2,2
8186,2,0
8187,2,0
8188,2,2
8189,2,2
8190,2,0
8191,2,0
8192,2,2
8193,2,1
8194,2,0
8195,2,0
8196,2,2
8197,3,1
8198,3,2
8199,2,0
8200,4,2
8201,2,0
8202,2,2
8203,2,2
8204,2,0
8205,2,2
8206,4,4
8207,2,2
8208,2,1
8209,2,1
8210,3,0
8211,2,0
8212,3,1
8213,2,2
8214,2,0
8215,2,2
8216,3,3
8217,2,2
8218,2,1
8219,2,2
8220,2,0
8221,2,1
8222,2,2
8223,2,0
8224,2,2
8225,2,0
8226,2,0
8227,4,4
8228,2,0
8229,2,0
8230,2,2
8231,3,3
8232,2,0
8233,2,0
8234,2,1
8235,2,2
8236,2,2
8237,2,2
8238,2,2
8239,2,2
8240,2,0
8241,2,0
8242,2,1
8243,2,2
8244,2,0
8245,2,0
8246,2,1
8247,2,1
8248,2,0
8249,3,3
8250,2,2
8251,2,1
8252,2,0
8253,2,0
8254,2,1
8255,2,1
8256,2,0
8257,2,2
8258,3,3
8259,2,0
8260,2,2
8261,2,0
8262,2,1
8263,2,0
8264,2,2
8265,2,1
8266,3,2
8267,3,2
8268,2,0
8269,2,1
8270,3,2
8271,2,0
8272,2,2
8273,2,2
8274,2,1
8275,2,2
8276,2,1
8277,4,3
8278,2,0
8279,2,2
8280,2,0
8281,2,2
8282,2,0
8283,2,2
8284,2,2
8285,2,0
8286,2,0
8287,2,0
8288,2,0
8289,2,0
8290,2,2
8291,2,0
8292,3,3
8293,2,0
8294,2,2
8295,2,2
8296,2,0
8297,3,0
8298,3,0
8299,2,1
8300,2,2
8301,2,0
8302,3,2
8303,2,2
8304,2,0
8305,2,1
8306,2,1
8307,2,2
8308,2,1
8309,3,1
8310,2,2
8311,2,0
8312,2,2
8313,2,1
8314,2,0
8315,2,2
8316,2,2
8317,2,2
8318,2,2
8319,2,0
8320,2,2
8321,3,1
8322,2,0
8323,3,1
8324,2,2
8325,3,3
8326,2,2
8327,2,0
8328,2,2
8329,3,1
8330,2,0
8331,2,2
8332,2,2
8333,2,2
8334,2,1
8335,2,1
8336,3,3
8337,3,1
8338,2,1
8339,2,2
8340,2,2
8341,2,2
8342,2,2
8343,2,1
8344,2,1
8345,2,2
8346,3,1
8347,2,2
8348,3,1
8349,2,1
8350,2,0
8351,2,1
8352,2,1
8353,2,1
8354,2,2
8355,2,2
8356,2,0
8357,2,2
8358,2,1
8359,2,0
8360,2,1
8361,2,1
8362,2,0
8363,2,2
8364,3,3
8365,2,2
8366,2,1
8367,2,2
8368,2,0
8369,2,2
8370,2,1
8371,2,2
8372,2,1
8373,4,2
8374,3,1
8375,2,2
8376,3,2
8377,2,2
8378,2,2
8379,2,2
8380,2,1
8381,2,2
8382,2,0
8383,2,2
8384,2,1
8385,2,2
8386,2,2
8387,2,0
8388,2,1
8389,2,2
8390,2,1
8391,2,2
8392,2,2
8393,2,1
8394,2,2
8395,2,1
8396,2,0
8397,2,1
8398,2,2
8399,2,0
8400,2,2
8401,2,0
8402,2,2
8403,2,2
8404,2,2
8405,2,0
8406,2,2
8407,2,0
8408,2,2
8409,2,2
8410,2,1
8411,2,0
8412,2,1
8413,3,1
8414,3,3
8415,3,1
8416,2,0
8417,2,2
8418,2,0
8419,2,2
8420,2,0
8421,2,2
8422,2,0
8423,2,1
8424,2,2
8425,2,2
8426,2,2
8427,2,2
8428,2,0
8429,2,0
8430,2,2
8431,3,3
8432,2,2
8433,3,2
8434,2,2
8435,2,1
8436,2,0
8437,2,2
8438,2,1
8439,2,0
8440,2,1
8441,2,0
8442,2,2
8443,2,0
8444,2,2
8445,2,0
8446,2,0
8447,2,2
8448,2,0
8449,2,2
8450,2,0
8451,2,2
8452,3,1
8453,2,2
8454,2,2
8455,4,1
8456,2,0
8457,2,0
8458,3,3
8459,2,2
8460,2,2
8461,2,0
8462,2,0
8463,2,0
8464,3,3
8465,2,2
8466,2,1
8467,2,1
8468,2,2
8469,2,2
8470,2,2
8471,2,0
8472,2,0
8473,2,0
8474,4,1
8475,2,2
8476,2,0
8477,2,0
8478,2,2
8479,2,1
8480,2,0
8481,2,2
8482,4,2
8483,4,4
8484,2,1
8485,2,1
8486,3,3
8487,2,0
8488,3,0
8489,3,0
8490,2,2
8491,2,0
8492,2,2
8493,2,2
8494,2,0
8495,2,2
8496,2,2
8497,2,1
8498,3,1
8499,2,0
8500,2,2
8501,2,2
8502,3,2
8503,3,1
8504,2,2
8505,3,3
8506,2,2
8507,2,0
8508,2,1
8509,2,2
8510,2,2
8511,2,1
8512,2,0
8513,3,1
8514,3,1
8515,2,2
8516,2,2
8517,2,2
8518,2,0
8519,2,0
8520,4,2
8521,2,2
8522,2,0
8523,2,1
8524,2,0
8525,2,1
8526,2,2
8527,2,0
8528,2,1
8529,2,2
8530,2,2
8531,2,0
8532,2,1
8533,2,2
8534,3,0
8535,2,0
8536,2,1
8537,2,2
8538,2,1
8539,2,1
8540,2,2
8541,3,1
8542,2,2
8543,3,1
8544,2,2
8545,2,2
8546,2,2
8547,3,0
8548,2,2
8549,2,1
8550,2,1
8551,2,2
8552,2,2
8553,2,0
8554,2,2
8555,2,2
8556,2,0
8557,2,2
8558,2,2
8559,2,1
8560,2,2
8561,2,2
8562,2,0
8563,2,2
8564,2,1
8565,2,0
8566,2,2
8567,2,0
8568,2,1
8569,2,0
8570,2,2
8571,2,2
8572,2,2
8573,2,2
8574,2,1
8575,2,2
8576,3,1
8577,2,0
8578,3,3
8579,2,1
8580,2,2
8581,4,4
8582,2,0
8583,2,2
8584,3,3
8585,2,2
8586,2,0
8587,2,1
8588,2,2
8589,2,1
8590,2,1
8591,2,0
8592,2,2
8593,2,0
8594,2,1
8595,2,2
8596,2,1
8597,3,1
8598,3,2
8599,2,0
8600,3,1
8601,2,0
8602,2,0
8603,2,2
8604,2,0
8605,2,2
8606,2,2
8607,2,1
8608,2,1
8609,2,2
8610,2,0
8611,2,2
8612,2,0
8613,3,2
8614,2,0
8615,2,0
8616,2,0
8617,2,2
8618,3,1
8619,2,2
8620,3,0
8621,2,2
8622,3,3
8623,2,2
8624,2,1
8625,2,1
8626,2,1
8627,2,1
8628,2,0
8629,2,0
8630,4,0
8631,2,0
8632,2,1
8633,3,0
8634,2,0
8635,2,2
8636,2,0
8637,2,2
8638,2,0
8639,3,2
8640,2,2
8641,2,0
8642,2,1
8643,2,1
8644,2,2
8645,2,0
8646,3,1
8647,3,2
8648,2,2
8649,3,3
8650,3,2
8651,2,0
8652,2,0
8653,2,1
8654,4,0
8655,2,2
8656,2,2
8657,2,0
8658,2,2
8659,2,1
8660,2,1
8661,2,1
8662,4,3
8663,2,0
8664,2,0
8665,3,1
8666,3,2
8667,2,0
8668,2,0
8669,2,0
8670,2,1
8671,2,0
8672,2,0
8673,3,3
8674,2,2
8675,2,2
8676,2,1
8677,2,0
8678,2,2
8679,2,2
8680,2,0
8681,4,0
8682,2,0
8683,2,0
8684,2,2
8685,3,3
8686,3,2
8687,3,2
8688,3,0
8689,4,3
8690,2,1
8691,2,1
8692,4,0
8693,2,0
8694,3,3
8695,2,0
8696,2,0
8697,2,2
8698,2,2
8699,2,1
8700,3,1
8701,2,2
8702,3,2
8703,2,1
8704,2,0
8705,2,0
8706,2,0
8707,2,1
8708,2,1
8709,2,2
8710,2,0
8711,2,0
8712,3,2
8713,2,2
8714,2,2
8715,3,3
8716,2,0
8717,2,2
8718,2,2
8719,2,2
8720,2,1
8721,2,0
8722,2,2
8723,2,1
8724,2,0
8725,2,2
8726,2,2
8727,2,2
8728,4,1
8729,2,0
8730,2,0
8731,2,1
8732,3,2
8733,2,2
8734,2,2
8735,4,2
8736,2,0
8737,2,2
8738,2,2
8739,3,1
8740,2,1
8741,3,3
8742,2,2
8743,2,0
8744,2,0
8745,2,0
8746,2,2
8747,2,1
8748,4,2
8749,2,2
8750,2,2
8751,2,2
8752,2,2
8753,3,1
8754,2,2
8755,2,2
8756,2,2
8757,2,0
8758,2,1
8759,2,2
8760,2,2
8761,2,0
8762,2,2
8763,2,0
8764,2,1
8765,2,2
8766,2,1
8767,2,0
8768,2,1
8769,2,1
8770,2,2
8771,2,2
8772,2,1
8773,2,2
8774,2,0
8775,2,0
8776,2,0
8777,2,1
8778,3,3
8779,2,1
8780,2,1
8781,3,3
8782,4,0
8783,2,0
8784,2,0
8785,2,0
8786,2,2
8787,2,2
8788,2,1
8789,3,1
8790,3,3
8791,2,1
8792,2,0
8793,2,1
8794,3,1
8795,2,1
8796,2,0
8797,2,2
8798,2,0
8799,2,0
8800,2,1
8801,2,2
8802,3,2
8803,2,1
8804,2,2
8805,2,0
8806,2,2
8807,2,0
8808,2,1
8809,2,2
8810,2,2
8811,2,1
8812,2,0
8813,2,0
8814,2,2
8815,2,0
8816,2,1
8817,2,0
8818,2,2
8819,2,2
8820,2,0
8821,2,1
8822,2,2
8823,2,0
8824,3,3
8825,2,2
8826,2,0
8827,2,0
8828,2,0
8829,4,1
8830,2,0
8831,2,0
8832,2,1
8833,2,2
8834,2,0
8835,2,2
8836,3,2
8837,2,0
8838,2,1
8839,3,3
8840,2,2
8841,4,1
8842,2,1
8843,3,3
8844,2,2
8845,2,0
8846,2,2
8847,2,2
8848,2,1
8849,2,2
8850,3,2
8851,2,2
8852,2,2
8853,2,0
8854,2,1
8855,2,0
8856,2,0
8857,2,1
8858,2,0
8859,2,2
8860,2,0
8861,3,1
8862,2,0
8863,2,2
8864,2,2
8865,3,3
8866,2,1
8867,2,1
8868,2,0
8869,3,1
8870,3,1
8871,2,0
8872,2,1
8873,2,2
8874,3,3
8875,2,2
8876,2,0
8877,2,0
8878,2,2
8879,2,2
8880,2,1
8881,3,3
8882,3,1
8883,2,0
8884,2,0
8885,2,0
8886,2,0
8887,2,0
8888,2,0
8889,2,0
8890,2,2
8891,2,0
8892,2,2
8893,2,2
8894,2,2
8895,2,0
8896,2,2
8897,3,0
8898,2,2
8899,2,2
8900,2,0
8901,2,0
8902,2,0
8903,2,0
8904,4,4
8905,2,0
8906,3,1
8907,2,0
8908,2,2
8909,2,0
8910,3,3
8911,2,0
8912,2,1
8913,2,2
8914,2,1
8915,2,1
8916,2,2
8917,2,1
8918,2,2
8919,2,0
8920,2,2
8921,2,2
8922,2,2
8923,3,3
8924,2,2
8925,3,3
8926,2,0
8927,2,2
8928,2,0
8929,2,2
8930,2,2
8931,2,0
8932,2,2
8933,2,0
8934,2,2
8935,2,0
8936,3,3
8937,2,2
8938,2,2
8939,2,0
8940,2,1
8941,2,1
8942,2,2
8943,2,0
8944,3,2
8945,2,0
8946,2,2
8947,2,1
8948,2,0
8949,2,2
8950,2,0
8951,2,2
8952,2,2
8953,2,0
8954,2,2
8955,2,0
8956,2,2
8957,2,0
8958,2,0
8959,2,2
8960,2,0
8961,3,1
8962,3,3
8963,2,2
8964,2,1
8965,3,0
8966,4,1
8967,2,2
8968,2,1
8969,2,2
8970,2,2
8971,3,3
8972,2,1
8973,2,2
8974,2,2
8975,2,1
8976,2,0
8977,2,0
8978,2,2
8979,2,1
8980,2,2
8981,2,0
8982,3,2
8983,3,1
8984,2,0
8985,2,2
8986,2,0
8987,2,1
8988,2,1
8989,2,0
8990,2,0
8991,2,1
8992,2,2
8993,2,0
8994,4,0
8995,3,2
8996,2,1
8997,2,2
8998,2,2
8999,2,2
9000,2,2
9001,2,0
9002,2,1
9003,2,2
9004,2,2
9005,2,2
9006,4,4
9007,4,0
9008,4,3
9009,2,2
9010,2,0
9011,2,0
9012,2,2
9013,2,1
9014,2,0
9015,2,0
9016,2,1
9017,2,0
9018,3,1
9019,2,2
9020,2,1
9021,2,2
9022,2,2
9023,3,3
9024,2,2
9025,2,2
9026,3,1
9027,2,0
9028,4,4
9029,2,0
9030,2,0
9031,2,1
9032,2,1
9033,2,2
9034,2,0
9035,2,2
9036,3,1
9037,2,0
9038,2,0
9039,2,1
9040,2,1
9041,2,2
9042,2,0
9043,2,2
9044,2,1
9045,2,1
9046,2,2
9047,2,2
9048,2,2
9049,2,2
9050,2,2
9051,2,2
9052,2,2
9053,3,3
9054,2,0
9055,2,0
9056,2,0
9057,2,2
9058,3,1
9059,2,2
9060,2,2
9061,3,3
9062,2,2
9063,2,2
9064,2,0
9065,2,2
9066,2,1
9067,2,2
9068,3,3
9069,2,0
9070,4,3
9071,2,1
9072,2,1
9073,2,0
9074,2,1
9075,2,0
9076,2,2
9077,2,0
9078,3,3
9079,3,3
9080,2,2
9081,2,0
9082,2,0
9083,3,3
9084,2,1
9085,2,2
9086,2,2
9087,2,1
9088,3,1
9089,2,2
9090,2,2
9091,2,1
9092,2,1
9093,4,0
9094,2,2
9095,2,0
9096,3,3
9097,2,2
9098,2,2
9099,2,2
9100,2,2
9101,2,0
9102,2,1
9103,2,0
9104,2,2
9105,2,2
9106,2,0
9107,2,0
9108,2,2
9109,3,1
9110,2,2
9111,2,2
9112,2,0
9113,2,2
9114,2,2
9115,2,2
9116,4,0
9117,2,0
9118,2,2
9119,2,0
9120,2,1
9121,2,2
9122,2,1
9123,2,1
9124,2,1
9125,3,3
9126,2,2
9127,2,1
9128,3,1
9129,2,0
9130,2,0
9131,3,0
9132,2,2
9133,2,0
9134,2,0
9135,2,0
9136,2,1
9137,2,1
9138,2,0
9139,2,2
9140,2,2
9141,3,3
9142,2,2
9143,2,1
9144,2,2
9145,2,1
9146,2,0
9147,2,2
9148,2,2
9149,2,1
9150,2,1
9151,2,0
9152,2,2
9153,2,2
9154,2,0
9155,2,1
9156,2,2
9157,3,1
9158,2,0
9159,3,3
9160,2,0
9161,2,0
9162,4,4
9163,2,2
9164,2,0
9165,2,2
9166,2,1
9167,2,0
9168,2,1
9169,2,0
9170,2,2
9171,2,2
9172,2,2
9173,2,0
9174,2,0
9175,2,0
9176,2,0
9177,2,2
9178,3,2
9179,3,3
9180,2,0
9181,2,0
9182,2,2
9183,2,1
9184,2,2
9185,2,0
9186,3,3
9187,2,1
9188,2,1
9189,2,1
9190,2,0
9191,3,0
9192,2,2
9193,2,1
9194,2,1
9195,2,1
9196,2,2
9197,2,1
9198,2,2
9199,2,2
9200,2,2
9201,2,2
9202,2,1
9203,2,0
9204,3,0
9205,2,0
9206,2,2
9207,2,0
9208,2,2
9209,2,0
9210,2,1
9211,2,2
9212,2,1
9213,4,1
9214,2,0
9215,2,1
9216,2,0
9217,2,2
9218,2,0
9219,2,0
9220,2,2
9221,2,2
9222,2,0
9223,2,1
9224,2,1
9225,2,1
9226,2,2
9227,2,2
9228,2,2
9229,2,2
9230,2,0
9231,3,3
9232,2,2
9233,2,2
9234,2,2
9235,2,0
9236,2,0
9237,2,0
9238,3,3
9239,3,1
9240,2,2
9241,2,2
9242,2,2
9243,2,2
9244,2,2
9245,2,2
9246,2,2
9247,2,2
9248,2,2
9249,2,2
9250,2,1
9251,2,1
9252,2,2
9253,2,1
9254,2,2
9255,2,1
9256,2,0
9257,3,3
9258,2,0
9259,2,2
9260,3,0
9261,3,3
9262,2,0
9263,3,3
9264,4,4
9265,2,0
9266,2,0
9267,2,1
9268,3,3
9269,2,2
9270,3,3
9271,4,2
9272,2,0
9273,2,1
9274,2,0
9275,3,1
9276,2,2
9277,2,2
9278,3,3
9279,2,2
9280,2,0
9281,2,2
9282,2,2
9283,2,2
9284,2,0
9285,2,1
9286,3,0
9287,2,2
9288,2,0
9289,2,0
9290,2,2
9291,2,2
9292,2,1
9293,2,2
9294,2,2
9295,2,0
9296,2,1
9297,3,1
9298,2,2
9299,3,0
9300,2,2
9301,2,2
9302,2,0
9303,2,2
9304,2,2
9305,2,2
9306,2,0
9307,2,0
9308,2,2
9309,2,0
9310,2,2
9311,2,2
9312,2,0
9313,2,0
9314,2,2
9315,2,2
9316,2,0
9317,2,2
9318,2,0
9319,2,0
9320,2,1
9321,2,2
9322,2,1
9323,2,2
9324,2,0
9325,2,0
9326,2,0
9327,2,1
9328,2,0
9329,2,1
9330,2,0
9331,2,2
9332,2,0
9333,2,2
9334,2,1
9335,2,2
9336,2,0
9337,2,2
9338,2,0
9339,2,2
9340,2,2
9341,2,0
9342,3,3
9343,2,0
9344,4,2
9345,2,2
9346,3,3
9347,2,0
9348,2,2
9349,2,0
9350,2,0
9351,2,2
9352,2,0
9353,2,0
9354,2,2
9355,2,2
9356,2,1
9357,2,1
9358,2,1
9359,3,1
9360,3,3
9361,2,0
9362,2,2
9363,2,2
9364,2,1
9365,2,2
9366,3,2
9367,2,2
9368,2,2
9369,2,2
9370,2,2
9371,2,0
9372,2,2
9373,2,2
9374,3,2
9375,2,2
9376,2,2
9377,2,2
9378,2,2
9379,2,0
9380,2,0
9381,2,0
9382,3,1
9383,2,2
9384,2,2
9385,2,0
9386,2,2
9387,2,0
9388,2,0
9389,2,2
9390,2,0
9391,2,0
9392,4,1
9393,3,2
9394,2,0
9395,2,2
9396,2,2
9397,2,1
9398,2,2
9399,2,0
9400,3,0
9401,2,2
9402,2,2
9403,2,0
9404,2,2
9405,2,0
9406,2,2
9407,2,0
9408,2,0
9409,3,1
9410,2,2
9411,2,2
9412,2,1
9413,4,1
9414,2,1
9415,2,2
9416,2,0
9417,2,2
9418,3,1
9419,2,2
9420,2,0
9421,2,2
9422,3,2
9423,2,0
9424,2,0
9425,2,0
9426,2,0
9427,2,2
9428,2,2
9429,2,2
9430,2,2
9431,2,0
9432,2,2
9433,2,1
9434,3,3
9435,2,0
9436,2,2
9437,2,2
9438,2,1
9439,2,0
9440,2,2
9441,2,0
9442,3,3
9443,2,2
9444,2,0
9445,2,2
9446,2,1
9447,2,2
9448,2,2
9449,2,1
9450,2,0
9451,2,2
9452,2,0
9453,2,0
9454,2,0
9455,3,3
9456,3,1
9457,2,0
9458,3,3
9459,2,2
9460,3,3
9461,2,0
9462,2,2
9463,2,2
9464,2,2
9465,2,2
9466,2,2
9467,2,2
9468,2,1
9469,2,0
9470,2,0
9471,2,2
9472,2,1
9473,3,3
9474,2,2
9475,2,0
9476,2,2
9477,2,1
9478,2,1
9479,3,3
9480,2,2
9481,2,2
9482,2,0
9483,2,2
9484,3,3
9485,2,0
9486,2,0
9487,2,2
9488,2,0
9489,2,1
9490,2,2
9491,2,2
9492,2,1
9493,2,2
9494,2,2
9495,2,2
9496,3,3
9497,2,2
9498,2,2
9499,2,0
9500,3,1
9501,3,3
9502,2,2
9503,2,2
9504,3,2
9505,2,0
9506,2,2
9507,2,0
9508,2,2
9509,2,1
9510,2,2
9511,2,1
9512,2,2
9513,3,1
9514,2,2
9515,2,2
9516,4,2
9517,2,2
9518,2,1
9519,2,0
9520,3,1
9521,2,2
9522,2,0
9523,2,1
9524,2,2
9525,2,1
9526,3,3
9527,2,2
9528,2,1
9529,2,1
9530,2,0
9531,2,2
9532,2,1
9533,2,1
9534,2,0
9535,2,2
9536,2,2
9537,2,2
9538,2,0
9539,2,0
9540,2,2
9541,2,0
9542,4,2
9543,2,2
9544,3,1
9545,2,2
9546,2,1
9547,2,0
9548,2,2
9549,2,2
9550,2,2
9551,2,2
9552,2,1
9553,2,2
9554,2,0
9555,2,2
9556,2,1
9557,2,2
9558,2,1
9559,3,3
9560,2,0
9561,2,1
9562,3,2
9563,2,2
9564,4,2
9565,2,2
9566,4,4
9567,2,0
9568,2,2
9569,2,1
9570,2,2
9571,2,2
9572,2,0
9573,2,1
9574,2,2
9575,2,0
9576,3,1
9577,2,0
9578,2,1
9579,2,0
9580,2,2
9581,2,2
9582,2,1
9583,2,0
9584,2,2
9585,2,2
9586,2,0
9587,2,2
9588,4,2
9589,2,1
9590,2,1
9591,2,1
9592,2,2
9593,2,1
9594,2,2
9595,3,3
9596,2,2
9597,2,0
9598,2,2
9599,2,1
9600,2,2
9601,2,0
9602,2,2
9603,2,0
9604,2,2
9605,3,0
9606,2,0
9607,2,2
9608,2,2
9609,2,0
9610,2,2
9611,3,3
9612,3,1
9613,2,2
9614,2,1
9615,2,0
9616,2,1
9617,2,2
9618,2,2
9619,2,1
9620,3,0
9621,2,0
9622,2,0
9623,2,0
9624,2,2
9625,2,2
9626,2,0
9627,2,0
9628,2,1
9629,3,1
9630,2,0
9631,2,0
9632,2,0
9633,2,2
9634,3,1
9635,2,1
9636,2,1
9637,2,1
9638,2,0
9639,2,1
9640,2,0
9641,2,2
9642,2,0
9643,2,1
9644,2,2
9645,2,2
9646,4,3
9647,2,0
9648,2,0
9649,3,1
9650,2,2
9651,2,2
9652,3,1
9653,2,0
9654,2,2
9655,2,2
9656,2,2
9657,2,2
9658,2,0
9659,2,1
9660,4,4
9661,3,3
9662,2,2
9663,2,0
9664,2,1
9665,2,0
9666,2,0
9667,2,2
9668,2,0
9669,2,1
9670,2,2
9671,2,2
9672,2,2
9673,2,0
9674,4,3
9675,2,2
9676,3,1
9677,2,0
9678,4,4
9679,2,1
9680,3,3
9681,2,2
9682,2,0
9683,2,0
9684,2,2
9685,2,1
9686,3,0
9687,2,2
9688,2,2
9689,2,2
9690,2,2
9691,2,0
9692,2,1
9693,2,0
9694,2,0
9695,2,1
9696,2,0
9697,2,1
9698,3,2
9699,3,0
9700,3,3
9701,2,0
9702,2,2
9703,2,2
9704,2,2
9705,2,2
9706,3,3
9707,2,2
9708,2,1
9709,3,2
9710,3,2
9711,3,3
9712,2,2
9713,2,2
9714,2,2
9715,2,0
9716,2,2
9717,3,3
9718,2,2
9719,2,0
9720,2,0
9721,2,2
9722,2,2
9723,2,1
9724,2,2
9725,2,2
9726,2,0
9727,2,0
9728,2,1
9729,2,2
9730,2,2
9731,2,2
9732,2,0
9733,2,2
9734,3,3
9735,2,2
9736,2,0
9737,2,0
9738,2,2
9739,2,0
9740,2,1
9741,2,2
9742,3,3
9743,2,0
9744,2,0
9745,2,2
9746,2,2
9747,2,2
9748,2,1
9749,3,1
9750,2,0
9751,2,2
9752,2,2
9753,2,2
9754,3,3
9755,2,1
9756,2,0
9757,2,2
9758,2,0
9759,2,2
9760,3,2
9761,2,2
9762,2,1
9763,3,0
9764,2,2
9765,2,2
9766,2,1
9767,3,3
9768,2,1
9769,2,2
9770,2,2
9771,3,3
9772,2,0
9773,4,4
9774,2,1
9775,2,2
9776,2,2
9777,2,0
9778,2,0
9779,2,0
9780,4,0
9781,2,0
9782,2,0
9783,2,0
9784,2,0
9785,2,0
9786,2,2
9787,2,2
9788,2,0
9789,3,2
9790,2,2
9791,2,1
9792,2,2
9793,2,2
9794,2,2
9795,2,2
9796,2,2
9797,2,2
9798,2,0
9799,2,0
9800,2,0
9801,2,2
9802,3,3
9803,2,0
9804,2,2
9805,2,2
9806,2,0
9807,2,0
9808,2,2
9809,3,2
9810,2,0
9811,3,1
9812,2,2
9813,2,2
9814,2,2
9815,2,2
9816,2,1
9817,2,2
9818,2,0
9819,2,1
9820,2,1
9821,2,2
9822,2,2
9823,4,4
9824,2,2
9825,2,2
9826,2,1
9827,2,0
9828,2,2
9829,2,1
9830,2,2
9831,2,2
9832,3,0
9833,2,2
9834,2,0
9835,2,0
9836,2,2
9837,2,2
9838,2,2
9839,2,2
9840,3,3
9841,2,0
9842,3,0
9843,2,1
9844,2,2
9845,2,1
9846,2,0
9847,2,0
9848,2,0
9849,2,0
9850,2,2
9851,2,2
9852,2,1
9853,4,4
9854,4,3
9855,2,1
9856,2,2
9857,2,2
9858,2,0
9859,2,2
9860,2,2
9861,2,0
9862,2,2
9863,3,3
9864,3,1
9865,2,2
9866,3,1
9867,3,3
9868,2,2
9869,2,0
9870,2,1
9871,2,1
9872,3,3
9873,2,0
9874,2,2
9875,2,2
9876,2,1
9877,3,1
9878,2,0
9879,3,3
9880,3,1
9881,2,1
9882,2,2
9883,2,1
9884,3,3
9885,2,0
9886,2,2
9887,2,0
9888,2,1
9889,2,2
9890,2,2
9891,3,2
9892,2,0
9893,2,2
9894,2,0
9895,4,2
9896,2,0
9897,2,0
9898,2,2
9899,3,2
9900,3,2
9901,2,2
9902,2,1
9903,2,2
9904,2,1
9905,2,1
9906,2,0
9907,2,0
9908,2,0
9909,3,3
9910,2,2
9911,2,0
9912,2,2
9913,2,2
9914,2,2
9915,2,0
9916,2,0
9917,2,0
9918,2,2
9919,2,2
9920,2,1
9921,3,0
9922,2,2
9923,3,3
9924,2,0
9925,2,1
9926,2,0
9927,2,2
9928,2,2
9929,2,0
9930,2,2
9931,2,1
9932,2,2
9933,2,2
9934,2,0
9935,3,1
9936,2,2
9937,2,1
9938,2,0
9939,2,2
9940,2,2
9941,2,2
9942,2,2
9943,2,2
9944,2,2
9945,2,1
9946,3,2
9947,2,1
9948,2,2
9949,2,1
9950,2,2
9951,2,2
9952,2,2
9953,2,0
9954,2,1
9955,2,2
9956,2,1
9957,3,1
9958,2,1
9959,2,0
9960,2,0
9961,2,1
9962,2,1
9963,3,0
9964,2,2
9965,2,0
9966,3,3
9967,2,0
9968,2,1
9969,2,2
9970,3,3
9971,2,1
9972,2,2
9973,2,0
9974,2,0
9975,3,0
9976,2,2
9977,2,1
9978,2,0
9979,2,2
9980,2,1
9981,3,3
9982,2,0
9983,2,0
9984,3,3
9985,2,2
9986,2,2
9987,2,0
9988,3,3
9989,2,1
9990,2,2
9991,2,1
9992,2,0
9993,2,0
9994,2,1
9995,2,0
9996,2,2
9997,2,0
9998,2,2
9999,2,2
