,DAG,KD
0,2,2
1,4,2
2,4,4
3,4,4
4,4,2
5,4,4
6,2,2
7,2,2
8,4,2
9,3,2
10,4,4
11,2,2
12,3,2
13,4,0
14,5,4
15,4,4
16,1,1
17,1,1
18,3,3
19,6,0
20,4,2
21,1,1
22,3,3
23,4,2
24,2,0
25,4,0
26,2,2
27,4,4
28,6,4
29,5,5
30,4,2
31,4,4
32,3,2
33,3,2
34,5,4
35,14,14
36,4,2
37,6,4
38,3,1
39,3,3
40,4,2
41,2,0
42,3,3
43,4,4
44,3,3
45,3,3
46,4,4
47,4,4
48,3,1
49,6,0
50,4,4
51,2,2
52,3,0
53,6,4
54,4,4
55,4,4
56,2,0
57,4,2
58,3,3
59,14,14
60,4,4
61,2,0
62,2,2
63,1,1
64,4,4
65,6,6
66,2,2
67,4,2
68,4,4
69,4,2
70,2,2
71,3,3
72,2,2
73,4,4
74,2,2
75,4,0
76,6,2
77,2,2
78,3,2
79,2,2
80,2,0
81,3,3
82,4,4
83,3,2
84,4,1
85,2,1
86,4,4
87,2,2
88,1,1
89,6,6
90,4,4
91,6,6
92,6,4
93,4,2
94,6,2
95,4,4
96,2,0
97,4,4
98,2,1
99,2,2
100,2,2
101,2,2
102,6,4
103,3,1
104,4,2
105,2,1
106,4,2
107,4,4
108,4,4
109,6,6
110,8,8
111,4,2
112,4,4
113,6,0
114,3,2
115,2,2
116,7,7
117,2,2
118,3,0
119,3,1
120,2,2
121,2,0
122,3,3
123,3,1
124,4,4
125,1,1
126,4,4
127,4,4
128,3,3
129,3,0
130,4,2
131,5,5
132,4,4
133,4,4
134,3,3
135,1,1
136,1,1
137,4,3
138,2,2
139,4,4
140,3,2
141,2,2
142,6,6
143,6,6
144,5,5
145,3,3
146,4,0
147,2,2
148,3,2
149,4,2
150,2,2
151,3,1
152,3,1
153,3,0
154,2,0
155,4,4
156,4,2
157,4,2
158,1,1
159,2,0
160,1,1
161,4,2
162,2,0
163,3,3
164,2,2
165,4,2
166,3,2
167,14,14
168,4,1
169,4,0
170,1,1
171,4,4
172,2,0
173,3,3
174,4,0
175,2,2
176,3,3
177,6,4
178,4,4
179,4,0
180,4,0
181,4,4
182,2,1
183,2,2
184,2,2
185,4,2
186,3,2
187,4,0
188,3,3
189,3,1
190,8,8
191,2,0
192,6,6
193,2,2
194,4,4
195,4,2
196,4,4
197,6,6
198,4,0
199,2,0
200,4,4
201,2,2
202,3,1
203,1,1
204,4,4
205,1,1
206,3,2
207,3,1
208,4,4
209,6,6
210,3,3
211,4,0
212,14,14
213,4,4
214,4,4
215,4,4
216,4,4
217,6,6
218,3,1
219,3,3
220,2,0
221,3,1
222,2,2
223,3,3
224,8,8
225,3,1
226,2,2
227,3,3
228,2,2
229,5,5
230,4,2
231,3,3
232,1,1
233,6,0
234,4,4
235,3,3
236,4,4
237,2,0
238,2,2
239,4,0
240,12,12
241,2,2
242,4,4
243,5,2
244,14,14
245,4,2
246,2,2
247,4,4
248,2,2
249,2,0
250,6,2
251,2,2
252,4,2
253,2,2
254,4,2
255,3,2
256,2,2
257,3,0
258,4,2
259,4,0
260,2,2
261,4,2
262,2,2
263,4,4
264,3,2
265,3,3
266,4,2
267,2,2
268,4,4
269,4,2
270,4,4
271,2,2
272,3,3
273,5,0
274,4,2
275,3,1
276,3,3
277,4,4
278,8,8
279,2,2
280,3,2
281,2,2
282,4,4
283,3,1
284,3,2
285,4,4
286,1,1
287,2,2
288,2,0
289,14,14
290,2,2
291,2,0
292,2,0
293,4,4
294,4,2
295,3,0
296,14,14
297,1,1
298,3,2
299,2,2
300,4,4
301,3,1
302,6,6
303,2,0
304,4,4
305,2,2
306,3,1
307,4,4
308,4,2
309,3,2
310,6,0
311,3,1
312,4,2
313,4,0
314,6,6
315,4,4
316,4,4
317,4,2
318,6,6
319,2,2
320,3,2
321,3,3
322,4,4
323,4,2
324,3,1
325,3,3
326,3,1
327,3,3
328,4,4
329,2,2
330,7,7
331,14,14
332,2,2
333,4,0
334,4,4
335,2,0
336,2,2
337,2,0
338,14,14
339,2,2
340,8,8
341,6,4
342,6,6
343,4,0
344,3,1
345,4,2
346,3,3
347,4,4
348,3,2
349,2,2
350,1,1
351,5,5
352,3,2
353,3,3
354,2,2
355,3,2
356,4,4
357,4,4
358,3,3
359,1,1
360,4,4
361,4,0
362,3,3
363,6,6
364,3,2
365,2,0
366,4,2
367,6,2
368,2,0
369,4,2
370,2,2
371,4,4
372,4,0
373,4,0
374,4,4
375,4,2
376,2,2
377,3,0
378,2,2
379,2,2
380,3,1
381,2,2
382,2,2
383,2,0
384,3,3
385,2,2
386,4,0
387,4,4
388,2,2
389,6,4
390,4,4
391,6,6
392,4,0
393,4,2
394,4,2
395,4,4
396,6,0
397,2,0
398,2,2
399,4,0
400,8,8
401,4,4
402,1,1
403,3,2
404,3,1
405,6,4
406,3,0
407,4,0
408,3,1
409,3,3
410,7,7
411,4,2
412,4,2
413,4,4
414,2,0
415,4,2
416,4,4
417,3,1
418,4,4
419,4,4
420,3,0
421,3,0
422,4,2
423,2,2
424,14,14
425,6,0
426,3,1
427,4,2
428,1,1
429,14,14
430,4,2
431,2,2
432,3,3
433,3,3
434,2,2
435,6,6
436,2,2
437,5,0
438,4,4
439,2,2
440,2,2
441,6,6
442,2,2
443,3,3
444,2,2
445,4,4
446,14,14
447,3,0
448,1,1
449,3,0
450,14,14
451,4,4
452,3,0
453,4,4
454,1,1
455,6,0
456,6,4
457,4,4
458,2,2
459,4,4
460,2,0
461,2,0
462,2,2
463,3,3
464,4,2
465,4,2
466,1,1
467,4,4
468,4,4
469,6,4
470,3,1
471,4,0
472,4,4
473,2,2
474,2,2
475,2,1
476,1,1
477,3,2
478,4,2
479,4,4
480,6,6
481,2,2
482,2,1
483,3,3
484,4,4
485,3,2
486,2,2
487,2,2
488,4,2
489,3,0
490,4,4
491,5,4
492,3,1
493,4,0
494,2,2
495,4,4
496,2,2
497,3,1
498,3,1
499,6,6
500,2,2
501,2,0
502,4,4
503,3,1
504,6,6
505,4,0
506,2,2
507,5,0
508,5,3
509,4,4
510,3,3
511,5,5
512,3,3
513,4,1
514,2,2
515,6,0
516,2,1
517,4,3
518,2,0
519,2,2
520,4,0
521,6,4
522,2,0
523,3,3
524,4,4
525,4,2
526,3,2
527,6,0
528,4,4
529,4,0
530,2,2
531,6,6
532,4,4
533,3,1
534,4,0
535,4,2
536,4,4
537,6,6
538,3,3
539,4,0
540,3,1
541,4,0
542,3,0
543,3,0
544,4,2
545,4,4
546,14,14
547,4,4
548,3,2
549,4,2
550,3,3
551,2,2
552,4,2
553,3,3
554,3,2
555,1,1
556,8,8
557,3,2
558,3,0
559,3,1
560,3,3
561,3,3
562,2,2
563,7,7
564,2,2
565,2,2
566,5,5
567,2,2
568,2,0
569,6,0
570,4,0
571,3,3
572,1,1
573,4,4
574,3,1
575,3,1
576,6,6
577,3,3
578,5,5
579,4,4
580,3,3
581,4,4
582,4,2
583,5,5
584,3,2
585,4,4
586,4,0
587,6,6
588,1,1
589,2,2
590,2,0
591,6,6
592,2,2
593,4,4
594,6,0
595,4,4
596,2,0
597,3,2
598,4,2
599,4,2
600,3,3
601,2,2
602,3,3
603,4,0
604,4,0
605,3,3
606,4,4
607,4,0
608,1,1
609,2,2
610,4,4
611,6,6
612,3,3
613,2,2
614,1,1
615,3,3
616,2,2
617,2,0
618,4,4
619,2,0
620,1,1
621,3,1
622,4,1
623,4,0
624,6,4
625,4,0
626,3,0
627,2,2
628,4,0
629,4,4
630,6,6
631,4,4
632,4,2
633,14,14
634,2,1
635,1,1
636,2,0
637,4,4
638,3,3
639,4,2
640,2,0
641,6,6
642,5,5
643,4,4
644,4,4
645,3,0
646,3,3
647,3,2
648,5,5
649,6,6
650,4,4
651,3,1
652,6,0
653,3,0
654,2,1
655,6,0
656,6,6
657,4,4
658,2,2
659,2,2
660,4,0
661,6,4
662,6,4
663,4,2
664,3,1
665,14,14
666,3,0
667,4,4
668,4,0
669,3,3
670,5,5
671,6,4
672,5,3
673,4,4
674,4,2
675,2,2
676,4,4
677,2,0
678,7,7
679,3,3
680,4,0
681,1,1
682,2,2
683,4,0
684,4,4
685,2,0
686,4,4
687,3,3
688,4,4
689,4,4
690,2,0
691,4,2
692,4,4
693,5,5
694,1,1
695,3,3
696,4,4
697,2,0
698,5,5
699,2,0
700,4,4
701,3,1
702,3,2
703,2,2
704,2,2
705,9,9
706,4,4
707,3,3
708,2,2
709,4,0
710,4,4
711,4,4
712,3,1
713,14,14
714,3,0
715,4,2
716,1,1
717,6,2
718,2,2
719,3,2
720,3,3
721,1,1
722,4,4
723,2,2
724,3,3
725,3,0
726,6,0
727,3,0
728,3,3
729,2,0
730,2,2
731,4,4
732,3,0
733,2,2
734,3,0
735,4,4
736,3,1
737,9,9
738,2,2
739,2,2
740,3,1
741,2,2
742,2,2
743,8,8
744,7,7
745,4,1
746,4,4
747,6,4
748,3,3
749,3,1
750,4,2
751,14,14
752,4,4
753,3,3
754,2,2
755,6,6
756,4,2
757,3,3
758,4,2
759,4,3
760,4,2
761,4,2
762,6,6
763,2,0
764,4,2
765,3,1
766,3,3
767,6,6
768,4,2
769,4,2
770,4,4
771,1,1
772,4,0
773,4,2
774,4,4
775,3,3
776,2,0
777,6,6
778,4,4
779,2,2
780,5,0
781,5,1
782,4,4
783,4,4
784,3,3
785,2,2
786,1,1
787,2,2
788,4,0
789,6,6
790,3,0
791,2,2
792,4,4
793,1,0
794,2,0
795,3,1
796,2,0
797,2,1
798,5,5
799,3,0
800,3,3
801,4,0
802,4,2
803,2,1
804,4,0
805,5,4
806,5,5
807,4,4
808,2,2
809,2,2
810,4,4
811,3,1
812,3,1
813,5,0
814,4,4
815,3,3
816,2,0
817,3,1
818,3,3
819,6,6
820,3,3
821,6,2
822,4,0
823,6,4
824,6,0
825,4,0
826,4,4
827,3,3
828,3,3
829,5,4
830,2,2
831,4,4
832,4,4
833,4,2
834,4,4
835,3,3
836,4,2
837,3,3
838,2,2
839,3,2
840,7,7
841,1,1
842,4,0
843,4,2
844,3,1
845,2,2
846,2,2
847,2,2
848,6,6
849,4,4
850,7,7
851,2,0
852,4,2
853,1,1
854,4,4
855,3,3
856,4,4
857,12,12
858,5,4
859,4,4
860,4,2
861,6,6
862,2,1
863,4,2
864,6,0
865,1,0
866,3,3
867,2,2
868,8,8
869,3,2
870,1,0
871,4,1
872,4,4
873,3,0
874,5,5
875,4,4
876,1,1
877,6,4
878,2,2
879,6,6
880,2,0
881,3,3
882,5,5
883,3,0
884,4,4
885,4,4
886,4,1
887,14,14
888,3,1
889,2,2
890,3,2
891,4,2
892,3,1
893,1,0
894,4,0
895,6,4
896,4,4
897,14,14
898,3,0
899,4,1
900,3,3
901,3,3
902,3,1
903,4,0
904,2,2
905,1,1
906,2,2
907,4,2
908,8,8
909,3,3
910,3,2
911,3,3
912,3,0
913,3,3
914,4,4
915,2,2
916,4,4
917,2,2
918,4,4
919,2,2
920,3,2
921,2,2
922,4,1
923,2,0
924,2,2
925,4,2
926,2,0
927,2,2
928,14,14
929,2,2
930,4,4
931,5,5
932,14,14
933,7,7
934,2,2
935,2,2
936,3,3
937,4,2
938,3,2
939,3,3
940,3,3
941,1,1
942,6,6
943,2,2
944,4,2
945,2,0
946,14,14
947,3,2
948,3,1
949,2,0
950,2,2
951,2,2
952,3,3
953,6,6
954,3,1
955,4,4
956,3,3
957,3,2
958,4,2
959,2,2
960,3,0
961,5,5
962,2,0
963,2,0
964,3,3
965,2,2
966,3,3
967,2,0
968,3,1
969,4,4
970,6,4
971,3,3
972,4,2
973,2,2
974,1,1
975,3,1
976,4,2
977,6,4
978,14,14
979,2,2
980,6,4
981,3,3
982,9,9
983,2,2
984,2,2
985,5,0
986,4,4
987,2,2
988,2,2
989,4,4
990,3,3
991,2,2
992,1,1
993,3,3
994,1,1
995,2,0
996,4,4
997,4,4
998,3,3
999,4,4
1000,4,0
1001,3,1
1002,4,4
1003,4,4
1004,4,4
1005,4,2
1006,5,5
1007,3,2
1008,2,2
1009,2,2
1010,3,2
1011,2,2
1012,4,0
1013,4,4
1014,4,4
1015,2,2
1016,5,5
1017,6,4
1018,5,5
1019,1,1
1020,3,3
1021,2,2
1022,5,5
1023,4,4
1024,6,4
1025,4,2
1026,7,7
1027,3,1
1028,3,3
1029,3,1
1030,3,2
1031,4,0
1032,2,2
1033,4,2
1034,4,4
1035,2,2
1036,3,3
1037,3,1
1038,4,4
1039,3,0
1040,1,1
1041,3,3
1042,4,4
1043,3,3
1044,3,0
1045,3,2
1046,2,2
1047,2,2
1048,2,2
1049,3,1
1050,6,6
1051,6,0
1052,3,1
1053,3,1
1054,3,2
1055,4,4
1056,2,2
1057,2,1
1058,4,4
1059,2,0
1060,3,1
1061,4,0
1062,9,9
1063,2,0
1064,4,4
1065,1,1
1066,4,0
1067,3,1
1068,4,4
1069,4,4
1070,5,3
1071,4,2
1072,4,2
1073,1,1
1074,3,3
1075,3,0
1076,2,2
1077,3,0
1078,2,1
1079,3,2
1080,4,4
1081,3,1
1082,5,5
1083,4,4
1084,4,4
1085,2,2
1086,4,4
1087,3,1
1088,6,2
1089,1,1
1090,3,3
1091,4,4
1092,2,2
1093,3,1
1094,3,3
1095,4,4
1096,2,0
1097,2,2
1098,4,0
1099,2,2
1100,2,2
1101,2,2
1102,3,1
1103,4,4
1104,3,3
1105,5,5
1106,3,3
1107,3,1
1108,2,2
1109,4,1
1110,2,2
1111,2,2
1112,4,2
1113,6,6
1114,1,1
1115,3,1
1116,4,0
1117,14,14
1118,4,4
1119,6,6
1120,2,0
1121,2,2
1122,4,4
1123,3,2
1124,5,5
1125,4,4
1126,2,2
1127,5,5
1128,2,1
1129,2,0
1130,3,3
1131,3,0
1132,2,2
1133,8,8
1134,14,14
1135,2,0
1136,3,3
1137,3,0
1138,2,2
1139,3,3
1140,6,6
1141,6,6
1142,3,0
1143,2,2
1144,3,3
1145,3,1
1146,3,1
1147,3,2
1148,3,1
1149,3,3
1150,2,1
1151,3,2
1152,4,4
1153,4,2
1154,2,2
1155,1,1
1156,3,1
1157,2,0
1158,4,2
1159,4,2
1160,14,14
1161,6,6
1162,4,4
1163,3,3
1164,4,2
1165,2,0
1166,3,3
1167,4,2
1168,4,0
1169,3,1
1170,3,3
1171,3,2
1172,4,4
1173,4,4
1174,3,0
1175,6,0
1176,1,1
1177,2,1
1178,3,3
1179,3,3
1180,2,1
1181,4,2
1182,4,4
1183,1,1
1184,2,2
1185,8,8
1186,4,4
1187,4,4
1188,14,14
1189,9,9
1190,4,4
1191,2,2
1192,2,0
1193,2,2
1194,6,6
1195,14,14
1196,4,4
1197,2,2
1198,4,4
1199,2,1
1200,6,6
1201,6,0
1202,3,2
1203,4,2
1204,2,0
1205,6,4
1206,3,2
1207,5,5
1208,14,14
1209,6,6
1210,3,3
1211,6,4
1212,4,0
1213,4,4
1214,4,4
1215,4,4
1216,4,2
1217,4,4
1218,3,1
1219,5,3
1220,3,0
1221,1,1
1222,4,0
1223,4,4
1224,3,1
1225,5,3
1226,2,2
1227,2,2
1228,5,4
1229,4,2
1230,4,4
1231,3,1
1232,3,3
1233,6,6
1234,3,2
1235,4,4
1236,4,0
1237,2,0
1238,2,0
1239,2,2
1240,2,2
1241,6,6
1242,4,4
1243,5,5
1244,3,0
1245,3,1
1246,2,2
1247,1,1
1248,2,2
1249,1,1
1250,3,0
1251,4,2
1252,1,1
1253,4,0
1254,2,0
1255,2,2
1256,2,0
1257,6,4
1258,2,2
1259,2,1
1260,6,2
1261,6,6
1262,2,2
1263,6,4
1264,3,1
1265,8,8
1266,3,0
1267,3,3
1268,2,1
1269,5,2
1270,2,0
1271,3,0
1272,4,4
1273,4,4
1274,4,1
1275,2,0
1276,3,2
1277,4,0
1278,6,0
1279,6,6
1280,6,4
1281,2,2
1282,2,2
1283,3,2
1284,1,1
1285,2,2
1286,4,4
1287,3,0
1288,4,1
1289,6,4
1290,2,2
1291,2,2
1292,6,6
1293,4,2
1294,3,1
1295,4,0
1296,4,4
1297,3,3
1298,4,1
1299,4,4
1300,14,14
1301,11,11
1302,5,5
1303,2,2
1304,14,14
1305,3,0
1306,4,2
1307,9,9
1308,3,3
1309,2,1
1310,3,3
1311,14,14
1312,4,4
1313,2,2
1314,2,0
1315,1,1
1316,3,3
1317,2,2
1318,4,4
1319,3,3
1320,4,4
1321,1,1
1322,4,2
1323,4,4
1324,1,1
1325,4,4
1326,2,2
1327,1,1
1328,6,6
1329,6,0
1330,2,2
1331,6,0
1332,4,4
1333,2,2
1334,2,2
1335,2,2
1336,5,5
1337,14,14
1338,4,4
1339,14,14
1340,1,1
1341,4,1
1342,3,3
1343,1,1
1344,3,3
1345,4,4
1346,6,4
1347,1,1
1348,2,2
1349,4,4
1350,2,2
1351,6,2
1352,14,14
1353,2,2
1354,14,14
1355,2,2
1356,4,4
1357,2,1
1358,3,1
1359,2,2
1360,1,1
1361,4,4
1362,4,4
1363,2,2
1364,2,2
1365,5,5
1366,3,1
1367,3,1
1368,4,4
1369,2,2
1370,2,0
1371,3,2
1372,4,0
1373,4,4
1374,6,4
1375,3,3
1376,2,0
1377,6,6
1378,3,3
1379,2,2
1380,4,0
1381,2,2
1382,2,2
1383,1,1
1384,3,1
1385,3,0
1386,4,4
1387,4,0
1388,4,4
1389,3,1
1390,2,2
1391,7,0
1392,3,1
1393,2,2
1394,2,0
1395,4,0
1396,3,1
1397,5,5
1398,4,4
1399,2,2
1400,4,0
1401,3,3
1402,3,0
1403,2,2
1404,11,11
1405,4,4
1406,6,4
1407,4,4
1408,4,4
1409,4,0
1410,6,4
1411,2,0
1412,4,4
1413,2,0
1414,2,0
1415,4,4
1416,3,3
1417,2,2
1418,3,3
1419,3,3
1420,1,1
1421,3,0
1422,2,0
1423,4,2
1424,4,0
1425,4,2
1426,3,1
1427,2,2
1428,2,2
1429,2,2
1430,3,1
1431,1,1
1432,6,2
1433,14,14
1434,3,3
1435,5,0
1436,4,4
1437,2,2
1438,3,3
1439,6,4
1440,6,4
1441,6,6
1442,2,2
1443,4,0
1444,1,1
1445,6,6
1446,4,4
1447,6,6
1448,3,1
1449,1,1
1450,2,2
1451,2,2
1452,3,3
1453,4,4
1454,3,2
1455,4,4
1456,4,4
1457,4,2
1458,4,4
1459,1,1
1460,1,1
1461,2,2
1462,2,2
1463,4,4
1464,3,3
1465,4,4
1466,2,2
1467,3,2
1468,4,2
1469,2,2
1470,9,9
1471,4,0
1472,14,14
1473,2,2
1474,2,2
1475,1,1
1476,5,2
1477,4,2
1478,5,5
1479,14,14
1480,2,1
1481,3,0
1482,2,2
1483,3,3
1484,3,3
1485,5,5
1486,4,4
1487,3,3
1488,6,6
1489,2,2
1490,8,0
1491,3,3
1492,4,4
1493,3,2
1494,4,4
1495,3,2
1496,3,3
1497,2,2
1498,2,2
1499,4,1
1500,3,3
1501,2,1
1502,4,0
1503,2,2
1504,1,1
1505,14,14
1506,4,0
1507,14,14
1508,3,0
1509,2,1
1510,4,4
1511,2,1
1512,5,5
1513,2,2
1514,6,2
1515,1,1
1516,4,4
1517,2,2
1518,1,0
1519,2,2
1520,3,3
1521,5,3
1522,3,0
1523,4,4
1524,4,2
1525,3,2
1526,2,0
1527,6,0
1528,4,4
1529,3,2
1530,3,2
1531,3,3
1532,3,3
1533,4,4
1534,4,4
1535,4,4
1536,2,1
1537,3,0
1538,14,14
1539,2,2
1540,4,2
1541,6,6
1542,2,2
1543,4,4
1544,4,4
1545,1,1
1546,6,4
1547,14,14
1548,2,0
1549,4,2
1550,3,0
1551,2,2
1552,4,2
1553,4,2
1554,4,0
1555,2,0
1556,2,2
1557,14,14
1558,2,2
1559,4,4
1560,2,1
1561,2,0
1562,2,2
1563,14,14
1564,4,4
1565,4,4
1566,2,2
1567,4,2
1568,2,2
1569,2,0
1570,3,3
1571,3,1
1572,2,2
1573,4,4
1574,3,2
1575,4,0
1576,5,5
1577,2,2
1578,2,2
1579,4,4
1580,2,2
1581,4,0
1582,5,5
1583,1,1
1584,2,2
1585,2,2
1586,1,1
1587,2,2
1588,2,1
1589,3,3
1590,3,3
1591,4,0
1592,1,1
1593,6,0
1594,4,2
1595,4,4
1596,3,2
1597,3,0
1598,2,2
1599,4,0
1600,14,14
1601,4,4
1602,3,2
1603,4,4
1604,14,14
1605,3,1
1606,4,4
1607,2,0
1608,3,3
1609,2,0
1610,2,2
1611,4,4
1612,2,2
1613,2,2
1614,4,4
1615,5,2
1616,4,4
1617,2,2
1618,3,1
1619,2,0
1620,2,0
1621,3,3
1622,4,4
1623,6,6
1624,2,2
1625,2,2
1626,6,4
1627,4,2
1628,14,14
1629,4,4
1630,3,0
1631,4,2
1632,14,14
1633,6,0
1634,9,9
1635,4,2
1636,6,0
1637,4,4
1638,4,4
1639,4,0
1640,4,4
1641,1,1
1642,4,2
1643,2,2
1644,2,2
1645,2,0
1646,3,3
1647,4,4
1648,3,1
1649,4,0
1650,6,4
1651,2,2
1652,4,4
1653,6,6
1654,3,1
1655,4,4
1656,3,2
1657,8,8
1658,6,0
1659,4,2
1660,6,0
1661,4,2
1662,3,1
1663,3,3
1664,3,3
1665,2,0
1666,2,2
1667,4,2
1668,14,14
1669,2,2
1670,4,4
1671,4,2
1672,4,4
1673,4,2
1674,4,2
1675,4,4
1676,1,1
1677,2,2
1678,3,1
1679,2,2
1680,4,4
1681,3,2
1682,3,3
1683,4,4
1684,4,0
1685,2,2
1686,2,2
1687,3,2
1688,4,2
1689,2,0
1690,5,3
1691,4,4
1692,2,2
1693,5,0
1694,5,5
1695,4,2
1696,4,0
1697,4,4
1698,2,2
1699,4,4
1700,3,1
1701,4,4
1702,2,2
1703,4,4
1704,4,4
1705,6,0
1706,4,0
1707,3,2
1708,2,2
1709,4,4
1710,2,2
1711,2,2
1712,3,1
1713,6,6
1714,8,8
1715,4,0
1716,2,2
1717,2,0
1718,2,0
1719,4,4
1720,2,0
1721,4,0
1722,2,2
1723,3,0
1724,1,1
1725,4,3
1726,4,4
1727,4,0
1728,4,2
1729,4,4
1730,4,4
1731,2,0
1732,3,0
1733,2,2
1734,4,4
1735,1,1
1736,2,0
1737,3,3
1738,6,6
1739,3,3
1740,4,1
1741,4,2
1742,4,4
1743,6,6
1744,4,4
1745,3,0
1746,6,4
1747,4,4
1748,14,14
1749,1,1
1750,1,1
1751,4,4
1752,4,3
1753,2,2
1754,4,2
1755,2,2
1756,4,4
1757,6,6
1758,2,2
1759,3,0
1760,3,3
1761,4,4
1762,2,1
1763,5,3
1764,3,3
1765,4,2
1766,3,3
1767,2,2
1768,4,0
1769,3,3
1770,4,4
1771,4,0
1772,3,0
1773,5,3
1774,3,0
1775,4,0
1776,2,2
1777,3,2
1778,2,2
1779,1,1
1780,4,2
1781,6,4
1782,6,6
1783,3,3
1784,2,0
1785,6,2
1786,2,0
1787,1,1
1788,3,1
1789,2,2
1790,4,2
1791,4,4
1792,3,3
1793,6,6
1794,4,4
1795,2,2
1796,1,1
1797,4,2
1798,6,0
1799,2,1
1800,3,3
1801,2,0
1802,6,0
1803,4,4
1804,4,3
1805,4,4
1806,4,0
1807,2,0
1808,3,0
1809,1,1
1810,4,0
1811,4,2
1812,2,0
1813,4,3
1814,3,0
1815,4,4
1816,2,2
1817,2,2
1818,5,5
1819,4,2
1820,2,0
1821,2,0
1822,6,6
1823,3,3
1824,2,0
1825,4,4
1826,4,4
1827,1,1
1828,3,2
1829,4,4
1830,2,2
1831,4,4
1832,4,1
1833,6,0
1834,4,2
1835,14,14
1836,7,7
1837,2,2
1838,4,4
1839,3,1
1840,2,0
1841,4,2
1842,3,3
1843,3,2
1844,3,1
1845,3,2
1846,3,0
1847,2,2
1848,14,14
1849,2,2
1850,4,4
1851,2,1
1852,4,4
1853,3,1
1854,6,4
1855,1,1
1856,3,3
1857,1,1
1858,4,2
1859,2,1
1860,4,4
1861,3,0
1862,2,0
1863,3,3
1864,4,0
1865,4,4
1866,4,4
1867,2,2
1868,4,2
1869,4,0
1870,4,4
1871,3,1
1872,3,3
1873,4,4
1874,4,4
1875,4,4
1876,6,0
1877,2,0
1878,3,3
1879,2,2
1880,2,1
1881,3,0
1882,2,2
1883,3,2
1884,6,2
1885,4,4
1886,3,3
1887,3,2
1888,2,2
1889,2,2
1890,2,1
1891,4,4
1892,3,2
1893,4,0
1894,2,2
1895,4,4
1896,4,2
1897,1,1
1898,4,0
1899,4,2
1900,3,3
1901,4,2
1902,4,0
1903,4,2
1904,2,2
1905,2,0
1906,2,0
1907,2,2
1908,4,0
1909,3,0
1910,3,2
1911,6,6
1912,3,1
1913,4,0
1914,2,1
1915,3,0
1916,2,2
1917,4,2
1918,1,1
1919,3,3
1920,6,6
1921,3,3
1922,2,2
1923,3,3
1924,2,0
1925,4,4
1926,4,2
1927,3,1
1928,3,0
1929,4,2
1930,14,14
1931,4,4
1932,2,0
1933,4,2
1934,2,1
1935,4,2
1936,2,2
1937,3,3
1938,4,2
1939,3,3
1940,2,0
1941,4,2
1942,5,5
1943,2,1
1944,4,4
1945,4,2
1946,2,2
1947,3,3
1948,1,1
1949,4,3
1950,4,4
1951,2,2
1952,4,0
1953,2,2
1954,4,4
1955,2,2
1956,2,2
1957,4,4
1958,2,2
1959,3,2
1960,3,1
1961,2,2
1962,3,0
1963,4,4
1964,5,5
1965,6,4
1966,2,2
1967,3,3
1968,4,4
1969,3,1
1970,1,0
1971,3,2
1972,3,3
1973,4,4
1974,4,4
1975,2,2
1976,4,2
1977,1,1
1978,4,4
1979,2,0
1980,4,2
1981,6,4
1982,3,3
1983,3,1
1984,2,2
1985,6,4
1986,5,0
1987,6,6
1988,3,2
1989,4,0
1990,2,2
1991,5,0
1992,3,3
1993,3,2
1994,4,4
1995,3,2
1996,6,6
1997,4,4
1998,4,4
1999,3,3
2000,2,0
2001,3,3
2002,1,1
2003,4,2
2004,2,2
2005,2,2
2006,4,4
2007,3,1
2008,3,0
2009,6,6
2010,4,4
2011,3,0
2012,3,0
2013,4,4
2014,6,4
2015,3,2
2016,1,1
2017,3,1
2018,2,2
2019,2,2
2020,3,3
2021,3,1
2022,3,1
2023,3,3
2024,3,3
2025,3,3
2026,4,2
2027,3,2
2028,6,4
2029,4,4
2030,3,2
2031,4,2
2032,3,3
2033,4,4
2034,3,2
2035,2,2
2036,4,4
2037,4,4
2038,4,2
2039,6,2
2040,3,1
2041,4,2
2042,3,1
2043,3,0
2044,1,1
2045,4,2
2046,3,0
2047,4,0
2048,3,3
2049,5,5
2050,1,1
2051,3,3
2052,2,2
2053,2,0
2054,14,14
2055,6,6
2056,6,6
2057,2,0
2058,5,5
2059,4,0
2060,4,4
2061,4,2
2062,4,4
2063,4,2
2064,4,2
2065,3,0
2066,2,0
2067,1,1
2068,6,6
2069,6,6
2070,3,3
2071,2,2
2072,2,2
2073,2,2
2074,6,6
2075,4,2
2076,6,4
2077,3,1
2078,4,4
2079,4,4
2080,1,1
2081,4,4
2082,4,2
2083,3,2
2084,3,3
2085,4,0
2086,4,2
2087,3,3
2088,4,0
2089,2,0
2090,6,6
2091,4,2
2092,6,6
2093,4,4
2094,2,0
2095,14,14
2096,4,4
2097,14,14
2098,4,4
2099,2,2
2100,3,1
2101,3,3
2102,4,0
2103,6,0
2104,4,3
2105,4,4
2106,4,4
2107,4,4
2108,4,4
2109,4,4
2110,3,2
2111,4,4
2112,4,2
2113,6,4
2114,3,3
2115,3,3
2116,3,0
2117,2,2
2118,2,2
2119,4,2
2120,4,4
2121,3,1
2122,14,14
2123,2,2
2124,3,3
2125,4,2
2126,4,4
2127,2,2
2128,1,1
2129,2,2
2130,2,2
2131,4,3
2132,3,1
2133,3,0
2134,2,2
2135,2,0
2136,2,2
2137,2,1
2138,6,6
2139,4,2
2140,1,1
2141,4,4
2142,3,1
2143,4,4
2144,3,2
2145,4,4
2146,4,1
2147,4,4
2148,4,4
2149,3,3
2150,4,2
2151,4,0
2152,2,1
2153,2,2
2154,4,4
2155,2,2
2156,3,2
2157,4,0
2158,4,0
2159,14,14
2160,4,2
2161,2,1
2162,3,1
2163,3,3
2164,6,6
2165,6,2
2166,4,4
2167,2,2
2168,6,6
2169,4,4
2170,3,3
2171,4,4
2172,4,4
2173,5,5
2174,2,2
2175,2,2
2176,2,2
2177,4,4
2178,4,4
2179,2,1
2180,1,1
2181,4,2
2182,2,2
2183,1,1
2184,3,1
2185,4,3
2186,3,3
2187,3,1
2188,2,1
2189,3,2
2190,6,6
2191,4,4
2192,3,3
2193,3,1
2194,2,0
2195,1,1
2196,2,2
2197,2,2
2198,4,0
2199,4,4
2200,2,2
2201,4,4
2202,4,4
2203,3,0
2204,14,14
2205,3,3
2206,3,0
2207,4,4
2208,8,8
2209,4,4
2210,4,4
2211,4,4
2212,3,3
2213,4,4
2214,2,2
2215,3,1
2216,11,11
2217,4,0
2218,3,3
2219,3,2
2220,4,4
2221,2,2
2222,3,3
2223,3,1
2224,6,4
2225,3,3
2226,3,1
2227,4,0
2228,3,0
2229,1,1
2230,4,4
2231,3,0
2232,4,4
2233,3,3
2234,4,4
2235,1,1
2236,3,3
2237,4,0
2238,1,0
2239,4,2
2240,4,2
2241,4,4
2242,4,4
2243,4,2
2244,4,4
2245,4,2
2246,4,2
2247,4,4
2248,4,4
2249,2,2
2250,3,1
2251,4,4
2252,4,2
2253,3,3
2254,4,4
2255,2,2
2256,3,3
2257,3,0
2258,2,2
2259,5,3
2260,2,1
2261,3,3
2262,3,2
2263,2,2
2264,4,4
2265,3,2
2266,1,0
2267,3,0
2268,4,4
2269,2,2
2270,3,3
2271,4,0
2272,2,2
2273,2,2
2274,2,2
2275,6,4
2276,4,2
2277,2,0
2278,3,3
2279,1,1
2280,5,5
2281,2,2
2282,2,1
2283,2,2
2284,4,4
2285,6,6
2286,6,0
2287,4,4
2288,4,4
2289,2,2
2290,2,2
2291,4,2
2292,2,1
2293,4,4
2294,4,2
2295,4,4
2296,2,2
2297,4,2
2298,4,4
2299,3,3
2300,3,0
2301,4,4
2302,3,3
2303,4,4
2304,6,6
2305,2,2
2306,4,2
2307,3,3
2308,6,6
2309,7,7
2310,1,1
2311,2,2
2312,3,3
2313,4,2
2314,4,4
2315,3,0
2316,2,2
2317,4,4
2318,4,4
2319,2,2
2320,3,1
2321,6,6
2322,5,5
2323,1,0
2324,2,0
2325,4,4
2326,8,0
2327,3,2
2328,3,2
2329,6,6
2330,4,4
2331,9,9
2332,3,1
2333,2,2
2334,4,2
2335,6,6
2336,2,2
2337,6,0
2338,5,5
2339,2,0
2340,4,4
2341,4,3
2342,2,2
2343,1,1
2344,3,2
2345,4,4
2346,2,2
2347,4,4
2348,4,2
2349,1,1
2350,2,2
2351,4,3
2352,4,4
2353,1,1
2354,4,0
2355,2,0
2356,5,0
2357,4,2
2358,3,0
2359,3,1
2360,5,4
2361,4,4
2362,2,0
2363,2,2
2364,2,0
2365,4,4
2366,6,4
2367,6,4
2368,2,2
2369,3,2
2370,3,3
2371,6,4
2372,5,3
2373,4,4
2374,4,2
2375,4,4
2376,2,0
2377,2,2
2378,14,14
2379,2,0
2380,4,4
2381,4,0
2382,4,4
2383,2,2
2384,4,4
2385,4,4
2386,2,0
2387,2,2
2388,7,7
2389,6,2
2390,5,0
2391,4,2
2392,2,2
2393,4,4
2394,4,2
2395,14,14
2396,2,2
2397,3,0
2398,2,0
2399,4,0
2400,3,0
2401,2,0
2402,2,2
2403,3,3
2404,6,6
2405,3,1
2406,3,3
2407,14,14
2408,4,1
2409,2,2
2410,4,4
2411,3,1
2412,6,4
2413,4,4
2414,4,0
2415,4,4
2416,3,1
2417,2,2
2418,3,1
2419,4,4
2420,3,3
2421,3,0
2422,4,4
2423,3,1
2424,1,1
2425,2,2
2426,3,3
2427,6,0
2428,2,2
2429,4,4
2430,2,2
2431,6,0
2432,6,6
2433,3,3
2434,2,1
2435,3,3
2436,4,2
2437,4,4
2438,3,1
2439,4,4
2440,6,6
2441,4,0
2442,4,4
2443,4,4
2444,2,0
2445,4,0
2446,2,2
2447,2,0
2448,2,2
2449,4,0
2450,14,14
2451,1,1
2452,4,4
2453,4,4
2454,14,14
2455,3,1
2456,3,1
2457,3,1
2458,2,2
2459,3,0
2460,2,2
2461,3,3
2462,5,5
2463,3,3
2464,3,2
2465,3,1
2466,4,4
2467,4,2
2468,1,1
2469,4,2
2470,2,2
2471,5,1
2472,3,1
2473,4,4
2474,3,3
2475,2,0
2476,3,0
2477,6,0
2478,4,4
2479,3,0
2480,4,4
2481,1,1
2482,4,4
2483,3,0
2484,2,2
2485,5,5
2486,3,0
2487,3,3
2488,2,0
2489,4,4
2490,3,0
2491,3,3
2492,2,2
2493,4,2
2494,3,3
2495,3,3
2496,2,1
2497,3,2
2498,2,0
2499,6,6
2500,2,0
2501,1,1
2502,2,2
2503,3,3
2504,3,3
2505,1,1
2506,3,3
2507,6,6
2508,3,1
2509,2,0
2510,1,1
2511,6,6
2512,4,2
2513,4,4
2514,2,2
2515,3,0
2516,14,14
2517,4,4
2518,3,3
2519,3,1
2520,4,2
2521,3,2
2522,4,0
2523,4,4
2524,6,6
2525,6,4
2526,3,1
2527,3,1
2528,3,0
2529,1,1
2530,4,4
2531,4,2
2532,4,4
2533,2,2
2534,4,4
2535,3,0
2536,1,1
2537,4,2
2538,2,1
2539,4,4
2540,4,2
2541,2,0
2542,3,2
2543,4,4
2544,2,2
2545,2,0
2546,3,3
2547,2,2
2548,5,2
2549,6,6
2550,3,2
2551,4,4
2552,9,9
2553,2,0
2554,4,4
2555,2,2
2556,1,0
2557,4,4
2558,3,0
2559,4,2
2560,4,4
2561,3,2
2562,3,1
2563,4,2
2564,4,2
2565,14,14
2566,2,0
2567,6,6
2568,3,1
2569,3,1
2570,4,2
2571,5,5
2572,4,0
2573,3,3
2574,3,1
2575,3,3
2576,4,4
2577,4,4
2578,4,4
2579,3,3
2580,3,0
2581,6,0
2582,3,2
2583,3,1
2584,4,4
2585,5,4
2586,2,0
2587,3,3
2588,4,4
2589,3,1
2590,4,2
2591,4,4
2592,3,3
2593,2,2
2594,4,4
2595,3,3
2596,4,4
2597,3,3
2598,14,14
2599,4,4
2600,5,3
2601,2,2
2602,2,2
2603,4,0
2604,2,2
2605,2,2
2606,3,0
2607,3,1
2608,3,3
2609,4,4
2610,7,7
2611,3,1
2612,4,4
2613,3,3
2614,3,3
2615,3,3
2616,2,2
2617,2,2
2618,4,4
2619,3,1
2620,4,2
2621,2,0
2622,6,4
2623,3,0
2624,2,0
2625,3,1
2626,4,4
2627,3,3
2628,2,2
2629,2,2
2630,6,6
2631,3,3
2632,2,2
2633,4,4
2634,4,2
2635,2,0
2636,4,4
2637,4,4
2638,3,1
2639,2,2
2640,4,4
2641,4,4
2642,2,2
2643,2,2
2644,3,0
2645,4,1
2646,3,3
2647,2,0
2648,2,2
2649,4,4
2650,4,4
2651,3,3
2652,4,4
2653,4,2
2654,3,2
2655,2,2
2656,4,2
2657,3,3
2658,2,2
2659,1,1
2660,1,1
2661,6,2
2662,2,2
2663,2,2
2664,4,4
2665,6,6
2666,5,1
2667,4,4
2668,4,4
2669,3,3
2670,1,1
2671,4,4
2672,3,3
2673,1,1
2674,2,1
2675,4,2
2676,2,2
2677,6,6
2678,2,2
2679,4,4
2680,2,0
2681,2,0
2682,2,0
2683,4,4
2684,2,2
2685,3,1
2686,2,2
2687,4,0
2688,3,3
2689,3,1
2690,3,2
2691,3,1
2692,6,4
2693,3,1
2694,3,3
2695,3,2
2696,2,2
2697,6,6
2698,3,3
2699,3,2
2700,4,4
2701,4,4
2702,11,11
2703,2,0
2704,2,0
2705,14,14
2706,3,2
2707,5,4
2708,2,2
2709,3,1
2710,2,2
2711,2,0
2712,4,4
2713,4,2
2714,4,4
2715,3,3
2716,4,4
2717,2,0
2718,3,3
2719,4,2
2720,3,0
2721,2,2
2722,3,3
2723,3,3
2724,3,3
2725,14,14
2726,3,3
2727,4,4
2728,2,0
2729,2,2
2730,2,2
2731,3,2
2732,4,4
2733,3,3
2734,2,0
2735,4,4
2736,4,2
2737,2,2
2738,2,0
2739,4,4
2740,4,2
2741,2,2
2742,6,0
2743,3,3
2744,4,4
2745,6,6
2746,2,2
2747,3,3
2748,3,3
2749,4,4
2750,1,1
2751,3,0
2752,2,2
2753,6,6
2754,3,3
2755,1,1
2756,3,3
2757,5,4
2758,6,0
2759,3,0
2760,5,5
2761,4,2
2762,2,1
2763,4,2
2764,5,5
2765,6,0
2766,2,2
2767,4,4
2768,5,5
2769,2,2
2770,2,0
2771,4,4
2772,2,2
2773,4,4
2774,3,3
2775,2,2
2776,1,1
2777,2,2
2778,3,3
2779,3,3
2780,4,4
2781,2,0
2782,2,2
2783,4,2
2784,2,2
2785,2,0
2786,4,4
2787,1,1
2788,2,1
2789,4,4
2790,6,4
2791,2,0
2792,4,4
2793,2,2
2794,3,2
2795,2,2
2796,3,3
2797,2,1
2798,1,1
2799,2,0
2800,3,0
2801,4,4
2802,3,3
2803,4,4
2804,4,4
2805,6,0
2806,4,0
2807,4,4
2808,4,4
2809,4,2
2810,2,2
2811,4,4
2812,3,1
2813,4,0
2814,3,3
2815,3,3
2816,3,0
2817,4,4
2818,2,1
2819,4,4
2820,3,0
2821,3,0
2822,3,2
2823,4,0
2824,4,2
2825,2,2
2826,4,4
2827,2,2
2828,4,4
2829,4,2
2830,4,2
2831,3,1
2832,3,0
2833,11,11
2834,4,0
2835,2,2
2836,2,2
2837,5,5
2838,4,0
2839,4,0
2840,6,4
2841,4,2
2842,3,3
2843,2,2
2844,4,0
2845,2,2
2846,1,1
2847,4,2
2848,4,1
2849,2,0
2850,4,2
2851,6,4
2852,3,1
2853,14,14
2854,2,0
2855,14,14
2856,4,4
2857,4,2
2858,4,4
2859,2,2
2860,2,2
2861,5,0
2862,4,2
2863,2,2
2864,2,2
2865,4,2
2866,4,0
2867,2,2
2868,2,2
2869,4,4
2870,4,4
2871,1,1
2872,3,3
2873,4,4
2874,4,0
2875,4,2
2876,2,0
2877,3,1
2878,5,5
2879,2,1
2880,4,2
2881,4,4
2882,1,1
2883,11,11
2884,2,2
2885,3,3
2886,3,3
2887,3,0
2888,2,0
2889,3,0
2890,4,2
2891,6,2
2892,4,0
2893,3,3
2894,2,2
2895,2,0
2896,6,2
2897,4,0
2898,4,2
2899,4,1
2900,4,4
2901,4,0
2902,5,5
2903,6,2
2904,6,0
2905,3,0
2906,3,0
2907,2,0
2908,6,6
2909,4,2
2910,3,3
2911,1,1
2912,1,1
2913,4,4
2914,3,1
2915,2,2
2916,3,2
2917,3,1
2918,3,3
2919,4,2
2920,2,0
2921,2,0
2922,4,0
2923,4,4
2924,4,4
2925,2,2
2926,2,0
2927,3,0
2928,2,2
2929,3,3
2930,3,1
2931,4,2
2932,6,2
2933,4,2
2934,4,0
2935,2,2
2936,4,2
2937,3,2
2938,6,6
2939,4,2
2940,2,0
2941,3,1
2942,7,7
2943,3,1
2944,4,2
2945,2,2
2946,3,0
2947,3,1
2948,2,0
2949,6,4
2950,4,4
2951,4,2
2952,3,1
2953,6,6
2954,2,2
2955,6,6
2956,3,0
2957,2,2
2958,2,2
2959,4,2
2960,6,6
2961,2,0
2962,4,0
2963,4,4
2964,1,1
2965,4,4
2966,3,3
2967,2,2
2968,14,14
2969,4,2
2970,6,6
2971,6,6
2972,9,9
2973,2,0
2974,6,6
2975,1,1
2976,4,4
2977,4,2
2978,4,4
2979,4,0
2980,6,6
2981,2,2
2982,2,2
2983,3,3
2984,3,2
2985,4,2
2986,1,1
2987,2,2
2988,2,2
2989,2,2
2990,6,6
2991,2,2
2992,2,1
2993,4,4
2994,3,3
2995,4,2
2996,2,0
2997,4,0
2998,3,3
2999,4,4
3000,1,1
3001,2,2
3002,4,2
3003,3,3
3004,2,1
3005,4,4
3006,4,2
3007,3,3
3008,3,0
3009,1,1
3010,2,2
3011,4,0
3012,2,0
3013,6,0
3014,2,2
3015,2,2
3016,2,0
3017,5,5
3018,3,2
3019,6,2
3020,2,2
3021,4,4
3022,4,2
3023,14,14
3024,2,2
3025,4,4
3026,2,2
3027,3,2
3028,3,3
3029,3,1
3030,4,4
3031,4,2
3032,2,2
3033,6,4
3034,2,2
3035,5,5
3036,3,0
3037,2,2
3038,3,3
3039,5,5
3040,4,4
3041,4,4
3042,4,4
3043,2,2
3044,2,0
3045,3,0
3046,4,4
3047,3,3
3048,4,2
3049,4,4
3050,4,2
3051,5,5
3052,2,2
3053,2,1
3054,2,1
3055,3,0
3056,3,1
3057,4,2
3058,5,5
3059,2,1
3060,4,2
3061,6,4
3062,2,0
3063,3,0
3064,1,1
3065,4,0
3066,2,2
3067,3,3
3068,3,2
3069,1,1
3070,6,4
3071,4,4
3072,2,2
3073,3,2
3074,2,0
3075,2,2
3076,5,4
3077,14,14
3078,3,3
3079,2,2
3080,5,5
3081,6,6
3082,3,3
3083,5,5
3084,4,2
3085,4,4
3086,3,1
3087,3,1
3088,2,0
3089,2,2
3090,4,2
3091,4,2
3092,6,0
3093,5,5
3094,2,2
3095,4,4
3096,4,4
3097,2,2
3098,2,2
3099,5,1
3100,14,14
3101,2,2
3102,3,2
3103,4,2
3104,2,2
3105,3,3
3106,3,3
3107,5,5
3108,2,2
3109,4,4
3110,2,2
3111,3,3
3112,3,3
3113,4,4
3114,3,1
3115,2,0
3116,3,0
3117,2,2
3118,4,2
3119,3,3
3120,4,2
3121,1,0
3122,5,0
3123,2,2
3124,2,1
3125,14,14
3126,4,2
3127,2,2
3128,4,2
3129,6,2
3130,2,0
3131,2,2
3132,2,0
3133,3,0
3134,4,2
3135,4,4
3136,4,2
3137,6,4
3138,4,2
3139,4,4
3140,2,2
3141,4,2
3142,2,2
3143,5,3
3144,6,6
3145,6,0
3146,4,4
3147,4,2
3148,14,14
3149,6,6
3150,3,2
3151,4,4
3152,3,1
3153,3,0
3154,4,4
3155,2,2
3156,3,3
3157,6,6
3158,2,2
3159,1,1
3160,3,3
3161,3,2
3162,1,1
3163,4,4
3164,1,1
3165,6,6
3166,2,2
3167,6,4
3168,4,2
3169,6,2
3170,4,4
3171,3,2
3172,3,0
3173,3,0
3174,6,6
3175,4,4
3176,4,4
3177,4,0
3178,4,4
3179,3,3
3180,4,4
3181,4,4
3182,4,4
3183,2,2
3184,4,2
3185,3,3
3186,4,2
3187,3,0
3188,2,1
3189,2,2
3190,2,0
3191,4,2
3192,3,3
3193,1,1
3194,4,4
3195,4,0
3196,4,1
3197,4,4
3198,3,3
3199,4,0
3200,4,4
3201,4,1
3202,6,0
3203,2,2
3204,2,0
3205,4,2
3206,2,0
3207,4,2
3208,2,2
3209,14,14
3210,1,0
3211,2,2
3212,1,1
3213,4,4
3214,4,0
3215,14,14
3216,2,1
3217,4,4
3218,4,4
3219,3,0
3220,2,2
3221,4,4
3222,4,2
3223,3,0
3224,3,1
3225,4,4
3226,2,2
3227,4,0
3228,4,4
3229,2,2
3230,2,0
3231,6,6
3232,1,1
3233,3,3
3234,4,2
3235,4,4
3236,4,4
3237,2,2
3238,4,4
3239,3,3
3240,2,2
3241,4,0
3242,2,0
3243,2,0
3244,3,3
3245,4,4
3246,5,3
3247,8,8
3248,6,2
3249,3,0
3250,4,2
3251,6,6
3252,3,0
3253,4,4
3254,3,0
3255,4,4
3256,2,0
3257,2,2
3258,3,2
3259,5,0
3260,3,1
3261,4,4
3262,4,1
3263,4,4
3264,14,14
3265,4,2
3266,14,14
3267,1,1
3268,3,3
3269,1,1
3270,2,2
3271,3,1
3272,3,3
3273,3,3
3274,3,3
3275,6,4
3276,4,4
3277,4,0
3278,4,1
3279,3,3
3280,3,0
3281,6,6
3282,2,2
3283,4,1
3284,2,0
3285,3,2
3286,4,2
3287,14,14
3288,3,3
3289,2,2
3290,4,2
3291,4,0
3292,3,3
3293,4,4
3294,4,4
3295,2,0
3296,2,2
3297,1,1
3298,2,2
3299,4,2
3300,2,2
3301,4,4
3302,3,3
3303,3,3
3304,2,2
3305,3,0
3306,2,0
3307,3,1
3308,3,3
3309,4,0
3310,4,4
3311,3,0
3312,4,0
3313,2,2
3314,3,3
3315,6,6
3316,4,4
3317,3,0
3318,2,2
3319,6,2
3320,4,4
3321,3,3
3322,4,0
3323,2,2
3324,3,0
3325,3,1
3326,3,3
3327,4,2
3328,3,1
3329,3,3
3330,14,14
3331,2,2
3332,2,2
3333,3,3
3334,4,4
3335,3,2
3336,6,4
3337,4,4
3338,6,4
3339,3,3
3340,4,2
3341,4,0
3342,3,0
3343,4,4
3344,4,4
3345,3,1
3346,2,0
3347,2,2
3348,4,4
3349,2,0
3350,3,0
3351,3,1
3352,3,2
3353,14,14
3354,2,0
3355,2,2
3356,4,4
3357,3,1
3358,3,1
3359,1,1
3360,14,14
3361,3,3
3362,4,3
3363,3,3
3364,4,2
3365,6,2
3366,4,4
3367,6,0
3368,2,2
3369,2,2
3370,6,4
3371,4,4
3372,2,2
3373,6,6
3374,2,2
3375,14,14
3376,2,2
3377,2,2
3378,2,2
3379,3,2
3380,4,4
3381,4,4
3382,3,2
3383,3,1
3384,6,4
3385,4,2
3386,3,3
3387,2,2
3388,4,4
3389,7,7
3390,2,2
3391,5,5
3392,3,1
3393,7,7
3394,1,0
3395,2,2
3396,14,14
3397,5,5
3398,2,0
3399,4,2
3400,2,0
3401,2,0
3402,4,4
3403,2,2
3404,4,4
3405,3,3
3406,2,2
3407,2,2
3408,3,1
3409,6,6
3410,3,2
3411,2,1
3412,4,4
3413,4,4
3414,4,2
3415,4,4
3416,3,1
3417,2,0
3418,3,2
3419,3,1
3420,3,2
3421,5,5
3422,4,2
3423,2,0
3424,3,1
3425,3,2
3426,5,0
3427,2,0
3428,2,2
3429,3,0
3430,6,6
3431,2,2
3432,2,2
3433,2,2
3434,4,2
3435,2,2
3436,3,2
3437,2,1
3438,3,1
3439,4,4
3440,3,1
3441,4,2
3442,4,2
3443,3,3
3444,6,4
3445,3,3
3446,3,1
3447,3,3
3448,6,4
3449,7,7
3450,3,2
3451,6,6
3452,2,0
3453,2,2
3454,3,3
3455,3,2
3456,3,3
3457,2,2
3458,4,4
3459,4,2
3460,4,0
3461,1,1
3462,4,1
3463,4,4
3464,3,2
3465,4,4
3466,3,2
3467,3,3
3468,2,2
3469,3,1
3470,2,2
3471,8,8
3472,4,2
3473,3,0
3474,3,3
3475,4,4
3476,2,2
3477,3,0
3478,3,3
3479,4,2
3480,4,0
3481,4,2
3482,8,0
3483,14,14
3484,2,2
3485,4,2
3486,2,1
3487,2,2
3488,2,0
3489,6,6
3490,3,0
3491,3,0
3492,4,4
3493,4,4
3494,3,0
3495,2,0
3496,2,0
3497,5,5
3498,3,2
3499,3,1
3500,6,0
3501,2,2
3502,4,2
3503,14,14
3504,2,0
3505,2,2
3506,3,2
3507,2,0
3508,6,6
3509,2,2
3510,4,0
3511,4,4
3512,4,0
3513,14,14
3514,5,3
3515,4,2
3516,4,0
3517,6,0
3518,2,2
3519,4,2
3520,3,0
3521,2,0
3522,3,3
3523,2,2
3524,4,0
3525,2,2
3526,4,4
3527,2,2
3528,5,3
3529,2,2
3530,5,2
3531,3,3
3532,4,2
3533,2,1
3534,1,1
3535,3,0
3536,14,14
3537,6,4
3538,3,0
3539,4,4
3540,4,4
3541,2,2
3542,1,1
3543,4,2
3544,6,6
3545,2,2
3546,2,2
3547,4,4
3548,1,1
3549,3,3
3550,3,3
3551,3,1
3552,3,0
3553,1,1
3554,3,3
3555,4,2
3556,1,1
3557,4,0
3558,4,4
3559,4,4
3560,4,4
3561,6,4
3562,4,4
3563,6,6
3564,3,0
3565,2,0
3566,4,4
3567,4,4
3568,6,2
3569,14,14
3570,2,0
3571,2,2
3572,3,3
3573,4,4
3574,4,4
3575,4,2
3576,4,4
3577,6,4
3578,2,0
3579,6,6
3580,6,4
3581,2,1
3582,3,2
3583,2,2
3584,1,1
3585,1,1
3586,2,2
3587,3,0
3588,2,0
3589,6,6
3590,3,2
3591,4,4
3592,3,3
3593,2,0
3594,14,14
3595,4,4
3596,2,0
3597,4,4
3598,6,6
3599,2,0
3600,2,2
3601,4,4
3602,4,4
3603,4,4
3604,4,2
3605,2,2
3606,4,4
3607,3,1
3608,4,4
3609,3,3
3610,14,14
3611,3,3
3612,3,0
3613,4,0
3614,4,0
3615,3,1
3616,2,2
3617,4,4
3618,4,4
3619,2,0
3620,1,1
3621,3,3
3622,4,4
3623,2,2
3624,4,4
3625,2,0
3626,4,4
3627,4,2
3628,1,1
3629,3,3
3630,2,1
3631,2,2
3632,4,2
3633,4,4
3634,6,4
3635,2,2
3636,4,1
3637,2,2
3638,3,2
3639,6,6
3640,4,4
3641,2,2
3642,2,2
3643,3,3
3644,6,2
3645,4,2
3646,1,1
3647,4,4
3648,2,2
3649,4,4
3650,1,1
3651,6,6
3652,2,0
3653,4,4
3654,3,3
3655,2,0
3656,4,2
3657,3,1
3658,2,2
3659,5,1
3660,2,2
3661,2,2
3662,3,3
3663,4,4
3664,6,6
3665,4,2
3666,3,0
3667,4,4
3668,3,2
3669,2,0
3670,4,4
3671,2,2
3672,4,0
3673,3,1
3674,2,2
3675,4,4
3676,4,0
3677,4,3
3678,4,0
3679,8,0
3680,3,2
3681,2,2
3682,2,2
3683,2,2
3684,3,0
3685,3,1
3686,1,1
3687,2,0
3688,3,3
3689,3,1
3690,4,0
3691,3,3
3692,2,2
3693,4,4
3694,1,1
3695,4,4
3696,3,1
3697,4,0
3698,3,1
3699,5,4
3700,4,0
3701,3,3
3702,4,0
3703,14,14
3704,2,2
3705,2,0
3706,3,3
3707,5,5
3708,1,1
3709,1,1
3710,2,2
3711,5,5
3712,1,1
3713,4,4
3714,3,3
3715,3,2
3716,1,1
3717,4,4
3718,3,1
3719,7,7
3720,3,3
3721,6,2
3722,2,2
3723,3,0
3724,4,2
3725,4,4
3726,6,4
3727,4,4
3728,2,2
3729,4,4
3730,4,4
3731,3,0
3732,3,3
3733,2,2
3734,2,2
3735,3,1
3736,4,1
3737,4,4
3738,4,4
3739,2,2
3740,2,0
3741,2,2
3742,3,0
3743,2,1
3744,2,2
3745,2,0
3746,6,2
3747,2,2
3748,3,3
3749,2,2
3750,3,1
3751,2,2
3752,14,14
3753,2,1
3754,3,0
3755,4,4
3756,2,0
3757,3,3
3758,4,4
3759,6,6
3760,1,1
3761,3,1
3762,5,5
3763,3,3
3764,4,0
3765,2,2
3766,2,2
3767,4,2
3768,2,0
3769,2,2
3770,5,4
3771,3,2
3772,3,3
3773,1,1
3774,3,2
3775,3,0
3776,2,1
3777,4,4
3778,4,0
3779,4,2
3780,2,2
3781,4,4
3782,5,3
3783,2,2
3784,4,4
3785,5,3
3786,4,0
3787,2,2
3788,3,2
3789,4,2
3790,4,2
3791,7,7
3792,4,1
3793,3,0
3794,6,6
3795,2,2
3796,3,3
3797,4,4
3798,2,0
3799,2,2
3800,3,3
3801,2,1
3802,6,6
3803,6,6
3804,3,3
3805,3,3
3806,2,2
3807,4,2
3808,3,0
3809,4,4
3810,3,3
3811,4,4
3812,2,2
3813,3,2
3814,1,1
3815,4,4
3816,3,3
3817,3,1
3818,2,0
3819,4,0
3820,3,3
3821,14,14
3822,2,2
3823,4,4
3824,3,3
3825,2,2
3826,4,4
3827,2,0
3828,3,0
3829,4,0
3830,2,2
3831,2,2
3832,4,4
3833,4,0
3834,3,3
3835,4,4
3836,4,0
3837,4,4
3838,3,3
3839,3,3
3840,4,4
3841,3,3
3842,2,2
3843,2,0
3844,14,14
3845,11,11
3846,4,2
3847,4,0
3848,3,3
3849,2,2
3850,2,0
3851,1,1
3852,4,4
3853,4,0
3854,4,4
3855,4,4
3856,4,4
3857,2,1
3858,4,4
3859,4,4
3860,4,3
3861,4,0
3862,14,14
3863,3,0
3864,6,6
3865,1,1
3866,2,2
3867,4,0
3868,3,0
3869,6,6
3870,4,4
3871,2,1
3872,2,2
3873,2,0
3874,6,4
3875,6,6
3876,4,2
3877,2,2
3878,6,4
3879,3,3
3880,3,0
3881,4,0
3882,1,1
3883,2,0
3884,4,2
3885,3,2
3886,3,0
3887,3,1
3888,4,4
3889,3,3
3890,2,2
3891,6,6
3892,2,2
3893,4,4
3894,14,14
3895,3,3
3896,2,2
3897,5,4
3898,3,0
3899,14,14
3900,3,1
3901,4,4
3902,2,2
3903,2,2
3904,1,1
3905,5,5
3906,4,4
3907,3,0
3908,2,2
3909,3,3
3910,6,0
3911,6,6
3912,3,0
3913,2,1
3914,2,2
3915,3,3
3916,6,2
3917,4,4
3918,3,2
3919,1,1
3920,2,2
3921,2,0
3922,4,0
3923,2,2
3924,2,2
3925,1,1
3926,3,2
3927,2,2
3928,6,6
3929,4,0
3930,3,1
3931,14,14
3932,4,4
3933,2,0
3934,2,0
3935,2,2
3936,3,0
3937,3,2
3938,6,4
3939,4,2
3940,4,2
3941,4,4
3942,2,2
3943,4,0
3944,6,4
3945,3,3
3946,2,0
3947,3,0
3948,3,2
3949,6,2
3950,2,2
3951,4,4
3952,4,2
3953,4,4
3954,4,4
3955,1,1
3956,2,2
3957,2,0
3958,14,14
3959,2,2
3960,2,2
3961,14,14
3962,6,6
3963,4,2
3964,4,2
3965,3,3
3966,4,4
3967,3,3
3968,4,4
3969,14,14
3970,3,0
3971,2,1
3972,3,3
3973,4,4
3974,3,3
3975,3,2
3976,6,2
3977,2,2
3978,4,4
3979,2,0
3980,4,4
3981,2,2
3982,4,4
3983,1,1
3984,3,2
3985,4,4
3986,3,3
3987,1,1
3988,4,2
3989,4,4
3990,2,2
3991,3,0
3992,4,0
3993,2,1
3994,3,3
3995,2,2
3996,6,4
3997,6,6
3998,4,4
3999,1,1
4000,3,3
4001,3,2
4002,4,4
4003,3,1
4004,3,3
4005,2,2
4006,4,4
4007,4,2
4008,4,4
4009,1,1
4010,4,4
4011,5,5
4012,9,9
4013,6,4
4014,2,2
4015,4,2
4016,6,4
4017,4,4
4018,6,6
4019,3,0
4020,2,0
4021,4,4
4022,4,4
4023,12,12
4024,2,1
4025,5,4
4026,2,2
4027,3,3
4028,2,0
4029,2,0
4030,4,2
4031,2,2
4032,4,2
4033,4,4
4034,3,3
4035,4,0
4036,3,2
4037,14,14
4038,14,14
4039,2,2
4040,4,2
4041,4,4
4042,5,3
4043,3,2
4044,3,3
4045,4,0
4046,2,0
4047,3,2
4048,5,3
4049,2,0
4050,2,2
4051,2,2
4052,4,4
4053,1,1
4054,2,2
4055,6,0
4056,2,2
4057,6,6
4058,2,2
4059,3,2
4060,4,4
4061,3,3
4062,4,4
4063,4,4
4064,2,0
4065,2,2
4066,4,2
4067,2,0
4068,3,3
4069,4,2
4070,6,0
4071,11,11
4072,4,2
4073,5,1
4074,3,1
4075,2,0
4076,2,1
4077,3,0
4078,1,1
4079,4,4
4080,6,0
4081,3,3
4082,1,1
4083,2,2
4084,14,14
4085,3,1
4086,4,0
4087,3,3
4088,4,2
4089,2,0
4090,4,0
4091,4,4
4092,4,4
4093,4,2
4094,4,4
4095,4,4
4096,4,4
4097,4,4
4098,6,4
4099,3,3
4100,3,3
4101,2,0
4102,5,5
4103,1,1
4104,1,1
4105,3,3
4106,4,4
4107,2,0
4108,3,2
4109,6,0
4110,1,1
4111,4,4
4112,4,4
4113,3,3
4114,2,2
4115,4,2
4116,2,0
4117,5,2
4118,2,2
4119,2,2
4120,4,4
4121,6,4
4122,4,4
4123,4,0
4124,2,2
4125,2,0
4126,4,4
4127,4,4
4128,2,2
4129,4,2
4130,4,4
4131,3,1
4132,4,4
4133,3,2
4134,6,4
4135,1,1
4136,2,0
4137,3,3
4138,2,2
4139,4,4
4140,3,0
4141,6,6
4142,4,0
4143,2,2
4144,2,2
4145,3,3
4146,3,0
4147,4,2
4148,3,3
4149,2,0
4150,6,0
4151,2,2
4152,2,2
4153,2,0
4154,3,2
4155,4,4
4156,7,7
4157,3,3
4158,2,2
4159,4,2
4160,3,3
4161,4,3
4162,4,4
4163,3,3
4164,6,6
4165,4,4
4166,2,0
4167,3,0
4168,2,0
4169,4,4
4170,1,1
4171,4,4
4172,14,14
4173,2,2
4174,4,4
4175,3,1
4176,6,2
4177,4,0
4178,6,6
4179,4,4
4180,4,2
4181,1,1
4182,2,0
4183,3,3
4184,4,1
4185,3,3
4186,6,4
4187,5,5
4188,2,0
4189,6,6
4190,2,0
4191,2,0
4192,3,0
4193,1,1
4194,4,4
4195,4,4
4196,4,4
4197,4,2
4198,4,4
4199,4,4
4200,1,1
4201,5,5
4202,4,2
4203,4,4
4204,4,0
4205,4,4
4206,3,3
4207,2,2
4208,4,4
4209,2,2
4210,3,2
4211,4,3
4212,4,4
4213,4,4
4214,3,1
4215,5,1
4216,1,1
4217,4,2
4218,2,2
4219,2,0
4220,4,2
4221,1,1
4222,4,0
4223,3,3
4224,2,0
4225,4,4
4226,2,2
4227,6,4
4228,3,2
4229,4,4
4230,3,3
4231,2,2
4232,2,2
4233,3,2
4234,6,4
4235,4,4
4236,2,0
4237,4,1
4238,3,0
4239,4,0
4240,4,2
4241,4,4
4242,3,1
4243,2,2
4244,3,3
4245,3,1
4246,4,2
4247,2,0
4248,4,4
4249,5,0
4250,5,0
4251,3,3
4252,5,5
4253,4,4
4254,6,0
4255,2,2
4256,2,2
4257,2,2
4258,2,2
4259,3,3
4260,2,0
4261,3,3
4262,4,4
4263,6,0
4264,4,0
4265,14,14
4266,1,1
4267,5,5
4268,3,0
4269,6,4
4270,4,2
4271,4,4
4272,4,4
4273,3,0
4274,2,0
4275,2,2
4276,3,0
4277,2,2
4278,3,3
4279,3,3
4280,4,4
4281,5,5
4282,4,4
4283,3,3
4284,2,2
4285,4,4
4286,6,6
4287,3,2
4288,4,0
4289,5,5
4290,4,2
4291,4,0
4292,4,4
4293,6,6
4294,14,14
4295,4,4
4296,4,2
4297,3,0
4298,3,2
4299,4,4
4300,2,2
4301,2,2
4302,4,4
4303,3,0
4304,4,2
4305,4,2
4306,4,2
4307,1,1
4308,6,4
4309,4,2
4310,6,4
4311,4,4
4312,4,2
4313,3,3
4314,2,2
4315,3,3
4316,4,4
4317,1,0
4318,6,0
4319,2,0
4320,2,2
4321,5,5
4322,4,0
4323,2,0
4324,3,3
4325,4,4
4326,4,2
4327,2,2
4328,3,1
4329,2,0
4330,2,1
4331,1,1
4332,3,3
4333,4,4
4334,4,2
4335,2,0
4336,2,2
4337,4,2
4338,6,4
4339,3,2
4340,5,3
4341,4,2
4342,2,0
4343,3,3
4344,4,4
4345,2,0
4346,3,3
4347,1,1
4348,4,4
4349,6,6
4350,4,2
4351,4,0
4352,2,2
4353,2,2
4354,2,0
4355,2,2
4356,4,0
4357,6,6
4358,4,0
4359,4,4
4360,5,5
4361,2,1
4362,4,4
4363,6,2
4364,3,2
4365,2,2
4366,3,0
4367,4,4
4368,4,0
4369,2,2
4370,14,14
4371,2,2
4372,4,2
4373,4,4
4374,4,4
4375,1,1
4376,2,2
4377,3,0
4378,6,4
4379,2,0
4380,2,1
4381,3,3
4382,6,4
4383,4,4
4384,3,3
4385,4,4
4386,4,4
4387,3,0
4388,4,4
4389,2,2
4390,1,1
4391,14,14
4392,3,3
4393,3,3
4394,2,2
4395,3,0
4396,2,2
4397,2,2
4398,6,4
4399,3,0
4400,14,14
4401,4,2
4402,4,4
4403,3,0
4404,3,3
4405,4,4
4406,3,1
4407,1,1
4408,3,3
4409,7,7
4410,2,2
4411,2,2
4412,3,0
4413,3,2
4414,3,3
4415,4,4
4416,2,0
4417,3,2
4418,4,2
4419,4,0
4420,3,1
4421,3,1
4422,3,2
4423,5,5
4424,4,0
4425,6,6
4426,4,0
4427,3,1
4428,2,0
4429,4,4
4430,5,4
4431,4,2
4432,4,0
4433,4,2
4434,2,2
4435,3,1
4436,4,4
4437,2,0
4438,6,2
4439,4,4
4440,3,3
4441,2,2
4442,14,14
4443,14,14
4444,2,0
4445,4,0
4446,4,2
4447,4,1
4448,1,1
4449,6,6
4450,1,1
4451,9,9
4452,2,2
4453,3,3
4454,2,2
4455,3,3
4456,6,0
4457,4,2
4458,6,6
4459,5,1
4460,3,3
4461,4,2
4462,4,2
4463,2,1
4464,4,4
4465,5,5
4466,1,1
4467,4,1
4468,3,3
4469,6,6
4470,4,2
4471,4,0
4472,4,2
4473,2,2
4474,5,5
4475,2,2
4476,3,2
4477,2,2
4478,2,1
4479,14,14
4480,1,1
4481,4,4
4482,7,7
4483,2,2
4484,2,2
4485,4,2
4486,3,0
4487,3,2
4488,6,0
4489,2,0
4490,2,2
4491,2,2
4492,4,0
4493,2,2
4494,1,1
4495,1,1
4496,4,4
4497,4,2
4498,4,2
4499,3,3
4500,1,1
4501,3,1
4502,4,4
4503,2,2
4504,4,4
4505,8,0
4506,2,2
4507,6,2
4508,2,2
4509,1,0
4510,6,4
4511,4,4
4512,4,4
4513,4,4
4514,6,6
4515,2,2
4516,4,4
4517,3,2
4518,3,3
4519,4,2
4520,4,4
4521,3,2
4522,3,1
4523,4,4
4524,3,0
4525,2,2
4526,3,3
4527,3,3
4528,4,4
4529,4,4
4530,2,2
4531,4,2
4532,2,2
4533,3,3
4534,14,14
4535,4,0
4536,9,9
4537,14,14
4538,2,1
4539,3,0
4540,2,2
4541,3,0
4542,3,1
4543,6,6
4544,3,3
4545,3,3
4546,3,3
4547,2,0
4548,4,4
4549,2,2
4550,4,4
4551,4,2
4552,4,4
4553,3,3
4554,3,2
4555,3,1
4556,4,4
4557,2,1
4558,3,3
4559,3,0
4560,4,4
4561,14,14
4562,3,3
4563,2,2
4564,3,3
4565,2,2
4566,6,0
4567,2,1
4568,2,2
4569,4,0
4570,3,3
4571,2,2
4572,4,4
4573,6,0
4574,5,5
4575,3,0
4576,3,0
4577,4,2
4578,4,2
4579,2,2
4580,4,2
4581,2,0
4582,2,2
4583,4,4
4584,2,2
4585,1,1
4586,2,2
4587,2,2
4588,4,4
4589,4,2
4590,3,0
4591,5,4
4592,2,2
4593,2,2
4594,3,1
4595,6,6
4596,1,1
4597,2,2
4598,3,3
4599,5,5
4600,1,1
4601,2,2
4602,5,5
4603,3,3
4604,3,3
4605,6,4
4606,4,4
4607,4,4
4608,3,1
4609,3,3
4610,3,2
4611,2,2
4612,2,2
4613,4,4
4614,3,2
4615,3,1
4616,4,2
4617,4,0
4618,3,3
4619,2,0
4620,6,6
4621,5,4
4622,6,0
4623,4,2
4624,3,2
4625,3,3
4626,3,3
4627,2,2
4628,4,2
4629,3,0
4630,4,4
4631,4,4
4632,6,0
4633,2,2
4634,6,4
4635,4,2
4636,2,2
4637,4,4
4638,6,6
4639,3,1
4640,3,3
4641,3,3
4642,4,4
4643,4,4
4644,2,2
4645,3,3
4646,4,4
4647,4,4
4648,3,3
4649,3,3
4650,4,4
4651,4,1
4652,3,3
4653,2,2
4654,3,3
4655,3,0
4656,2,2
4657,4,4
4658,5,5
4659,4,4
4660,3,2
4661,3,1
4662,3,0
4663,4,2
4664,2,0
4665,2,2
4666,3,2
4667,6,2
4668,3,3
4669,4,4
4670,3,0
4671,4,2
4672,6,6
4673,2,2
4674,11,11
4675,2,2
4676,6,4
4677,3,2
4678,3,2
4679,4,4
4680,4,0
4681,8,8
4682,4,2
4683,2,2
4684,6,0
4685,3,3
4686,3,2
4687,2,2
4688,4,4
4689,3,1
4690,2,2
4691,14,14
4692,4,4
4693,2,2
4694,4,4
4695,14,14
4696,3,3
4697,4,4
4698,1,1
4699,3,1
4700,2,2
4701,2,2
4702,2,0
4703,4,0
4704,5,5
4705,3,1
4706,2,1
4707,4,4
4708,2,0
4709,1,1
4710,3,1
4711,2,2
4712,2,2
4713,3,2
4714,4,0
4715,2,2
4716,4,2
4717,4,4
4718,2,2
4719,3,3
4720,6,6
4721,3,3
4722,2,0
4723,6,4
4724,4,4
4725,2,0
4726,2,2
4727,4,1
4728,1,1
4729,3,3
4730,4,2
4731,4,4
4732,3,2
4733,4,4
4734,2,0
4735,5,4
4736,2,0
4737,2,1
4738,2,2
4739,4,2
4740,4,2
4741,4,4
4742,4,4
4743,4,4
4744,2,0
4745,5,3
4746,4,4
4747,4,4
4748,3,1
4749,3,2
4750,6,6
4751,3,3
4752,3,0
4753,4,1
4754,3,1
4755,6,6
4756,4,4
4757,4,2
4758,4,0
4759,2,0
4760,3,3
4761,2,0
4762,6,4
4763,4,4
4764,2,1
4765,1,1
4766,4,0
4767,4,4
4768,2,2
4769,1,1
4770,4,4
4771,3,3
4772,4,4
4773,4,4
4774,2,0
4775,3,3
4776,3,3
4777,4,4
4778,4,0
4779,3,0
4780,2,2
4781,5,5
4782,4,4
4783,4,2
4784,2,2
4785,4,4
4786,4,4
4787,6,6
4788,1,1
4789,4,2
4790,2,2
4791,4,3
4792,4,4
4793,2,0
4794,4,4
4795,4,4
4796,4,0
4797,3,3
4798,4,4
4799,4,2
4800,4,4
4801,4,4
4802,14,14
4803,4,2
4804,1,1
4805,4,4
4806,6,6
4807,4,0
4808,2,2
4809,5,0
4810,2,0
4811,4,0
4812,4,4
4813,2,2
4814,5,0
4815,2,2
4816,14,14
4817,3,2
4818,5,3
4819,3,1
4820,6,6
4821,3,3
4822,3,1
4823,4,4
4824,3,0
4825,2,2
4826,4,0
4827,3,1
4828,4,4
4829,4,0
4830,4,2
4831,4,2
4832,4,4
4833,4,4
4834,4,4
4835,9,9
4836,2,2
4837,2,1
4838,4,0
4839,6,4
4840,5,0
4841,3,0
4842,4,4
4843,4,0
4844,2,0
4845,3,2
4846,4,4
4847,3,3
4848,4,2
4849,4,4
4850,4,0
4851,4,2
4852,4,0
4853,5,5
4854,4,2
4855,2,2
4856,3,3
4857,6,4
4858,6,4
4859,3,1
4860,2,0
4861,2,2
4862,3,1
4863,3,1
4864,2,2
4865,2,2
4866,14,14
4867,3,3
4868,2,2
4869,6,4
4870,6,6
4871,4,2
4872,3,1
4873,6,6
4874,5,5
4875,3,1
4876,2,2
4877,1,1
4878,3,3
4879,4,2
4880,3,3
4881,2,2
4882,4,2
4883,14,14
4884,4,2
4885,3,1
4886,3,0
4887,4,0
4888,4,4
4889,8,8
4890,2,2
4891,2,2
4892,4,4
4893,2,2
4894,6,6
4895,4,4
4896,4,3
4897,4,4
4898,1,1
4899,2,2
4900,4,4
4901,1,1
4902,4,4
4903,2,2
4904,6,6
4905,4,4
4906,14,14
4907,4,4
4908,6,6
4909,3,3
4910,4,2
4911,1,1
4912,3,2
4913,4,4
4914,2,2
4915,2,2
4916,4,2
4917,4,4
4918,5,0
4919,3,3
4920,6,0
4921,2,2
4922,2,2
4923,6,4
4924,2,2
4925,2,1
4926,2,0
4927,3,0
4928,1,0
4929,4,4
4930,2,0
4931,6,4
4932,3,2
4933,4,4
4934,3,2
4935,3,1
4936,5,3
4937,4,4
4938,2,0
4939,3,3
4940,6,4
4941,2,2
4942,3,3
4943,2,2
4944,1,1
4945,3,3
4946,4,4
4947,2,0
4948,3,2
4949,4,2
4950,4,2
4951,6,0
4952,2,0
4953,6,6
4954,3,3
4955,4,4
4956,4,4
4957,2,2
4958,4,4
4959,3,1
4960,4,4
4961,4,2
4962,5,3
4963,3,3
4964,4,0
4965,6,0
4966,7,7
4967,4,4
4968,4,4
4969,2,2
4970,4,1
4971,3,0
4972,3,1
4973,2,2
4974,2,0
4975,1,1
4976,14,14
4977,3,3
4978,4,4
4979,6,6
4980,2,0
4981,2,2
4982,3,3
4983,3,3
4984,6,4
4985,2,2
4986,3,3
4987,9,9
4988,4,2
4989,4,2
4990,2,1
4991,3,3
4992,3,1
4993,4,4
4994,3,1
4995,6,4
4996,6,2
4997,4,0
4998,4,0
4999,3,3
5000,6,6
5001,3,3
5002,4,4
5003,6,0
5004,5,3
5005,1,1
5006,3,3
5007,14,14
5008,3,1
5009,5,0
5010,4,4
5011,4,0
5012,5,1
5013,3,0
5014,3,1
5015,6,6
5016,4,4
5017,4,2
5018,2,2
5019,4,2
5020,6,6
5021,4,4
5022,4,2
5023,3,1
5024,3,3
5025,2,0
5026,4,4
5027,3,3
5028,2,2
5029,4,4
5030,2,2
5031,2,2
5032,2,1
5033,4,4
5034,4,4
5035,3,3
5036,3,3
5037,4,4
5038,4,4
5039,3,3
5040,4,4
5041,3,3
5042,2,2
5043,3,3
5044,3,0
5045,4,4
5046,1,1
5047,4,2
5048,3,1
5049,14,14
5050,8,0
5051,4,4
5052,2,2
5053,2,2
5054,3,3
5055,3,3
5056,2,2
5057,14,14
5058,2,2
5059,6,6
5060,3,3
5061,5,4
5062,6,0
5063,5,5
5064,5,5
5065,2,0
5066,2,2
5067,3,1
5068,6,6
5069,14,14
5070,4,2
5071,2,0
5072,4,4
5073,3,1
5074,4,2
5075,3,3
5076,2,0
5077,6,4
5078,3,3
5079,4,0
5080,1,1
5081,5,2
5082,2,2
5083,1,1
5084,2,0
5085,4,4
5086,2,2
5087,4,0
5088,3,2
5089,1,1
5090,4,4
5091,4,0
5092,4,3
5093,6,0
5094,3,0
5095,2,2
5096,3,0
5097,2,2
5098,1,1
5099,9,9
5100,4,0
5101,3,1
5102,2,0
5103,2,2
5104,2,2
5105,3,3
5106,2,2
5107,5,5
5108,4,2
5109,2,2
5110,2,2
5111,2,2
5112,4,4
5113,3,3
5114,3,2
5115,4,4
5116,3,3
5117,4,4
5118,4,4
5119,1,0
5120,5,0
5121,6,0
5122,5,5
5123,3,3
5124,2,0
5125,2,2
5126,1,1
5127,4,4
5128,2,2
5129,4,0
5130,4,4
5131,3,3
5132,3,1
5133,2,0
5134,6,4
5135,2,0
5136,6,6
5137,6,6
5138,4,2
5139,6,4
5140,2,2
5141,3,2
5142,4,4
5143,2,2
5144,6,6
5145,3,3
5146,1,1
5147,5,5
5148,2,0
5149,4,4
5150,3,3
5151,3,2
5152,3,3
5153,1,1
5154,6,6
5155,4,0
5156,2,0
5157,5,5
5158,3,1
5159,2,2
5160,14,14
5161,3,1
5162,2,0
5163,4,2
5164,2,1
5165,1,1
5166,2,0
5167,4,4
5168,1,1
5169,2,2
5170,4,2
5171,5,5
5172,1,1
5173,4,1
5174,4,2
5175,2,2
5176,3,1
5177,4,4
5178,4,4
5179,4,4
5180,3,0
5181,4,4
5182,4,2
5183,4,2
5184,5,3
5185,14,14
5186,4,0
5187,2,2
5188,2,2
5189,4,2
5190,2,2
5191,4,0
5192,4,4
5193,4,0
5194,2,2
5195,2,2
5196,4,2
5197,2,2
5198,4,1
5199,2,2
5200,4,4
5201,2,2
5202,4,2
5203,4,4
5204,5,5
5205,6,6
5206,4,4
5207,2,2
5208,4,4
5209,6,0
5210,4,4
5211,4,4
5212,2,2
5213,4,4
5214,3,2
5215,9,9
5216,4,4
5217,2,2
5218,4,2
5219,3,1
5220,3,1
5221,2,2
5222,4,4
5223,2,2
5224,4,1
5225,3,1
5226,2,2
5227,4,4
5228,1,1
5229,4,2
5230,1,1
5231,3,3
5232,2,2
5233,2,2
5234,3,3
5235,2,2
5236,3,3
5237,4,2
5238,2,0
5239,3,0
5240,4,4
5241,7,7
5242,4,2
5243,2,2
5244,3,1
5245,1,1
5246,3,3
5247,4,2
5248,3,1
5249,3,2
5250,14,14
5251,4,4
5252,4,4
5253,6,6
5254,2,0
5255,3,1
5256,3,3
5257,4,0
5258,2,2
5259,4,0
5260,3,0
5261,1,1
5262,2,0
5263,2,2
5264,2,0
5265,2,2
5266,4,4
5267,4,4
5268,4,0
5269,3,1
5270,2,2
5271,4,4
5272,2,2
5273,3,3
5274,6,6
5275,4,4
5276,4,0
5277,4,4
5278,4,4
5279,4,0
5280,2,2
5281,3,0
5282,4,0
5283,3,1
5284,2,0
5285,3,3
5286,6,6
5287,4,2
5288,3,3
5289,6,2
5290,6,0
5291,2,2
5292,2,2
5293,4,0
5294,5,2
5295,2,2
5296,14,14
5297,4,4
5298,3,1
5299,2,2
5300,4,2
5301,2,0
5302,3,1
5303,3,3
5304,6,4
5305,2,1
5306,5,3
5307,3,3
5308,6,4
5309,1,1
5310,2,2
5311,4,0
5312,3,2
5313,3,3
5314,5,2
5315,4,4
5316,4,4
5317,1,1
5318,5,5
5319,3,2
5320,2,2
5321,3,0
5322,4,4
5323,5,3
5324,2,2
5325,4,4
5326,2,2
5327,4,4
5328,2,1
5329,3,2
5330,2,2
5331,4,2
5332,4,0
5333,4,4
5334,4,4
5335,2,2
5336,2,2
5337,1,1
5338,3,1
5339,4,4
5340,2,2
5341,4,4
5342,2,2
5343,1,1
5344,6,2
5345,8,8
5346,4,0
5347,1,0
5348,6,2
5349,4,0
5350,1,1
5351,3,1
5352,2,2
5353,4,4
5354,2,2
5355,6,6
5356,1,1
5357,3,3
5358,4,0
5359,3,3
5360,4,2
5361,4,2
5362,4,0
5363,3,3
5364,4,0
5365,4,4
5366,4,2
5367,6,4
5368,3,1
5369,3,3
5370,3,3
5371,6,4
5372,3,1
5373,2,2
5374,4,4
5375,2,0
5376,3,0
5377,3,0
5378,3,3
5379,2,0
5380,4,1
5381,4,4
5382,3,3
5383,4,4
5384,6,0
5385,4,4
5386,3,1
5387,6,6
5388,4,4
5389,6,4
5390,6,6
5391,4,3
5392,3,2
5393,4,4
5394,5,0
5395,9,9
5396,6,6
5397,2,2
5398,2,2
5399,4,2
5400,1,1
5401,3,3
5402,4,2
5403,4,4
5404,4,2
5405,3,1
5406,2,2
5407,4,0
5408,3,2
5409,2,2
5410,4,4
5411,4,2
5412,4,4
5413,2,0
5414,3,3
5415,3,3
5416,2,2
5417,4,2
5418,2,2
5419,14,14
5420,4,4
5421,4,2
5422,2,0
5423,5,0
5424,3,2
5425,3,3
5426,4,0
5427,3,0
5428,1,0
5429,3,2
5430,1,1
5431,3,3
5432,4,4
5433,6,0
5434,3,1
5435,3,1
5436,1,1
5437,2,0
5438,2,2
5439,2,2
5440,9,9
5441,4,3
5442,3,3
5443,4,2
5444,2,1
5445,3,3
5446,4,4
5447,3,2
5448,6,6
5449,4,4
5450,14,14
5451,4,4
5452,14,14
5453,2,2
5454,2,2
5455,4,2
5456,4,2
5457,5,5
5458,4,2
5459,5,5
5460,4,4
5461,1,1
5462,1,1
5463,3,3
5464,3,1
5465,4,4
5466,3,3
5467,2,2
5468,2,2
5469,14,14
5470,3,3
5471,4,4
5472,2,2
5473,6,2
5474,4,0
5475,2,2
5476,2,2
5477,2,0
5478,2,0
5479,2,2
5480,2,1
5481,2,0
5482,6,4
5483,3,0
5484,6,4
5485,4,0
5486,1,1
5487,4,0
5488,4,2
5489,3,1
5490,4,4
5491,2,0
5492,3,0
5493,5,5
5494,6,6
5495,3,0
5496,4,2
5497,3,1
5498,2,2
5499,3,3
5500,4,2
5501,4,4
5502,6,4
5503,3,3
5504,2,1
5505,4,2
5506,6,6
5507,2,1
5508,2,0
5509,4,0
5510,1,1
5511,2,0
5512,2,2
5513,5,5
5514,2,2
5515,2,2
5516,5,4
5517,7,7
5518,2,2
5519,3,0
5520,7,7
5521,4,2
5522,2,1
5523,14,14
5524,8,8
5525,4,4
5526,2,0
5527,4,4
5528,6,4
5529,4,2
5530,4,4
5531,3,3
5532,5,5
5533,1,1
5534,3,2
5535,2,1
5536,1,1
5537,14,14
5538,5,1
5539,2,2
5540,5,0
5541,2,0
5542,2,1
5543,14,14
5544,2,2
5545,2,2
5546,2,0
5547,3,3
5548,1,1
5549,3,3
5550,3,3
5551,2,0
5552,2,2
5553,3,1
5554,4,4
5555,3,3
5556,2,1
5557,3,3
5558,3,0
5559,4,0
5560,1,1
5561,3,0
5562,3,3
5563,4,4
5564,2,2
5565,4,4
5566,8,8
5567,2,2
5568,3,3
5569,3,2
5570,4,3
5571,3,3
5572,6,2
5573,4,0
5574,4,0
5575,3,3
5576,4,4
5577,4,4
5578,2,0
5579,3,2
5580,2,2
5581,4,4
5582,5,0
5583,3,3
5584,2,2
5585,4,2
5586,2,0
5587,4,4
5588,3,1
5589,6,4
5590,3,3
5591,6,6
5592,3,3
5593,4,2
5594,4,0
5595,6,4
5596,3,0
5597,4,4
5598,3,1
5599,3,0
5600,4,0
5601,2,0
5602,2,2
5603,6,4
5604,1,1
5605,2,2
5606,2,2
5607,3,3
5608,2,0
5609,8,0
5610,6,0
5611,3,2
5612,2,2
5613,3,3
5614,4,4
5615,4,4
5616,3,3
5617,6,6
5618,2,2
5619,3,3
5620,4,4
5621,3,0
5622,2,1
5623,4,2
5624,4,4
5625,2,0
5626,3,0
5627,2,0
5628,3,0
5629,3,3
5630,3,1
5631,4,4
5632,4,4
5633,5,0
5634,4,4
5635,9,9
5636,3,3
5637,2,2
5638,2,2
5639,2,2
5640,1,1
5641,1,1
5642,2,2
5643,4,4
5644,6,6
5645,14,14
5646,4,4
5647,3,1
5648,4,4
5649,6,4
5650,5,5
5651,2,2
5652,4,4
5653,3,3
5654,4,4
5655,1,1
5656,2,2
5657,2,0
5658,3,3
5659,2,2
5660,3,3
5661,2,0
5662,2,2
5663,4,4
5664,14,14
5665,4,2
5666,3,3
5667,1,1
5668,14,14
5669,6,4
5670,2,1
5671,4,2
5672,3,3
5673,2,2
5674,4,4
5675,4,0
5676,4,4
5677,4,2
5678,4,4
5679,6,6
5680,4,2
5681,3,3
5682,2,0
5683,3,3
5684,3,3
5685,6,6
5686,1,1
5687,6,2
5688,4,2
5689,2,0
5690,3,1
5691,4,4
5692,2,0
5693,4,4
5694,3,2
5695,3,0
5696,5,5
5697,2,2
5698,4,4
5699,2,0
5700,5,5
5701,4,4
5702,3,0
5703,2,2
5704,2,0
5705,4,4
5706,2,2
5707,2,0
5708,3,2
5709,4,4
5710,4,4
5711,3,1
5712,3,1
5713,2,0
5714,4,4
5715,14,14
5716,14,14
5717,2,0
5718,2,2
5719,6,6
5720,4,0
5721,4,4
5722,4,2
5723,2,2
5724,2,0
5725,2,2
5726,4,0
5727,4,4
5728,4,2
5729,4,2
5730,6,0
5731,3,2
5732,2,1
5733,2,1
5734,1,1
5735,4,2
5736,3,2
5737,3,0
5738,3,0
5739,3,3
5740,4,0
5741,5,5
5742,4,4
5743,2,0
5744,4,2
5745,6,6
5746,3,0
5747,3,1
5748,2,2
5749,4,4
5750,2,0
5751,4,4
5752,4,2
5753,4,4
5754,2,2
5755,3,2
5756,3,3
5757,2,2
5758,4,4
5759,4,4
5760,2,0
5761,3,3
5762,3,3
5763,1,1
5764,2,1
5765,3,3
5766,2,0
5767,3,2
5768,2,2
5769,2,2
5770,3,2
5771,2,2
5772,8,8
5773,2,2
5774,3,2
5775,3,1
5776,6,6
5777,3,2
5778,3,2
5779,2,2
5780,2,2
5781,3,3
5782,3,2
5783,4,4
5784,4,4
5785,7,7
5786,3,0
5787,4,2
5788,2,2
5789,11,11
5790,2,2
5791,3,2
5792,3,1
5793,3,1
5794,2,0
5795,6,2
5796,4,2
5797,2,0
5798,3,1
5799,2,2
5800,4,4
5801,4,4
5802,4,3
5803,2,2
5804,4,1
5805,4,4
5806,4,2
5807,7,7
5808,3,0
5809,1,1
5810,4,4
5811,4,4
5812,4,2
5813,2,0
5814,5,0
5815,1,1
5816,4,4
5817,4,0
5818,2,2
5819,4,2
5820,6,6
5821,3,3
5822,4,2
5823,2,1
5824,3,3
5825,3,0
5826,2,2
5827,8,8
5828,4,4
5829,4,2
5830,4,4
5831,1,1
5832,3,3
5833,4,4
5834,2,0
5835,3,2
5836,4,4
5837,2,2
5838,4,4
5839,6,4
5840,3,3
5841,5,5
5842,4,4
5843,2,2
5844,1,1
5845,2,0
5846,6,4
5847,2,1
5848,5,5
5849,6,4
5850,4,3
5851,2,2
5852,4,4
5853,3,3
5854,2,2
5855,3,1
5856,4,4
5857,3,3
5858,3,3
5859,3,3
5860,2,0
5861,4,2
5862,3,1
5863,3,1
5864,4,0
5865,4,4
5866,4,2
5867,1,1
5868,3,3
5869,4,4
5870,3,0
5871,1,1
5872,6,4
5873,6,0
5874,5,5
5875,14,14
5876,4,4
5877,3,0
5878,3,3
5879,2,2
5880,2,2
5881,4,2
5882,2,2
5883,4,4
5884,4,4
5885,3,3
5886,2,2
5887,3,2
5888,4,4
5889,2,0
5890,4,2
5891,4,4
5892,2,2
5893,14,14
5894,4,4
5895,6,6
5896,6,6
5897,2,2
5898,7,7
5899,2,2
5900,14,14
5901,3,2
5902,4,2
5903,1,1
5904,2,0
5905,2,2
5906,14,14
5907,6,6
5908,4,4
5909,1,1
5910,2,2
5911,3,3
5912,2,2
5913,4,4
5914,4,2
5915,4,2
5916,2,2
5917,4,2
5918,4,4
5919,5,5
5920,4,0
5921,4,4
5922,6,4
5923,3,1
5924,3,1
5925,6,6
5926,1,0
5927,6,0
5928,4,2
5929,3,3
5930,14,14
5931,4,2
5932,4,4
5933,2,2
5934,3,3
5935,4,2
5936,3,1
5937,3,2
5938,2,0
5939,14,14
5940,2,2
5941,4,4
5942,6,4
5943,4,2
5944,2,0
5945,4,2
5946,9,9
5947,2,0
5948,4,4
5949,2,2
5950,4,0
5951,4,4
5952,4,0
5953,2,2
5954,2,2
5955,4,0
5956,4,4
5957,2,1
5958,6,4
5959,4,4
5960,2,2
5961,3,2
5962,2,2
5963,3,3
5964,3,3
5965,5,5
5966,1,1
5967,3,3
5968,3,3
5969,3,1
5970,1,1
5971,3,3
5972,3,3
5973,4,4
5974,2,0
5975,4,4
5976,5,3
5977,4,0
5978,4,4
5979,4,2
5980,3,1
5981,2,2
5982,2,2
5983,4,0
5984,1,1
5985,4,0
5986,2,1
5987,2,2
5988,3,0
5989,2,1
5990,2,0
5991,4,2
5992,6,6
5993,5,4
5994,3,3
5995,2,2
5996,4,0
5997,11,11
5998,4,4
5999,4,0
6000,3,0
6001,6,6
6002,3,3
6003,3,3
6004,4,4
6005,6,0
6006,9,9
6007,1,1
6008,7,7
6009,2,2
6010,2,2
6011,2,2
6012,4,4
6013,2,0
6014,4,0
6015,2,2
6016,3,3
6017,3,3
6018,2,2
6019,1,1
6020,2,2
6021,2,0
6022,4,4
6023,3,1
6024,4,0
6025,4,4
6026,4,4
6027,3,0
6028,4,0
6029,14,14
6030,2,2
6031,3,3
6032,4,4
6033,14,14
6034,4,4
6035,4,0
6036,6,2
6037,4,0
6038,14,14
6039,4,4
6040,6,6
6041,6,0
6042,4,0
6043,2,2
6044,14,14
6045,4,2
6046,3,0
6047,6,6
6048,2,2
6049,3,3
6050,3,1
6051,4,2
6052,3,3
6053,5,0
6054,2,2
6055,4,4
6056,3,0
6057,3,1
6058,4,2
6059,3,3
6060,2,2
6061,6,2
6062,2,2
6063,2,0
6064,1,1
6065,3,1
6066,4,4
6067,3,0
6068,4,4
6069,3,3
6070,2,2
6071,3,1
6072,9,9
6073,4,2
6074,3,2
6075,3,1
6076,1,1
6077,2,0
6078,1,1
6079,4,4
6080,5,0
6081,1,1
6082,4,0
6083,2,2
6084,3,3
6085,4,0
6086,2,2
6087,3,2
6088,4,4
6089,4,0
6090,2,2
6091,3,0
6092,1,1
6093,6,4
6094,4,4
6095,3,1
6096,2,1
6097,9,9
6098,1,1
6099,2,2
6100,2,2
6101,6,0
6102,3,3
6103,4,4
6104,3,3
6105,6,0
6106,6,6
6107,4,4
6108,4,4
6109,5,5
6110,3,3
6111,3,1
6112,2,0
6113,4,2
6114,2,0
6115,1,1
6116,4,4
6117,4,0
6118,4,2
6119,3,3
6120,4,0
6121,4,4
6122,4,4
6123,6,4
6124,4,2
6125,4,2
6126,4,4
6127,1,1
6128,3,1
6129,3,3
6130,6,6
6131,3,3
6132,2,2
6133,3,1
6134,14,14
6135,2,2
6136,4,0
6137,2,2
6138,4,2
6139,3,1
6140,3,2
6141,6,4
6142,2,2
6143,3,3
6144,2,1
6145,14,14
6146,4,0
6147,2,2
6148,14,14
6149,6,4
6150,2,2
6151,4,0
6152,2,2
6153,3,2
6154,3,0
6155,2,0
6156,3,1
6157,3,1
6158,3,3
6159,3,0
6160,6,4
6161,4,2
6162,2,0
6163,2,1
6164,4,4
6165,3,3
6166,4,2
6167,4,4
6168,1,1
6169,3,1
6170,2,2
6171,3,0
6172,2,2
6173,1,0
6174,6,2
6175,6,6
6176,3,3
6177,2,2
6178,2,2
6179,4,0
6180,4,4
6181,3,1
6182,3,1
6183,2,2
6184,4,4
6185,3,1
6186,2,0
6187,2,2
6188,2,1
6189,3,3
6190,3,0
6191,2,2
6192,4,2
6193,4,0
6194,4,0
6195,3,0
6196,3,2
6197,2,2
6198,2,1
6199,3,0
6200,3,3
6201,1,1
6202,5,5
6203,2,2
6204,3,0
6205,4,2
6206,6,4
6207,3,2
6208,3,2
6209,4,3
6210,4,2
6211,4,0
6212,3,0
6213,4,0
6214,4,1
6215,2,2
6216,3,0
6217,4,4
6218,4,2
6219,3,0
6220,1,1
6221,3,3
6222,3,3
6223,4,2
6224,2,0
6225,2,0
6226,1,1
6227,3,1
6228,3,2
6229,4,4
6230,4,0
6231,3,3
6232,3,3
6233,4,4
6234,14,14
6235,1,1
6236,4,2
6237,1,1
6238,2,2
6239,4,4
6240,4,4
6241,4,4
6242,3,3
6243,4,0
6244,2,2
6245,3,1
6246,2,2
6247,3,1
6248,4,0
6249,3,1
6250,4,0
6251,1,1
6252,6,4
6253,2,2
6254,6,0
6255,6,0
6256,3,1
6257,6,2
6258,2,0
6259,2,2
6260,4,4
6261,3,1
6262,2,2
6263,4,4
6264,5,3
6265,2,2
6266,6,4
6267,2,0
6268,4,0
6269,3,3
6270,4,4
6271,1,1
6272,4,4
6273,6,0
6274,2,0
6275,2,2
6276,3,0
6277,14,14
6278,4,4
6279,4,4
6280,1,1
6281,3,3
6282,3,1
6283,4,4
6284,2,0
6285,1,1
6286,4,4
6287,4,0
6288,2,2
6289,4,4
6290,4,3
6291,11,11
6292,4,2
6293,2,0
6294,2,0
6295,2,1
6296,3,0
6297,4,0
6298,2,2
6299,3,3
6300,4,4
6301,2,2
6302,2,2
6303,3,3
6304,4,4
6305,4,0
6306,4,4
6307,3,1
6308,2,1
6309,4,0
6310,4,4
6311,4,4
6312,2,2
6313,14,14
6314,6,0
6315,1,1
6316,2,2
6317,2,2
6318,4,4
6319,4,4
6320,5,5
6321,2,2
6322,4,4
6323,4,4
6324,4,4
6325,2,0
6326,4,4
6327,3,3
6328,4,4
6329,3,3
6330,6,2
6331,2,2
6332,4,4
6333,4,0
6334,4,4
6335,5,5
6336,1,1
6337,4,2
6338,4,4
6339,2,2
6340,4,2
6341,2,0
6342,6,0
6343,3,2
6344,2,2
6345,2,0
6346,3,1
6347,4,0
6348,5,4
6349,2,0
6350,7,7
6351,2,0
6352,2,0
6353,1,1
6354,2,2
6355,2,2
6356,2,2
6357,6,6
6358,2,2
6359,4,4
6360,2,2
6361,2,2
6362,4,2
6363,4,4
6364,4,4
6365,3,2
6366,2,2
6367,2,2
6368,4,4
6369,2,2
6370,4,4
6371,3,3
6372,14,14
6373,1,1
6374,4,4
6375,3,0
6376,3,0
6377,4,2
6378,4,0
6379,3,2
6380,3,2
6381,2,2
6382,2,2
6383,3,2
6384,2,0
6385,3,1
6386,11,11
6387,4,2
6388,4,0
6389,14,14
6390,4,2
6391,3,1
6392,4,4
6393,5,5
6394,1,1
6395,3,1
6396,3,1
6397,2,2
6398,4,0
6399,2,2
6400,4,0
6401,14,14
6402,4,4
6403,4,2
6404,5,0
6405,3,1
6406,3,0
6407,14,14
6408,3,0
6409,2,0
6410,3,0
6411,6,6
6412,5,5
6413,1,1
6414,1,0
6415,6,6
6416,5,5
6417,4,2
6418,3,3
6419,12,12
6420,2,2
6421,4,2
6422,3,2
6423,6,6
6424,3,2
6425,2,0
6426,4,1
6427,4,4
6428,4,2
6429,2,0
6430,4,4
6431,3,3
6432,2,2
6433,1,1
6434,3,1
6435,1,1
6436,4,2
6437,4,0
6438,4,0
6439,2,1
6440,2,2
6441,4,2
6442,3,3
6443,1,1
6444,2,2
6445,2,2
6446,4,4
6447,1,1
6448,3,1
6449,3,0
6450,3,0
6451,3,3
6452,14,14
6453,2,0
6454,4,0
6455,6,0
6456,3,3
6457,3,3
6458,14,14
6459,6,0
6460,4,0
6461,4,4
6462,2,2
6463,3,3
6464,2,2
6465,2,0
6466,6,6
6467,4,4
6468,2,2
6469,3,3
6470,4,2
6471,3,1
6472,9,9
6473,4,2
6474,9,9
6475,4,4
6476,6,0
6477,14,14
6478,4,4
6479,4,2
6480,2,0
6481,3,3
6482,4,2
6483,2,2
6484,3,3
6485,3,3
6486,3,0
6487,3,1
6488,2,2
6489,2,0
6490,3,3
6491,2,2
6492,2,0
6493,4,4
6494,4,4
6495,6,6
6496,5,5
6497,5,5
6498,2,1
6499,2,0
6500,4,4
6501,4,1
6502,6,4
6503,2,2
6504,4,2
6505,4,1
6506,4,4
6507,3,1
6508,1,1
6509,2,0
6510,4,4
6511,5,5
6512,3,0
6513,3,0
6514,6,4
6515,1,0
6516,3,2
6517,6,4
6518,4,4
6519,1,1
6520,2,2
6521,3,3
6522,2,0
6523,4,4
6524,1,1
6525,1,1
6526,3,3
6527,3,3
6528,3,2
6529,2,2
6530,2,2
6531,3,3
6532,4,4
6533,2,0
6534,6,6
6535,3,2
6536,3,0
6537,6,6
6538,14,14
6539,8,8
6540,6,0
6541,2,1
6542,2,2
6543,3,3
6544,1,1
6545,9,9
6546,4,0
6547,4,1
6548,1,1
6549,4,0
6550,4,0
6551,2,2
6552,4,2
6553,2,2
6554,4,4
6555,3,3
6556,6,4
6557,4,4
6558,1,1
6559,3,0
6560,3,2
6561,5,5
6562,3,3
6563,6,6
6564,4,4
6565,5,0
6566,6,4
6567,2,0
6568,6,4
6569,4,4
6570,3,1
6571,3,1
6572,4,2
6573,4,0
6574,2,2
6575,14,14
6576,3,0
6577,2,0
6578,2,2
6579,4,4
6580,4,4
6581,2,0
6582,4,4
6583,2,2
6584,4,4
6585,4,4
6586,2,2
6587,4,2
6588,14,14
6589,6,4
6590,6,6
6591,3,2
6592,4,0
6593,4,2
6594,2,2
6595,3,1
6596,4,2
6597,2,2
6598,6,4
6599,2,0
6600,3,3
6601,3,3
6602,3,1
6603,1,1
6604,1,1
6605,3,0
6606,4,4
6607,4,2
6608,2,2
6609,3,3
6610,2,2
6611,3,3
6612,14,14
6613,2,0
6614,3,1
6615,4,0
6616,5,5
6617,6,2
6618,2,0
6619,4,4
6620,1,1
6621,5,5
6622,4,4
6623,4,4
6624,5,5
6625,6,0
6626,3,1
6627,14,14
6628,4,4
6629,2,0
6630,2,2
6631,2,1
6632,1,1
6633,1,1
6634,4,4
6635,4,3
6636,4,4
6637,3,3
6638,2,2
6639,1,1
6640,4,2
6641,6,6
6642,2,0
6643,6,2
6644,6,6
6645,6,6
6646,3,3
6647,2,2
6648,6,6
6649,1,1
6650,2,0
6651,3,1
6652,2,0
6653,2,0
6654,1,1
6655,4,2
6656,2,1
6657,1,1
6658,4,4
6659,3,2
6660,4,2
6661,2,2
6662,2,0
6663,1,1
6664,4,4
6665,6,6
6666,3,3
6667,4,2
6668,2,2
6669,3,2
6670,4,1
6671,4,4
6672,4,4
6673,3,3
6674,4,4
6675,4,0
6676,3,0
6677,3,1
6678,4,0
6679,3,3
6680,4,2
6681,3,0
6682,4,0
6683,2,2
6684,4,4
6685,2,2
6686,4,0
6687,4,2
6688,4,4
6689,2,2
6690,2,2
6691,6,0
6692,2,2
6693,2,2
6694,4,0
6695,4,4
6696,4,4
6697,4,4
6698,4,4
6699,7,7
6700,2,2
6701,4,2
6702,4,4
6703,6,6
6704,3,1
6705,2,0
6706,3,1
6707,3,3
6708,2,0
6709,2,2
6710,6,0
6711,3,2
6712,2,0
6713,2,2
6714,3,3
6715,3,2
6716,4,0
6717,2,1
6718,4,4
6719,2,2
6720,3,3
6721,2,2
6722,4,2
6723,3,1
6724,2,2
6725,4,2
6726,4,2
6727,3,1
6728,3,3
6729,4,4
6730,2,2
6731,3,2
6732,3,0
6733,4,1
6734,2,2
6735,4,4
6736,4,4
6737,4,2
6738,6,4
6739,3,3
6740,3,3
6741,4,4
6742,2,1
6743,4,2
6744,2,2
6745,4,4
6746,4,4
6747,4,4
6748,6,6
6749,2,2
6750,3,2
6751,4,0
6752,3,0
6753,6,6
6754,1,1
6755,5,5
6756,3,3
6757,5,4
6758,4,2
6759,6,0
6760,4,2
6761,2,2
6762,3,2
6763,4,0
6764,3,3
6765,4,0
6766,3,3
6767,4,2
6768,4,4
6769,4,2
6770,4,1
6771,4,4
6772,4,4
6773,4,4
6774,4,4
6775,6,4
6776,2,2
6777,5,5
6778,4,3
6779,6,4
6780,2,2
6781,3,1
6782,6,4
6783,4,4
6784,6,4
6785,3,0
6786,2,2
6787,4,4
6788,2,2
6789,4,0
6790,3,1
6791,2,2
6792,2,2
6793,3,3
6794,6,4
6795,2,2
6796,4,4
6797,3,3
6798,4,4
6799,14,14
6800,4,2
6801,2,1
6802,3,0
6803,2,0
6804,3,0
6805,3,3
6806,2,0
6807,3,3
6808,4,4
6809,2,2
6810,5,4
6811,4,4
6812,2,2
6813,4,4
6814,5,5
6815,1,1
6816,6,6
6817,4,3
6818,4,4
6819,5,5
6820,3,1
6821,3,2
6822,6,4
6823,3,3
6824,4,4
6825,4,4
6826,4,0
6827,9,9
6828,14,14
6829,4,0
6830,2,2
6831,2,2
6832,4,2
6833,1,0
6834,4,2
6835,4,2
6836,2,2
6837,2,2
6838,6,6
6839,1,1
6840,3,3
6841,2,2
6842,2,2
6843,4,2
6844,4,4
6845,4,0
6846,3,0
6847,2,2
6848,6,6
6849,4,2
6850,3,3
6851,4,1
6852,1,1
6853,3,0
6854,3,3
6855,4,2
6856,2,0
6857,1,1
6858,3,3
6859,4,2
6860,2,0
6861,14,14
6862,4,4
6863,3,3
6864,5,2
6865,2,2
6866,4,4
6867,3,3
6868,5,1
6869,4,4
6870,3,1
6871,4,2
6872,4,4
6873,1,1
6874,3,3
6875,4,0
6876,4,4
6877,14,14
6878,4,4
6879,3,0
6880,3,1
6881,3,1
6882,3,1
6883,4,4
6884,4,4
6885,2,2
6886,4,4
6887,4,4
6888,8,8
6889,1,1
6890,4,4
6891,14,14
6892,1,1
6893,4,4
6894,3,1
6895,2,0
6896,14,14
6897,5,5
6898,4,2
6899,2,2
6900,6,6
6901,2,2
6902,4,0
6903,3,3
6904,4,0
6905,4,1
6906,3,3
6907,2,2
6908,4,2
6909,2,2
6910,5,5
6911,1,1
6912,2,2
6913,3,3
6914,2,1
6915,1,1
6916,2,1
6917,3,3
6918,4,4
6919,4,4
6920,4,4
6921,4,4
6922,3,3
6923,3,3
6924,4,4
6925,4,0
6926,2,2
6927,4,4
6928,4,2
6929,3,0
6930,2,1
6931,8,0
6932,4,2
6933,1,1
6934,14,14
6935,7,7
6936,4,3
6937,1,1
6938,6,0
6939,3,3
6940,1,0
6941,4,0
6942,6,4
6943,6,0
6944,3,1
6945,2,2
6946,5,5
6947,2,2
6948,6,6
6949,3,1
6950,3,0
6951,2,0
6952,4,0
6953,3,0
6954,2,2
6955,3,3
6956,2,0
6957,3,1
6958,4,4
6959,4,2
6960,3,3
6961,3,0
6962,6,6
6963,4,2
6964,2,2
6965,2,2
6966,2,2
6967,2,2
6968,3,3
6969,3,1
6970,3,2
6971,4,2
6972,2,0
6973,4,0
6974,4,4
6975,3,0
6976,6,0
6977,4,0
6978,4,4
6979,4,4
6980,5,3
6981,5,5
6982,4,2
6983,3,0
6984,2,2
6985,4,2
6986,2,0
6987,4,0
6988,3,0
6989,4,4
6990,2,0
6991,2,1
6992,4,4
6993,4,4
6994,3,3
6995,2,2
6996,4,4
6997,4,4
6998,4,2
6999,3,0
7000,4,1
7001,2,0
7002,2,0
7003,6,4
7004,2,2
7005,4,2
7006,3,1
7007,4,4
7008,3,1
7009,2,2
7010,3,2
7011,4,4
7012,4,4
7013,2,2
7014,3,3
7015,4,4
7016,3,3
7017,4,4
7018,3,1
7019,2,0
7020,2,2
7021,3,2
7022,3,0
7023,3,3
7024,2,2
7025,2,2
7026,3,3
7027,4,4
7028,2,0
7029,3,3
7030,3,1
7031,5,5
7032,4,4
7033,2,0
7034,4,0
7035,2,2
7036,6,0
7037,4,4
7038,5,5
7039,2,2
7040,9,9
7041,4,0
7042,1,1
7043,6,0
7044,4,4
7045,6,6
7046,2,2
7047,1,1
7048,3,3
7049,4,4
7050,3,0
7051,6,2
7052,3,3
7053,4,2
7054,4,2
7055,2,2
7056,2,1
7057,3,3
7058,3,2
7059,6,0
7060,2,2
7061,2,2
7062,2,2
7063,4,2
7064,4,4
7065,5,5
7066,2,2
7067,3,0
7068,4,4
7069,3,3
7070,3,0
7071,2,2
7072,4,0
7073,4,2
7074,2,2
7075,3,2
7076,2,2
7077,4,2
7078,1,1
7079,7,7
7080,3,3
7081,4,4
7082,2,1
7083,4,4
7084,2,2
7085,2,1
7086,3,3
7087,7,7
7088,2,2
7089,1,1
7090,1,1
7091,4,4
7092,3,0
7093,4,4
7094,4,0
7095,3,1
7096,2,2
7097,4,0
7098,2,2
7099,5,0
7100,4,4
7101,14,14
7102,4,0
7103,2,1
7104,4,0
7105,3,3
7106,3,3
7107,2,2
7108,3,3
7109,4,2
7110,2,2
7111,3,3
7112,2,0
7113,2,0
7114,5,5
7115,4,0
7116,6,0
7117,2,0
7118,3,3
7119,3,3
7120,4,4
7121,3,1
7122,2,2
7123,4,4
7124,3,2
7125,2,2
7126,2,2
7127,2,2
7128,6,4
7129,4,0
7130,4,4
7131,4,4
7132,4,4
7133,3,3
7134,7,7
7135,3,3
7136,2,0
7137,4,4
7138,2,1
7139,3,3
7140,4,0
7141,3,2
7142,2,2
7143,4,2
7144,3,3
7145,2,2
7146,4,4
7147,3,0
7148,2,2
7149,3,3
7150,1,1
7151,2,0
7152,14,14
7153,4,1
7154,2,2
7155,4,0
7156,3,3
7157,2,2
7158,2,1
7159,3,3
7160,4,4
7161,2,2
7162,1,1
7163,3,3
7164,3,1
7165,2,2
7166,3,3
7167,6,2
7168,4,4
7169,4,2
7170,3,1
7171,2,0
7172,3,3
7173,3,1
7174,2,2
7175,4,4
7176,4,4
7177,14,14
7178,7,7
7179,6,0
7180,8,0
7181,3,0
7182,1,1
7183,4,2
7184,3,3
7185,3,1
7186,2,0
7187,4,4
7188,4,4
7189,4,2
7190,3,1
7191,14,14
7192,14,14
7193,3,0
7194,2,2
7195,2,2
7196,2,0
7197,5,5
7198,2,2
7199,6,0
7200,4,4
7201,3,2
7202,3,0
7203,4,4
7204,3,3
7205,3,1
7206,4,0
7207,4,2
7208,4,4
7209,3,3
7210,3,0
7211,3,1
7212,1,1
7213,6,4
7214,1,1
7215,5,5
7216,2,2
7217,3,3
7218,3,3
7219,2,2
7220,3,2
7221,4,4
7222,2,2
7223,3,1
7224,4,0
7225,4,4
7226,2,2
7227,2,0
7228,1,1
7229,3,3
7230,4,4
7231,4,4
7232,2,2
7233,4,4
7234,6,6
7235,2,2
7236,4,2
7237,6,4
7238,3,3
7239,4,4
7240,4,0
7241,4,1
7242,3,1
7243,2,0
7244,2,0
7245,4,4
7246,4,4
7247,2,2
7248,4,2
7249,3,3
7250,2,2
7251,4,2
7252,2,2
7253,4,4
7254,1,1
7255,4,2
7256,4,0
7257,2,0
7258,2,2
7259,5,5
7260,4,4
7261,1,1
7262,4,4
7263,3,1
7264,2,2
7265,4,4
7266,3,3
7267,2,0
7268,4,4
7269,4,2
7270,4,4
7271,6,0
7272,2,2
7273,3,3
7274,4,2
7275,5,0
7276,3,1
7277,4,4
7278,2,2
7279,3,0
7280,6,4
7281,3,3
7282,4,4
7283,2,1
7284,2,2
7285,2,2
7286,2,2
7287,4,4
7288,2,0
7289,3,1
7290,2,1
7291,4,4
7292,2,2
7293,4,4
7294,4,2
7295,3,3
7296,5,1
7297,3,3
7298,4,4
7299,2,1
7300,2,2
7301,4,0
7302,2,2
7303,4,4
7304,2,2
7305,2,2
7306,4,2
7307,3,1
7308,2,1
7309,2,2
7310,1,1
7311,3,1
7312,4,3
7313,2,0
7314,2,2
7315,14,14
7316,3,2
7317,4,4
7318,3,2
7319,4,2
7320,3,0
7321,6,0
7322,2,2
7323,3,0
7324,3,3
7325,5,0
7326,4,2
7327,3,1
7328,3,3
7329,5,5
7330,4,2
7331,4,0
7332,4,4
7333,4,4
7334,3,3
7335,2,0
7336,4,2
7337,2,2
7338,6,6
7339,4,0
7340,5,0
7341,6,4
7342,3,3
7343,4,0
7344,4,4
7345,2,2
7346,4,0
7347,3,3
7348,4,4
7349,4,2
7350,1,1
7351,1,1
7352,6,4
7353,4,2
7354,2,2
7355,3,3
7356,1,1
7357,3,2
7358,3,3
7359,4,4
7360,4,4
7361,1,1
7362,4,0
7363,4,0
7364,2,2
7365,2,2
7366,4,4
7367,3,3
7368,3,3
7369,4,0
7370,2,2
7371,2,2
7372,6,4
7373,4,0
7374,4,4
7375,2,2
7376,4,2
7377,1,1
7378,4,2
7379,2,2
7380,2,2
7381,1,1
7382,1,1
7383,2,2
7384,4,2
7385,1,1
7386,14,14
7387,4,0
7388,3,0
7389,3,1
7390,3,3
7391,4,2
7392,2,2
7393,4,2
7394,6,6
7395,4,2
7396,3,3
7397,3,1
7398,3,0
7399,3,3
7400,4,4
7401,3,3
7402,4,4
7403,2,2
7404,6,0
7405,4,2
7406,1,1
7407,3,0
7408,2,2
7409,1,0
7410,3,3
7411,3,1
7412,3,2
7413,3,0
7414,4,4
7415,4,4
7416,14,14
7417,4,2
7418,1,1
7419,3,0
7420,4,2
7421,1,1
7422,4,2
7423,4,0
7424,3,2
7425,4,4
7426,14,14
7427,4,4
7428,1,1
7429,4,2
7430,2,2
7431,2,2
7432,4,4
7433,4,2
7434,4,4
7435,3,3
7436,14,14
7437,2,2
7438,4,4
7439,3,1
7440,4,4
7441,6,0
7442,3,3
7443,3,2
7444,4,4
7445,4,2
7446,3,1
7447,6,4
7448,2,0
7449,2,0
7450,4,4
7451,4,2
7452,5,0
7453,3,2
7454,6,6
7455,1,1
7456,3,1
7457,4,4
7458,4,4
7459,2,2
7460,3,3
7461,2,0
7462,4,2
7463,2,2
7464,2,2
7465,2,2
7466,4,4
7467,2,2
7468,2,0
7469,3,3
7470,3,1
7471,4,4
7472,4,0
7473,3,1
7474,2,2
7475,3,3
7476,2,0
7477,4,4
7478,3,3
7479,2,0
7480,4,2
7481,3,3
7482,4,4
7483,4,4
7484,4,2
7485,2,2
7486,4,0
7487,6,6
7488,5,5
7489,4,2
7490,4,4
7491,1,1
7492,2,2
7493,3,1
7494,4,2
7495,4,0
7496,4,4
7497,1,1
7498,2,0
7499,2,0
7500,4,2
7501,2,2
7502,2,2
7503,6,6
7504,4,0
7505,3,3
7506,6,4
7507,6,6
7508,2,0
7509,4,4
7510,2,2
7511,7,7
7512,3,3
7513,1,1
7514,4,4
7515,4,2
7516,4,2
7517,2,2
7518,4,4
7519,4,4
7520,4,4
7521,2,2
7522,3,2
7523,6,4
7524,2,0
7525,4,1
7526,4,2
7527,4,2
7528,4,0
7529,3,1
7530,3,3
7531,6,0
7532,6,2
7533,5,5
7534,3,2
7535,4,2
7536,6,2
7537,3,3
7538,4,2
7539,4,2
7540,3,1
7541,5,5
7542,4,0
7543,6,6
7544,4,2
7545,14,14
7546,2,0
7547,8,8
7548,6,4
7549,2,0
7550,2,2
7551,5,5
7552,3,3
7553,3,0
7554,2,1
7555,2,2
7556,4,0
7557,14,14
7558,4,4
7559,4,4
7560,4,0
7561,3,1
7562,6,4
7563,3,3
7564,1,1
7565,3,0
7566,4,4
7567,4,0
7568,2,2
7569,4,2
7570,2,2
7571,3,2
7572,3,3
7573,2,0
7574,4,2
7575,3,3
7576,2,2
7577,4,2
7578,2,2
7579,8,0
7580,4,0
7581,4,4
7582,4,4
7583,2,2
7584,6,4
7585,2,2
7586,3,2
7587,2,1
7588,3,0
7589,2,2
7590,14,14
7591,6,4
7592,2,2
7593,1,1
7594,3,0
7595,2,0
7596,2,2
7597,4,2
7598,4,4
7599,3,1
7600,4,4
7601,1,1
7602,2,2
7603,3,2
7604,2,2
7605,14,14
7606,1,0
7607,3,3
7608,4,4
7609,4,4
7610,3,1
7611,3,2
7612,2,2
7613,4,2
7614,3,1
7615,4,4
7616,4,4
7617,6,4
7618,6,4
7619,4,2
7620,6,6
7621,4,4
7622,6,4
7623,4,4
7624,4,4
7625,3,1
7626,2,2
7627,4,4
7628,4,2
7629,4,4
7630,14,14
7631,3,3
7632,6,4
7633,5,5
7634,3,0
7635,3,3
7636,2,0
7637,6,2
7638,2,2
7639,5,5
7640,6,0
7641,4,4
7642,4,0
7643,4,4
7644,6,2
7645,3,3
7646,4,0
7647,4,4
7648,1,1
7649,2,1
7650,6,4
7651,4,4
7652,4,4
7653,2,2
7654,2,2
7655,6,6
7656,2,2
7657,3,1
7658,3,3
7659,2,2
7660,6,6
7661,3,0
7662,3,1
7663,4,4
7664,3,3
7665,4,2
7666,4,0
7667,6,4
7668,2,2
7669,4,4
7670,1,1
7671,2,2
7672,3,1
7673,6,6
7674,2,2
7675,3,3
7676,6,4
7677,4,2
7678,3,1
7679,3,3
7680,5,5
7681,1,1
7682,4,4
7683,4,4
7684,3,3
7685,6,6
7686,6,0
7687,2,2
7688,2,2
7689,3,2
7690,2,2
7691,3,2
7692,2,2
7693,4,0
7694,4,4
7695,4,2
7696,4,2
7697,4,0
7698,4,4
7699,6,6
7700,3,3
7701,1,0
7702,6,2
7703,4,4
7704,4,2
7705,4,4
7706,5,1
7707,2,0
7708,4,0
7709,1,1
7710,2,0
7711,2,2
7712,2,2
7713,4,0
7714,3,1
7715,3,3
7716,4,0
7717,3,0
7718,4,4
7719,2,2
7720,1,1
7721,2,2
7722,2,2
7723,4,2
7724,3,2
7725,4,4
7726,1,1
7727,4,4
7728,4,4
7729,6,6
7730,5,5
7731,4,4
7732,2,2
7733,2,2
7734,8,0
7735,1,1
7736,6,2
7737,2,2
7738,4,4
7739,4,4
7740,4,4
7741,2,1
7742,5,5
7743,4,4
7744,4,4
7745,3,0
7746,2,2
7747,1,1
7748,4,2
7749,3,0
7750,2,0
7751,3,1
7752,1,1
7753,6,4
7754,2,2
7755,3,1
7756,2,2
7757,2,0
7758,4,2
7759,3,2
7760,3,1
7761,4,4
7762,3,0
7763,2,2
7764,3,1
7765,4,2
7766,4,4
7767,3,3
7768,1,1
7769,6,6
7770,4,4
7771,3,2
7772,2,2
7773,3,2
7774,1,1
7775,4,4
7776,4,4
7777,6,4
7778,2,1
7779,2,2
7780,4,4
7781,4,4
7782,1,1
7783,4,4
7784,2,2
7785,2,2
7786,5,2
7787,3,0
7788,6,4
7789,2,2
7790,4,2
7791,14,14
7792,4,4
7793,4,4
7794,6,4
7795,3,3
7796,4,4
7797,14,14
7798,6,2
7799,3,1
7800,3,1
7801,3,1
7802,2,2
7803,3,3
7804,4,0
7805,5,5
7806,4,4
7807,4,0
7808,1,1
7809,3,1
7810,6,4
7811,3,3
7812,6,6
7813,4,4
7814,3,3
7815,2,2
7816,4,4
7817,3,2
7818,3,1
7819,4,2
7820,6,6
7821,4,4
7822,2,0
7823,3,3
7824,6,4
7825,4,2
7826,5,5
7827,2,0
7828,4,2
7829,4,4
7830,5,1
7831,3,1
7832,6,4
7833,4,4
7834,4,4
7835,4,4
7836,4,4
7837,4,4
7838,3,2
7839,4,4
7840,3,2
7841,2,0
7842,6,6
7843,2,0
7844,2,2
7845,3,0
7846,2,2
7847,6,4
7848,4,3
7849,3,1
7850,4,4
7851,2,2
7852,2,2
7853,1,0
7854,4,4
7855,2,2
7856,6,6
7857,3,3
7858,4,2
7859,6,4
7860,4,2
7861,4,2
7862,4,2
7863,4,2
7864,4,2
7865,4,4
7866,4,4
7867,2,2
7868,3,3
7869,3,3
7870,4,1
7871,4,4
7872,3,0
7873,4,4
7874,2,2
7875,3,1
7876,2,2
7877,2,0
7878,3,0
7879,3,0
7880,3,3
7881,3,3
7882,2,2
7883,2,2
7884,3,0
7885,2,2
7886,3,3
7887,2,2
7888,4,4
7889,4,4
7890,3,1
7891,4,4
7892,1,0
7893,3,3
7894,6,6
7895,6,0
7896,3,0
7897,4,4
7898,2,2
7899,5,3
7900,4,4
7901,4,4
7902,4,4
7903,4,2
7904,2,2
7905,2,1
7906,4,2
7907,2,2
7908,2,0
7909,2,2
7910,5,4
7911,3,2
7912,6,2
7913,2,0
7914,5,5
7915,4,2
7916,2,2
7917,4,4
7918,2,0
7919,3,3
7920,4,4
7921,4,4
7922,4,2
7923,14,14
7924,14,14
7925,4,0
7926,4,1
7927,3,3
7928,4,4
7929,4,0
7930,3,2
7931,4,2
7932,3,0
7933,2,2
7934,3,2
7935,1,1
7936,2,2
7937,3,3
7938,2,2
7939,3,0
7940,3,0
7941,2,0
7942,4,2
7943,3,2
7944,4,0
7945,4,4
7946,6,2
7947,4,2
7948,5,0
7949,4,4
7950,4,2
7951,1,1
7952,2,2
7953,4,0
7954,4,2
7955,4,4
7956,6,4
7957,4,0
7958,3,0
7959,3,3
7960,2,2
7961,6,6
7962,2,0
7963,3,0
7964,4,0
7965,2,2
7966,3,3
7967,3,2
7968,2,2
7969,6,0
7970,6,6
7971,3,3
7972,4,2
7973,3,3
7974,2,2
7975,4,4
7976,4,0
7977,3,3
7978,4,4
7979,4,4
7980,3,1
7981,5,5
7982,2,2
7983,6,6
7984,3,3
7985,2,2
7986,6,4
7987,3,0
7988,3,3
7989,4,4
7990,14,14
7991,3,0
7992,5,5
7993,4,4
7994,1,1
7995,8,8
7996,4,0
7997,6,4
7998,4,4
7999,3,0
8000,2,2
8001,2,1
8002,4,4
8003,3,3
8004,3,2
8005,4,2
8006,5,3
8007,4,2
8008,6,6
8009,3,3
8010,2,2
8011,6,6
8012,3,1
8013,3,1
8014,1,1
8015,9,9
8016,2,2
8017,3,0
8018,4,4
8019,4,2
8020,2,2
8021,2,2
8022,4,3
8023,4,0
8024,4,4
8025,4,2
8026,4,0
8027,4,2
8028,4,4
8029,4,4
8030,3,3
8031,4,2
8032,1,1
8033,4,2
8034,6,4
8035,3,0
8036,4,4
8037,2,2
8038,2,2
8039,2,0
8040,4,4
8041,2,0
8042,4,4
8043,4,4
8044,2,2
8045,14,14
8046,3,0
8047,1,1
8048,2,2
8049,2,0
8050,3,0
8051,3,2
8052,2,0
8053,2,2
8054,1,1
8055,3,3
8056,6,0
8057,2,2
8058,2,2
8059,4,4
8060,4,4
8061,2,2
8062,3,3
8063,14,14
8064,2,2
8065,6,4
8066,14,14
8067,2,2
8068,6,4
8069,4,2
8070,4,4
8071,2,0
8072,3,3
8073,3,0
8074,4,4
8075,3,1
8076,8,8
8077,2,2
8078,2,2
8079,4,4
8080,2,2
8081,2,2
8082,6,2
8083,4,4
8084,2,2
8085,2,2
8086,14,14
8087,2,2
8088,2,1
8089,4,4
8090,2,2
8091,2,0
8092,2,2
8093,14,14
8094,3,3
8095,3,0
8096,2,2
8097,3,0
8098,4,4
8099,1,1
8100,1,1
8101,5,5
8102,4,2
8103,2,2
8104,3,1
8105,2,2
8106,6,6
8107,6,4
8108,4,4
8109,4,2
8110,1,1
8111,4,4
8112,2,0
8113,5,5
8114,4,4
8115,5,5
8116,2,2
8117,4,4
8118,3,1
8119,3,1
8120,2,1
8121,2,2
8122,8,8
8123,4,4
8124,4,4
8125,3,1
8126,2,2
8127,4,4
8128,4,2
8129,2,1
8130,4,4
8131,2,0
8132,4,2
8133,2,2
8134,4,4
8135,5,5
8136,3,3
8137,3,3
8138,3,2
8139,4,0
8140,4,2
8141,2,1
8142,1,1
8143,4,2
8144,1,1
8145,2,2
8146,3,2
8147,4,4
8148,2,1
8149,7,7
8150,2,2
8151,14,14
8152,2,2
8153,3,3
8154,1,1
8155,5,5
8156,4,0
8157,4,2
8158,4,4
8159,5,5
8160,14,14
8161,4,4
8162,5,0
8163,4,2
8164,6,4
8165,3,3
8166,6,4
8167,4,4
8168,4,2
8169,4,0
8170,4,2
8171,6,4
8172,4,2
8173,4,4
8174,1,1
8175,3,3
8176,4,2
8177,4,4
8178,3,3
8179,1,0
8180,2,2
8181,3,0
8182,6,6
8183,5,5
8184,3,0
8185,3,3
8186,2,0
8187,3,3
8188,3,2
8189,3,3
8190,3,3
8191,2,2
8192,3,1
8193,2,2
8194,3,3
8195,6,4
8196,4,0
8197,2,2
8198,4,4
8199,6,0
8200,14,14
8201,2,2
8202,6,0
8203,4,0
8204,2,0
8205,1,1
8206,1,1
8207,1,1
8208,4,4
8209,3,0
8210,3,3
8211,4,0
8212,6,0
8213,3,1
8214,2,0
8215,4,2
8216,3,2
8217,14,14
8218,4,2
8219,4,4
8220,4,2
8221,4,2
8222,14,14
8223,4,4
8224,4,4
8225,2,2
8226,4,4
8227,4,2
8228,4,2
8229,2,0
8230,6,6
8231,6,0
8232,4,2
8233,4,2
8234,4,2
8235,4,4
8236,6,4
8237,6,2
8238,9,9
8239,5,4
8240,2,2
8241,5,5
8242,4,2
8243,3,3
8244,1,1
8245,3,0
8246,2,0
8247,4,2
8248,3,2
8249,2,2
8250,2,2
8251,3,2
8252,2,0
8253,4,4
8254,3,3
8255,1,1
8256,6,4
8257,2,0
8258,3,3
8259,4,2
8260,6,6
8261,6,4
8262,2,0
8263,4,0
8264,4,4
8265,2,2
8266,3,0
8267,3,2
8268,3,1
8269,3,3
8270,4,4
8271,3,3
8272,6,6
8273,2,1
8274,2,2
8275,6,6
8276,1,0
8277,2,2
8278,4,3
8279,6,0
8280,4,2
8281,2,2
8282,3,1
8283,1,1
8284,3,3
8285,2,2
8286,2,2
8287,2,1
8288,3,2
8289,2,2
8290,2,2
8291,3,0
8292,3,0
8293,4,4
8294,4,0
8295,3,3
8296,3,2
8297,3,3
8298,2,2
8299,2,0
8300,2,2
8301,6,6
8302,2,0
8303,2,2
8304,3,3
8305,2,2
8306,4,2
8307,6,4
8308,5,4
8309,6,6
8310,1,1
8311,4,4
8312,4,4
8313,4,4
8314,3,3
8315,2,0
8316,4,0
8317,3,3
8318,4,0
8319,3,2
8320,3,3
8321,2,2
8322,4,4
8323,4,4
8324,2,2
8325,3,0
8326,4,3
8327,2,2
8328,4,0
8329,2,2
8330,3,3
8331,3,1
8332,6,0
8333,14,14
8334,5,4
8335,4,2
8336,4,4
8337,6,4
8338,2,0
8339,4,0
8340,4,4
8341,3,1
8342,2,2
8343,3,1
8344,4,2
8345,4,0
8346,4,0
8347,3,3
8348,4,4
8349,1,1
8350,4,0
8351,2,2
8352,2,2
8353,5,5
8354,4,4
8355,3,3
8356,4,2
8357,3,1
8358,4,2
8359,4,2
8360,4,2
8361,4,2
8362,2,2
8363,3,3
8364,4,2
8365,2,1
8366,4,4
8367,4,2
8368,3,2
8369,4,2
8370,4,4
8371,2,0
8372,6,0
8373,3,3
8374,4,4
8375,3,3
8376,4,4
8377,4,4
8378,4,4
8379,4,4
8380,3,1
8381,2,2
8382,3,3
8383,6,4
8384,4,4
8385,3,3
8386,2,2
8387,3,2
8388,4,2
8389,2,1
8390,2,2
8391,2,2
8392,4,2
8393,2,2
8394,14,14
8395,3,3
8396,4,4
8397,5,1
8398,3,1
8399,4,4
8400,4,4
8401,5,3
8402,4,4
8403,2,2
8404,4,2
8405,3,1
8406,4,2
8407,2,1
8408,3,0
8409,1,1
8410,3,1
8411,14,14
8412,6,6
8413,1,1
8414,3,1
8415,6,6
8416,14,14
8417,3,2
8418,5,0
8419,4,0
8420,2,0
8421,6,4
8422,3,3
8423,4,0
8424,2,2
8425,4,4
8426,2,2
8427,2,1
8428,2,2
8429,4,4
8430,3,0
8431,4,4
8432,4,4
8433,2,2
8434,14,14
8435,14,14
8436,2,2
8437,2,0
8438,4,4
8439,2,0
8440,2,2
8441,14,14
8442,4,4
8443,1,1
8444,2,2
8445,4,4
8446,4,4
8447,3,2
8448,2,2
8449,4,4
8450,5,5
8451,8,8
8452,2,2
8453,1,0
8454,4,0
8455,3,3
8456,3,3
8457,3,1
8458,3,3
8459,2,2
8460,2,1
8461,1,1
8462,4,4
8463,6,2
8464,6,4
8465,5,0
8466,4,0
8467,4,4
8468,4,4
8469,4,2
8470,3,1
8471,4,4
8472,5,0
8473,3,3
8474,4,4
8475,3,1
8476,4,2
8477,2,2
8478,4,4
8479,3,3
8480,3,3
8481,4,4
8482,2,2
8483,2,0
8484,4,2
8485,3,3
8486,2,2
8487,2,1
8488,2,2
8489,2,2
8490,14,14
8491,3,1
8492,6,6
8493,2,2
8494,3,3
8495,2,2
8496,1,1
8497,3,0
8498,2,2
8499,6,0
8500,1,1
8501,4,4
8502,4,2
8503,2,2
8504,4,4
8505,1,1
8506,5,0
8507,4,4
8508,3,0
8509,3,3
8510,6,2
8511,4,4
8512,1,1
8513,4,4
8514,14,14
8515,2,2
8516,3,3
8517,2,2
8518,4,0
8519,2,2
8520,1,1
8521,1,1
8522,4,4
8523,5,5
8524,14,14
8525,4,2
8526,1,1
8527,4,2
8528,3,3
8529,5,3
8530,2,2
8531,2,1
8532,4,0
8533,3,1
8534,3,0
8535,4,2
8536,4,2
8537,4,2
8538,4,2
8539,3,0
8540,2,2
8541,3,2
8542,3,1
8543,3,3
8544,3,1
8545,4,0
8546,6,6
8547,4,2
8548,3,3
8549,4,2
8550,3,3
8551,3,0
8552,3,2
8553,2,0
8554,1,1
8555,3,0
8556,4,4
8557,2,1
8558,2,2
8559,2,0
8560,3,1
8561,3,3
8562,2,0
8563,3,1
8564,3,1
8565,4,4
8566,3,3
8567,2,2
8568,4,4
8569,4,2
8570,6,6
8571,4,4
8572,4,4
8573,4,4
8574,6,6
8575,8,8
8576,2,1
8577,2,0
8578,2,2
8579,3,1
8580,4,4
8581,5,5
8582,3,2
8583,9,9
8584,3,0
8585,1,1
8586,6,4
8587,4,4
8588,2,0
8589,2,0
8590,4,0
8591,3,0
8592,6,4
8593,3,3
8594,3,3
8595,2,2
8596,4,2
8597,4,2
8598,4,4
8599,4,2
8600,3,3
8601,3,3
8602,6,6
8603,4,4
8604,6,6
8605,4,4
8606,6,4
8607,5,5
8608,4,4
8609,2,0
8610,2,2
8611,3,0
8612,4,2
8613,5,5
8614,4,2
8615,3,0
8616,2,2
8617,3,1
8618,4,1
8619,4,4
8620,3,2
8621,3,2
8622,3,3
8623,3,3
8624,4,0
8625,2,2
8626,4,2
8627,5,0
8628,2,2
8629,3,3
8630,1,1
8631,2,2
8632,2,2
8633,2,2
8634,3,0
8635,4,4
8636,2,2
8637,5,0
8638,2,2
8639,3,0
8640,6,6
8641,2,2
8642,2,2
8643,2,2
8644,2,0
8645,4,4
8646,3,1
8647,1,1
8648,6,2
8649,2,2
8650,5,5
8651,4,4
8652,3,1
8653,3,2
8654,3,2
8655,2,2
8656,3,3
8657,3,3
8658,4,4
8659,2,0
8660,6,4
8661,4,4
8662,4,2
8663,4,0
8664,3,3
8665,4,4
8666,3,3
8667,2,1
8668,4,0
8669,6,4
8670,4,4
8671,6,4
8672,3,3
8673,2,2
8674,1,1
8675,1,1
8676,4,2
8677,2,2
8678,2,2
8679,2,2
8680,6,0
8681,4,2
8682,4,2
8683,3,3
8684,5,5
8685,4,2
8686,3,2
8687,3,0
8688,2,1
8689,4,4
8690,2,0
8691,2,2
8692,3,3
8693,2,0
8694,4,4
8695,6,4
8696,2,0
8697,4,4
8698,3,2
8699,5,5
8700,2,2
8701,3,3
8702,1,1
8703,2,1
8704,4,0
8705,4,0
8706,2,0
8707,4,4
8708,3,3
8709,14,14
8710,4,4
8711,3,1
8712,4,4
8713,3,3
8714,2,2
8715,2,2
8716,4,0
8717,2,2
8718,2,0
8719,3,3
8720,4,2
8721,2,0
8722,2,2
8723,2,2
8724,1,1
8725,4,4
8726,6,4
8727,4,4
8728,14,14
8729,4,2
8730,4,4
8731,6,6
8732,4,4
8733,2,2
8734,2,2
8735,2,0
8736,4,4
8737,1,1
8738,1,1
8739,2,0
8740,2,2
8741,2,2
8742,4,4
8743,1,1
8744,3,2
8745,4,4
8746,3,3
8747,2,2
8748,2,0
8749,2,0
8750,4,4
8751,4,4
8752,4,4
8753,3,3
8754,3,3
8755,3,3
8756,3,0
8757,1,1
8758,4,4
8759,4,4
8760,1,1
8761,4,4
8762,3,1
8763,3,3
8764,2,2
8765,2,0
8766,4,4
8767,4,2
8768,4,2
8769,3,0
8770,1,1
8771,4,2
8772,4,0
8773,4,4
8774,3,3
8775,3,3
8776,2,2
8777,4,2
8778,4,2
8779,14,14
8780,2,2
8781,4,4
8782,4,4
8783,4,2
8784,2,2
8785,4,4
8786,2,0
8787,3,3
8788,2,1
8789,3,0
8790,2,0
8791,4,0
8792,4,4
8793,4,4
8794,4,4
8795,3,0
8796,3,1
8797,3,1
8798,3,3
8799,4,0
8800,4,4
8801,3,0
8802,4,4
8803,6,2
8804,3,1
8805,4,0
8806,3,3
8807,4,4
8808,5,5
8809,4,4
8810,4,4
8811,4,4
8812,2,2
8813,14,14
8814,4,4
8815,2,2
8816,4,2
8817,2,1
8818,2,2
8819,3,2
8820,2,2
8821,2,2
8822,4,2
8823,3,1
8824,5,5
8825,4,4
8826,4,4
8827,4,3
8828,2,2
8829,2,1
8830,4,4
8831,4,4
8832,2,2
8833,4,0
8834,4,2
8835,2,0
8836,4,2
8837,2,2
8838,4,4
8839,4,4
8840,3,0
8841,4,0
8842,2,1
8843,4,4
8844,4,0
8845,2,0
8846,3,1
8847,1,1
8848,4,2
8849,6,4
8850,4,2
8851,4,4
8852,4,2
8853,4,2
8854,3,3
8855,4,0
8856,4,4
8857,3,2
8858,4,1
8859,2,0
8860,6,6
8861,4,4
8862,4,2
8863,14,14
8864,4,4
8865,2,2
8866,2,0
8867,9,9
8868,4,2
8869,3,2
8870,3,3
8871,4,4
8872,4,4
8873,3,3
8874,3,1
8875,3,0
8876,2,2
8877,1,1
8878,3,1
8879,2,0
8880,1,1
8881,4,4
8882,4,2
8883,4,1
8884,2,2
8885,4,4
8886,2,1
8887,4,2
8888,3,2
8889,2,0
8890,2,0
8891,4,4
8892,2,2
8893,1,1
8894,2,2
8895,4,4
8896,4,4
8897,4,4
8898,4,0
8899,3,0
8900,4,4
8901,3,3
8902,2,0
8903,6,6
8904,4,4
8905,4,0
8906,3,1
8907,1,1
8908,14,14
8909,7,7
8910,4,2
8911,3,1
8912,3,0
8913,3,1
8914,4,4
8915,4,2
8916,3,3
8917,6,4
8918,6,6
8919,4,0
8920,2,1
8921,3,0
8922,3,1
8923,2,2
8924,4,4
8925,4,4
8926,5,5
8927,6,6
8928,4,4
8929,2,2
8930,4,2
8931,3,3
8932,4,4
8933,4,4
8934,6,2
8935,5,5
8936,2,0
8937,4,2
8938,2,0
8939,2,2
8940,9,9
8941,2,2
8942,1,1
8943,2,2
8944,4,0
8945,4,2
8946,2,2
8947,3,3
8948,3,3
8949,4,0
8950,3,1
8951,14,14
8952,2,2
8953,2,2
8954,1,1
8955,2,1
8956,3,3
8957,3,3
8958,2,0
8959,6,4
8960,2,0
8961,4,2
8962,3,2
8963,4,4
8964,4,4
8965,6,4
8966,4,4
8967,1,1
8968,14,14
8969,3,3
8970,4,0
8971,4,4
8972,6,6
8973,2,2
8974,5,5
8975,3,3
8976,4,2
8977,4,0
8978,2,2
8979,6,0
8980,4,4
8981,5,1
8982,3,1
8983,14,14
8984,4,4
8985,6,0
8986,5,0
8987,3,3
8988,1,1
8989,4,4
8990,3,3
8991,4,0
8992,14,14
8993,3,3
8994,4,4
8995,3,2
8996,4,2
8997,3,3
8998,4,2
8999,4,4
9000,2,2
9001,3,1
9002,4,0
9003,4,0
9004,4,4
9005,3,1
9006,3,3
9007,2,2
9008,1,1
9009,4,4
9010,3,3
9011,3,3
9012,3,3
9013,2,2
9014,3,1
9015,2,0
9016,4,2
9017,4,4
9018,2,2
9019,3,3
9020,4,0
9021,3,0
9022,4,0
9023,3,0
9024,4,4
9025,2,2
9026,2,0
9027,2,2
9028,4,4
9029,4,4
9030,4,2
9031,3,1
9032,2,2
9033,4,4
9034,2,2
9035,2,2
9036,5,4
9037,3,1
9038,3,3
9039,2,0
9040,2,2
9041,3,2
9042,3,3
9043,2,2
9044,4,0
9045,3,1
9046,8,0
9047,2,2
9048,2,2
9049,3,3
9050,3,2
9051,3,1
9052,3,1
9053,2,2
9054,1,1
9055,2,2
9056,2,0
9057,3,3
9058,3,3
9059,2,1
9060,4,4
9061,6,6
9062,2,0
9063,4,1
9064,2,2
9065,1,1
9066,4,4
9067,4,2
9068,4,4
9069,4,1
9070,4,2
9071,3,1
9072,4,2
9073,5,3
9074,2,2
9075,2,2
9076,4,4
9077,2,2
9078,4,4
9079,6,6
9080,2,1
9081,3,2
9082,3,3
9083,4,4
9084,4,4
9085,6,4
9086,6,6
9087,2,2
9088,14,14
9089,4,0
9090,3,1
9091,4,0
9092,6,4
9093,3,0
9094,2,1
9095,4,2
9096,2,2
9097,6,0
9098,4,4
9099,3,3
9100,2,0
9101,10,10
9102,4,0
9103,2,2
9104,6,6
9105,2,2
9106,2,2
9107,4,4
9108,4,0
9109,4,4
9110,4,4
9111,4,2
9112,2,2
9113,2,0
9114,4,4
9115,2,2
9116,3,2
9117,4,4
9118,4,2
9119,3,3
9120,2,2
9121,4,4
9122,3,3
9123,3,0
9124,4,0
9125,2,2
9126,2,2
9127,4,2
9128,14,14
9129,3,3
9130,3,0
9131,14,14
9132,2,2
9133,2,0
9134,1,1
9135,2,0
9136,3,3
9137,2,2
9138,3,1
9139,6,6
9140,2,0
9141,4,4
9142,2,2
9143,1,0
9144,2,2
9145,2,0
9146,6,6
9147,4,2
9148,4,4
9149,4,2
9150,3,0
9151,3,3
9152,6,4
9153,2,2
9154,4,4
9155,2,2
9156,4,4
9157,4,4
9158,3,3
9159,4,4
9160,4,4
9161,2,2
9162,2,2
9163,4,4
9164,2,2
9165,5,3
9166,4,2
9167,4,4
9168,4,4
9169,2,2
9170,4,0
9171,4,4
9172,4,4
9173,4,0
9174,4,2
9175,3,3
9176,1,1
9177,3,0
9178,2,0
9179,9,9
9180,3,3
9181,1,1
9182,3,2
9183,4,4
9184,3,3
9185,3,3
9186,6,4
9187,2,0
9188,3,3
9189,3,0
9190,4,4
9191,5,5
9192,14,14
9193,2,2
9194,4,4
9195,4,4
9196,5,5
9197,3,1
9198,2,0
9199,2,1
9200,4,2
9201,6,0
9202,4,4
9203,4,2
9204,4,4
9205,6,0
9206,14,14
9207,3,2
9208,4,4
9209,4,1
9210,4,0
9211,3,1
9212,4,4
9213,6,6
9214,4,4
9215,4,0
9216,3,0
9217,4,2
9218,4,4
9219,3,3
9220,6,2
9221,2,2
9222,6,6
9223,4,4
9224,4,4
9225,4,0
9226,2,2
9227,2,2
9228,6,6
9229,3,0
9230,3,2
9231,4,4
9232,6,0
9233,2,2
9234,3,1
9235,4,4
9236,4,4
9237,2,2
9238,3,0
9239,3,2
9240,4,2
9241,2,1
9242,3,2
9243,2,1
9244,4,4
9245,2,2
9246,3,3
9247,6,6
9248,4,0
9249,3,3
9250,2,2
9251,1,1
9252,4,4
9253,4,1
9254,3,1
9255,14,14
9256,4,4
9257,4,0
9258,4,0
9259,4,4
9260,6,6
9261,4,0
9262,2,2
9263,2,2
9264,7,7
9265,2,0
9266,2,2
9267,3,3
9268,2,0
9269,8,8
9270,2,2
9271,4,2
9272,3,2
9273,2,2
9274,4,4
9275,2,2
9276,3,1
9277,3,3
9278,6,4
9279,2,2
9280,4,4
9281,2,2
9282,14,14
9283,2,2
9284,2,2
9285,1,1
9286,4,4
9287,3,1
9288,6,6
9289,1,1
9290,4,2
9291,3,1
9292,6,0
9293,4,2
9294,2,2
9295,6,6
9296,4,2
9297,4,0
9298,14,14
9299,4,4
9300,2,2
9301,4,0
9302,1,1
9303,6,4
9304,1,1
9305,1,1
9306,3,2
9307,4,0
9308,2,2
9309,3,3
9310,4,4
9311,3,3
9312,4,2
9313,4,4
9314,4,4
9315,3,0
9316,2,2
9317,5,5
9318,3,1
9319,1,1
9320,3,1
9321,2,2
9322,1,1
9323,3,3
9324,4,4
9325,3,2
9326,1,1
9327,3,1
9328,4,2
9329,5,3
9330,1,1
9331,2,2
9332,3,3
9333,4,2
9334,2,2
9335,4,0
9336,1,1
9337,2,2
9338,4,4
9339,4,4
9340,6,4
9341,2,2
9342,3,3
9343,4,3
9344,2,2
9345,3,0
9346,3,3
9347,1,1
9348,5,5
9349,5,5
9350,3,3
9351,4,0
9352,3,3
9353,4,0
9354,4,0
9355,3,3
9356,3,2
9357,4,4
9358,6,6
9359,2,2
9360,3,2
9361,4,2
9362,4,4
9363,3,1
9364,2,2
9365,2,2
9366,2,2
9367,4,0
9368,3,0
9369,3,3
9370,6,6
9371,4,0
9372,2,2
9373,4,2
9374,4,4
9375,2,1
9376,2,2
9377,3,1
9378,6,6
9379,2,1
9380,2,0
9381,1,1
9382,4,1
9383,3,0
9384,4,2
9385,4,2
9386,3,1
9387,4,2
9388,2,0
9389,3,3
9390,3,3
9391,6,4
9392,4,4
9393,3,0
9394,2,2
9395,4,4
9396,4,4
9397,4,4
9398,4,4
9399,2,2
9400,4,4
9401,6,6
9402,4,2
9403,3,3
9404,4,2
9405,4,4
9406,3,3
9407,3,2
9408,1,1
9409,4,4
9410,2,2
9411,4,4
9412,2,2
9413,2,2
9414,6,6
9415,2,2
9416,3,3
9417,4,2
9418,6,0
9419,3,3
9420,2,2
9421,4,2
9422,4,4
9423,4,4
9424,4,0
9425,4,4
9426,3,3
9427,3,3
9428,3,3
9429,6,0
9430,14,14
9431,4,4
9432,2,2
9433,4,2
9434,3,1
9435,2,0
9436,4,4
9437,3,0
9438,4,0
9439,2,2
9440,5,5
9441,2,0
9442,4,4
9443,2,2
9444,4,2
9445,6,0
9446,2,2
9447,4,2
9448,2,0
9449,2,1
9450,6,4
9451,3,0
9452,4,4
9453,2,1
9454,6,4
9455,3,3
9456,3,0
9457,3,0
9458,4,4
9459,4,2
9460,2,2
9461,2,2
9462,4,4
9463,2,2
9464,3,3
9465,2,1
9466,4,4
9467,3,3
9468,4,0
9469,4,4
9470,4,2
9471,5,3
9472,4,4
9473,4,2
9474,4,0
9475,3,2
9476,3,1
9477,3,1
9478,3,1
9479,4,0
9480,4,2
9481,3,3
9482,3,0
9483,4,4
9484,4,2
9485,14,14
9486,6,6
9487,2,1
9488,6,2
9489,6,6
9490,2,2
9491,5,5
9492,2,0
9493,4,4
9494,3,3
9495,4,4
9496,2,1
9497,4,4
9498,3,0
9499,4,4
9500,14,14
9501,2,2
9502,6,2
9503,4,4
9504,3,1
9505,14,14
9506,2,0
9507,2,0
9508,3,1
9509,4,0
9510,4,4
9511,3,1
9512,4,4
9513,2,2
9514,4,4
9515,1,1
9516,3,1
9517,3,3
9518,4,4
9519,4,2
9520,2,2
9521,3,2
9522,2,2
9523,4,0
9524,4,0
9525,6,4
9526,1,1
9527,4,0
9528,4,0
9529,2,2
9530,4,4
9531,2,2
9532,4,4
9533,5,5
9534,2,2
9535,6,0
9536,2,2
9537,6,2
9538,4,4
9539,3,3
9540,4,4
9541,3,3
9542,4,4
9543,4,4
9544,4,4
9545,3,2
9546,3,0
9547,2,2
9548,6,6
9549,1,1
9550,2,2
9551,6,4
9552,3,0
9553,3,2
9554,2,1
9555,4,4
9556,4,4
9557,2,2
9558,3,3
9559,1,1
9560,2,0
9561,2,2
9562,3,1
9563,5,5
9564,1,1
9565,4,2
9566,1,1
9567,3,1
9568,3,1
9569,4,4
9570,3,0
9571,4,0
9572,2,2
9573,2,2
9574,4,2
9575,2,2
9576,3,0
9577,6,0
9578,2,0
9579,3,3
9580,3,1
9581,6,4
9582,3,2
9583,4,2
9584,3,1
9585,4,1
9586,14,14
9587,3,3
9588,3,1
9589,3,3
9590,3,1
9591,5,4
9592,3,3
9593,4,2
9594,2,0
9595,4,2
9596,3,0
9597,4,4
9598,3,3
9599,6,6
9600,3,1
9601,2,2
9602,3,1
9603,4,2
9604,4,2
9605,2,2
9606,1,1
9607,2,0
9608,3,0
9609,3,1
9610,6,4
9611,2,2
9612,3,0
9613,5,5
9614,3,1
9615,6,6
9616,4,4
9617,4,2
9618,3,3
9619,2,0
9620,4,4
9621,2,2
9622,4,4
9623,2,0
9624,6,4
9625,3,0
9626,3,0
9627,4,4
9628,4,4
9629,6,4
9630,2,2
9631,6,4
9632,3,2
9633,6,0
9634,4,4
9635,4,4
9636,3,1
9637,4,4
9638,3,3
9639,6,4
9640,3,3
9641,4,3
9642,6,4
9643,4,2
9644,14,14
9645,3,0
9646,4,2
9647,14,14
9648,4,4
9649,3,3
9650,2,2
9651,2,2
9652,3,3
9653,6,6
9654,4,2
9655,5,5
9656,11,11
9657,3,0
9658,3,2
9659,4,0
9660,3,3
9661,3,3
9662,2,0
9663,2,0
9664,3,0
9665,1,1
9666,5,5
9667,5,5
9668,3,0
9669,3,3
9670,4,2
9671,4,4
9672,4,0
9673,8,8
9674,2,1
9675,2,2
9676,2,2
9677,2,2
9678,4,0
9679,2,2
9680,3,0
9681,2,0
9682,4,4
9683,4,2
9684,2,2
9685,4,4
9686,3,3
9687,2,2
9688,1,1
9689,3,3
9690,2,2
9691,4,2
9692,4,2
9693,5,5
9694,1,1
9695,3,1
9696,3,1
9697,3,3
9698,3,3
9699,2,2
9700,2,1
9701,4,2
9702,2,2
9703,3,0
9704,2,2
9705,3,1
9706,4,4
9707,2,2
9708,4,4
9709,3,1
9710,2,2
9711,8,8
9712,4,4
9713,1,1
9714,4,4
9715,2,0
9716,4,4
9717,6,6
9718,4,2
9719,2,2
9720,3,3
9721,4,4
9722,2,1
9723,4,0
9724,3,1
9725,3,3
9726,1,1
9727,4,2
9728,3,1
9729,4,4
9730,4,4
9731,4,4
9732,2,2
9733,4,4
9734,2,2
9735,3,1
9736,3,1
9737,4,0
9738,4,4
9739,2,2
9740,4,4
9741,3,3
9742,4,4
9743,6,6
9744,4,0
9745,4,0
9746,3,3
9747,4,4
9748,14,14
9749,2,2
9750,3,2
9751,2,2
9752,4,0
9753,3,1
9754,3,0
9755,3,0
9756,6,0
9757,4,4
9758,2,2
9759,4,4
9760,4,4
9761,2,2
9762,6,0
9763,4,4
9764,4,4
9765,3,0
9766,6,4
9767,5,0
9768,2,2
9769,1,1
9770,4,4
9771,2,0
9772,3,3
9773,2,2
9774,3,1
9775,2,2
9776,4,4
9777,4,2
9778,2,2
9779,4,4
9780,14,14
9781,2,2
9782,4,4
9783,2,0
9784,4,2
9785,4,4
9786,2,2
9787,4,4
9788,4,4
9789,4,4
9790,4,4
9791,4,1
9792,4,2
9793,2,0
9794,4,4
9795,14,14
9796,4,3
9797,3,1
9798,6,6
9799,6,2
9800,4,4
9801,6,6
9802,3,3
9803,3,3
9804,2,0
9805,3,3
9806,4,4
9807,6,6
9808,4,0
9809,6,6
9810,6,0
9811,3,3
9812,2,2
9813,1,1
9814,6,4
9815,6,2
9816,6,0
9817,2,2
9818,4,4
9819,11,11
9820,4,0
9821,4,4
9822,2,2
9823,7,7
9824,2,2
9825,4,2
9826,4,2
9827,1,1
9828,1,1
9829,3,2
9830,4,2
9831,6,0
9832,7,7
9833,2,0
9834,1,1
9835,2,2
9836,14,14
9837,2,2
9838,3,0
9839,6,6
9840,4,4
9841,1,1
9842,6,0
9843,6,6
9844,4,4
9845,4,4
9846,6,2
9847,1,1
9848,3,3
9849,2,0
9850,3,1
9851,4,2
9852,5,5
9853,4,2
9854,4,2
9855,4,4
9856,2,0
9857,1,1
9858,2,2
9859,4,4
9860,7,7
9861,4,4
9862,5,1
9863,5,0
9864,2,0
9865,1,1
9866,2,0
9867,6,0
9868,4,2
9869,2,1
9870,2,2
9871,3,1
9872,6,4
9873,2,1
9874,3,3
9875,2,2
9876,3,2
9877,2,1
9878,2,2
9879,4,4
9880,6,4
9881,4,2
9882,4,4
9883,2,0
9884,4,2
9885,2,2
9886,3,3
9887,4,2
9888,4,4
9889,2,2
9890,6,6
9891,4,4
9892,3,3
9893,2,0
9894,3,1
9895,6,6
9896,2,0
9897,2,2
9898,2,2
9899,2,2
9900,2,1
9901,4,0
9902,4,4
9903,14,14
9904,3,3
9905,4,4
9906,4,4
9907,4,4
9908,2,0
9909,6,4
9910,2,2
9911,1,1
9912,5,4
9913,4,4
9914,2,2
9915,4,0
9916,4,4
9917,4,4
9918,4,4
9919,2,2
9920,2,2
9921,1,1
9922,3,2
9923,8,8
9924,4,4
9925,5,5
9926,4,2
9927,3,3
9928,3,2
9929,4,2
9930,6,4
9931,2,2
9932,2,2
9933,1,1
9934,3,3
9935,4,4
9936,4,2
9937,3,2
9938,2,0
9939,14,14
9940,3,3
9941,4,0
9942,2,2
9943,4,4
9944,4,4
9945,2,0
9946,3,1
9947,4,3
9948,4,4
9949,2,0
9950,3,1
9951,2,2
9952,4,2
9953,4,4
9954,2,1
9955,2,0
9956,4,3
9957,2,0
9958,6,2
9959,3,0
9960,4,4
9961,2,2
9962,3,2
9963,6,6
9964,5,3
9965,2,2
9966,2,2
9967,2,2
9968,4,4
9969,5,0
9970,6,2
9971,4,2
9972,4,2
9973,8,8
9974,2,2
9975,3,1
9976,1,1
9977,3,1
9978,1,1
9979,4,0
9980,6,4
9981,2,2
9982,4,4
9983,3,3
9984,2,2
9985,1,1
9986,2,2
9987,3,1
9988,3,2
9989,4,2
9990,4,4
9991,2,2
9992,3,1
9993,3,1
9994,6,4
9995,2,2
9996,3,2
9997,4,4
9998,4,4
9999,4,4
