BRC Query,Data Size
"[[(40844474.19, 41012464.67), (-90.0, 405.658498), (-176.30859375, -574424.5)]]",0
"[[(49455123.56, 50591476.94), (-90.0, -415845.34), (-176.30859375, 177.462490797)]]",0
"[[(25773272.08, 28502312.58), (-90.0, 405.658498), (-176.30859375, 177.462490797)]]",187522
"[[(22663883.62, 23589450.42), (-90.0, 405.658498), (-176.30859375, 177.462490797)]]",15958
"[[(8625626.04, 11457766.78), (-90.0, -1675126.46), (-176.30859375, -646108.35)]]",0
"[[(2557502.64, 4297114.67), (-90.0, 405.658498), (-176.30859375, 177.462490797)]]",703
"[[(5286340.12, 7560069.72), (-90.0, 405.658498), (-176.30859375, 177.462490797)]]",535
"[[(27170798.46, 30068014.98), (-90.0, -1874740.28), (-176.30859375, -1053648.52)]]",0
"[[(42648849.24, 45462960.41), (-90.0, 405.658498), (-176.30859375, -947640.67)]]",0
"[[(35582031.44, 36762890.54), (-90.0, -518580.26), (-176.30859375, -294070.24)]]",0
"[[(44894730.5, 46473017.98), (-90.0, 405.658498), (-176.30859375, 177.462490797)]]",406737
"[[(35747490.47, 37594379.03), (-90.0, 405.658498), (-176.30859375, -1527226.6)]]",0
"[[(40447452.6, 40524503.19), (-90.0, -73877.91), (-176.30859375, 177.462490797)]]",0
"[[(6794675.96, 8502652.85), (-90.0, 405.658498), (-176.30859375, 177.462490797)]]",562
"[[(4785798.95, 6180752.7), (-90.0, -2467664.31), (-176.30859375, 177.462490797)]]",0
"[[(22662107.19, 24699772.32), (-90.0, -2029775.51), (-176.30859375, -1410953.04)]]",0
"[[(21706954.16, 21968495.4), (-90.0, -125099.35), (-176.30859375, -1695294.41)]]",0
"[[(25940221.06, 25979683.08), (-90.0, -1674360.62), (-176.30859375, -1363405.91)]]",0
"[[(44630524.72, 46228532.85), (-90.0, -1377104.43), (-176.30859375, -421375.37)]]",0
"[[(2696909.12, 2803543.01), (-90.0, 405.658498), (-176.30859375, -645827.56)]]",0
"[[(43950104.76, 45868393.67), (-90.0, 405.658498), (-176.30859375, -26556.5)]]",0
"[[(10967587.36, 11742967.03), (-90.0, 405.658498), (-176.30859375, -591303.1)]]",0
"[[(49908781.63, 50290689.39), (-90.0, 405.658498), (-176.30859375, 177.462490797)]]",149480
"[[(19007019.54, 19055701.84), (-90.0, -547455.15), (-176.30859375, -520736.06)]]",0
"[[(8828371.09, 9760400.16), (-90.0, 405.658498), (-176.30859375, -993759.39)]]",0
"[[(6527401.04, 8582684.48), (-90.0, 405.658498), (-176.30859375, -238335.31)]]",0
"[[(29145571.09, 29477289.37), (-90.0, -2035266.37), (-176.30859375, -1054893.07)]]",0
"[[(37422337.2, 40516797.07), (-90.0, -1258971.75), (-176.30859375, -149937.28)]]",0
"[[(41172308.28, 42139258.71), (-90.0, -383240.97), (-176.30859375, -329276.24)]]",0
"[[(826606.93, 2794318.6), (-90.0, 405.658498), (-176.30859375, -294668.97)]]",0
"[[(47711374.55, 50501422.18), (-90.0, -311963.61), (-176.30859375, 177.462490797)]]",0
"[[(17655444.97, 17907441.47), (-90.0, 405.658498), (-176.30859375, -94960.7)]]",0
"[[(37990911.47, 39940374.64), (-90.0, -583590.9), (-176.30859375, 177.462490797)]]",0
"[[(40931610.4, 43185874.68), (-90.0, -2462182.33), (-176.30859375, -598865.13)]]",0
"[[(43119218.86, 45988781.33), (-90.0, 405.658498), (-176.30859375, 177.462490797)]]",695617
"[[(4438581.27, 5852534.87), (-90.0, 405.658498), (-176.30859375, 177.462490797)]]",199
"[[(47212377.6, 47425798.99), (-90.0, 405.658498), (-176.30859375, -1071109.92)]]",0
"[[(10251729.21, 13176093.67), (-90.0, 405.658498), (-176.30859375, 177.462490797)]]",785
"[[(46684337.29, 46772644.65), (-90.0, -3181225.26), (-176.30859375, -167205.54)]]",0
"[[(18111393.4, 18988110.11), (-90.0, 405.658498), (-176.30859375, 177.462490797)]]",612
"[[(4069962.58, 6789424.98), (-90.0, -236550.6), (-176.30859375, -244282.81)]]",0
"[[(1501259.73, 4336443.58), (-90.0, -1519435.21), (-176.30859375, 177.462490797)]]",0
"[[(3276539.59, 4093071.09), (-90.0, -56045.63), (-176.30859375, -696264.77)]]",0
"[[(20624312.41, 22549704.22), (-90.0, 405.658498), (-176.30859375, -429024.76)]]",0
"[[(24395663.64, 26340942.05), (-90.0, -333961.43), (-176.30859375, -314192.15)]]",0
"[[(26923171.54, 29066663.6), (-90.0, -2478085.3), (-176.30859375, 177.462490797)]]",0
"[[(696976.11, 3485468.03), (-90.0, 405.658498), (-176.30859375, 177.462490797)]]",17
"[[(3201229.04, 4430381.35), (-90.0, -373774.03), (-176.30859375, 177.462490797)]]",0
"[[(17288120.99, 19425142.29), (-90.0, -57067.46), (-176.30859375, 177.462490797)]]",0
"[[(32174677.07, 33176496.75), (-90.0, -162317.61), (-176.30859375, 177.462490797)]]",0
"[[(22585512.64, 22917343.23), (-90.0, -576467.08), (-176.30859375, -2438724.15)]]",0
"[[(33788529.31, 36499082.79), (-90.0, -697126.93), (-176.30859375, 177.462490797)]]",0
"[[(40230583.93, 43324103.48), (-90.0, -549186.64), (-176.30859375, -286019.8)]]",0
"[[(47577361.92, 50363205.27), (-90.0, -155942.83), (-176.30859375, -2072080.09)]]",0
"[[(40940276.15, 41098131.25), (-90.0, 405.658498), (-176.30859375, -2278961.03)]]",0
"[[(17614165.63, 20649972.85), (-90.0, -2009396.17), (-176.30859375, 177.462490797)]]",0
"[[(29549020.85, 30683387.71), (-90.0, 405.658498), (-176.30859375, -812518.33)]]",0
"[[(30117634.33, 32356522.91), (-90.0, 405.658498), (-176.30859375, -159290.53)]]",0
"[[(50378492.04, 52895041.72), (-90.0, -377869.76), (-176.30859375, -253448.72)]]",0
"[[(36996731.1, 37620662.77), (-90.0, -2351739.33), (-176.30859375, 177.462490797)]]",0
"[[(21080339.94, 21134626.3), (-90.0, -1494866.63), (-176.30859375, -173211.35)]]",0
"[[(34496885.9, 36968300.71), (-90.0, 405.658498), (-176.30859375, -636599.29)]]",0
"[[(37438740.57, 37583803.82), (-90.0, -187906.89), (-176.30859375, 177.462490797)]]",0
"[[(50672266.62, 52486694.17), (-90.0, 405.658498), (-176.30859375, -648639.28)]]",0
"[[(7674345.9, 9957720.43), (-90.0, 405.658498), (-176.30859375, -157113.55)]]",0
"[[(48123892.23, 50247871.26), (-90.0, 405.658498), (-176.30859375, 177.462490797)]]",721291
"[[(25931341.45, 28722574.47), (-90.0, -518444.8), (-176.30859375, -697761.39)]]",0
"[[(13187262.88, 13967642.32), (-90.0, 405.658498), (-176.30859375, -241288.25)]]",0
"[[(10013781.17, 10779668.15), (-90.0, -955212.45), (-176.30859375, 177.462490797)]]",0
"[[(49938073.76, 51023506.96), (-90.0, 405.658498), (-176.30859375, 177.462490797)]]",399147
"[[(28263977.84, 29569062.85), (-90.0, -877472.36), (-176.30859375, -803782.19)]]",0
"[[(32678978.75, 34576328.35), (-90.0, -2893252.18), (-176.30859375, -725862.03)]]",0
"[[(37776394.5, 39433271.6), (-90.0, -1753374.71), (-176.30859375, 177.462490797)]]",0
"[[(20437664.91, 22396960.45), (-90.0, -214542.16), (-176.30859375, 177.462490797)]]",0
"[[(665781.32, 3333559.72), (-90.0, -1636903.3), (-176.30859375, 177.462490797)]]",0
"[[(3627398.19, 5649215.14), (-90.0, -1511317.6), (-176.30859375, -496130.43)]]",0
"[[(32460236.92, 34097201.8), (-90.0, -932352.23), (-176.30859375, -2673870.08)]]",0
"[[(50050260.06, 52227701.97), (-90.0, 405.658498), (-176.30859375, 177.462490797)]]",828429
"[[(34140878.09, 35253267.62), (-90.0, 405.658498), (-176.30859375, 177.462490797)]]",213832
"[[(41819044.03, 43471127.28), (-90.0, 405.658498), (-176.30859375, 177.462490797)]]",363566
"[[(27633805.58, 29360272.04), (-90.0, -469433.2), (-176.30859375, 177.462490797)]]",0
"[[(34667596.56, 35243534.06), (-90.0, -1306155.13), (-176.30859375, -1545057.02)]]",0
"[[(47724700.93, 48196005.89), (-90.0, -262719.98), (-176.30859375, 177.462490797)]]",0
"[[(24505977.6, 25795417.46), (-90.0, 405.658498), (-176.30859375, 177.462490797)]]",47787
"[[(25279120.2, 27814299.34), (-90.0, 405.658498), (-176.30859375, 177.462490797)]]",152416
"[[(49234276.72, 51921725.32), (-90.0, -2892417.59), (-176.30859375, -2161229.7)]]",0
"[[(25613957.62, 27013836.75), (-90.0, 405.658498), (-176.30859375, -2407732.71)]]",0
"[[(40003128.83, 43014494.45), (-90.0, -2765065.66), (-176.30859375, -329392.65)]]",0
"[[(39220299.18, 40404911.01), (-90.0, -246993.47), (-176.30859375, 177.462490797)]]",0
"[[(20470356.7, 22982680.66), (-90.0, 405.658498), (-176.30859375, -612522.75)]]",0
"[[(33774205.11, 36012985.51), (-90.0, -279021.02), (-176.30859375, 177.462490797)]]",0
"[[(9863395.85, 10034423.35), (-90.0, 405.658498), (-176.30859375, -137164.66)]]",0
"[[(39237572.78, 41830384.11), (-90.0, -997851.43), (-176.30859375, 177.462490797)]]",0
"[[(19202045.35, 19602644.26), (-90.0, 405.658498), (-176.30859375, 177.462490797)]]",503
"[[(10687426.41, 10790564.61), (-90.0, -318678.8), (-176.30859375, -1228766.56)]]",0
"[[(22010076.07, 23874654.49), (-90.0, -1478314.37), (-176.30859375, 177.462490797)]]",0
"[[(41189369.7, 43739438.57), (-90.0, 405.658498), (-176.30859375, -1421234.52)]]",0
"[[(24706622.13, 25791097.63), (-90.0, 405.658498), (-176.30859375, 177.462490797)]]",41282
"[[(9528364.37, 11454741.87), (-90.0, 405.658498), (-176.30859375, 177.462490797)]]",744
"[[(36387765.54, 38397813.15), (-90.0, 405.658498), (-176.30859375, 177.462490797)]]",421772
"[[(42048743.52, 42747834.87), (-90.0, -1220885.43), (-176.30859375, 177.462490797)]]",0
"[[(741915.95, 3531574.29), (-90.0, -1964351.39), (-176.30859375, 177.462490797)]]",0
"[[(45679629.9, 47795318.21), (-90.0, -1703075.86), (-176.30859375, -100889.88)]]",0
"[[(19405227.92, 20934706.67), (-90.0, 405.658498), (-176.30859375, 177.462490797)]]",7039
"[[(17245063.89, 18034830.52), (-90.0, 405.658498), (-176.30859375, 177.462490797)]]",518
"[[(14350513.12, 14472376.85), (-90.0, -425575.81), (-176.30859375, 177.462490797)]]",0
"[[(8976245.84, 9786897.68), (-90.0, 405.658498), (-176.30859375, 177.462490797)]]",439
"[[(50397903.3, 51126526.91), (-90.0, -450228.34), (-176.30859375, 177.462490797)]]",0
"[[(24890470.98, 27420175.9), (-90.0, 405.658498), (-176.30859375, 177.462490797)]]",125076
"[[(37956810.58, 40111723.48), (-90.0, 405.658498), (-176.30859375, -2650154.93)]]",0
"[[(10336255.47, 12327900.21), (-90.0, -729717.86), (-176.30859375, 177.462490797)]]",0
"[[(536711.82, 752813.29), (-90.0, -1413858.2), (-176.30859375, -1129303.46)]]",0
"[[(4686367.84, 6098800.26), (-90.0, 405.658498), (-176.30859375, 177.462490797)]]",219
"[[(38740094.67, 41271628.58), (-90.0, -514276.12), (-176.30859375, -305296.14)]]",0
"[[(24409562.53, 26099833.11), (-90.0, 405.658498), (-176.30859375, -1884204.56)]]",0
"[[(40124355.91, 42748655.12), (-90.0, -1014539.33), (-176.30859375, 177.462490797)]]",0
"[[(34631440.04, 36699852.24), (-90.0, 405.658498), (-176.30859375, 177.462490797)]]",462324
"[[(2541848.14, 5504563.11), (-90.0, 405.658498), (-176.30859375, -889712.74)]]",0
"[[(16807439.66, 19468208.68), (-90.0, 405.658498), (-176.30859375, -1050399.74)]]",0
"[[(18964044.79, 21045300.44), (-90.0, 405.658498), (-176.30859375, -235098.0)]]",0
"[[(4131298.26, 5892741.51), (-90.0, 405.658498), (-176.30859375, 177.462490797)]]",343
"[[(8092342.01, 10025847.07), (-90.0, -1929303.72), (-176.30859375, -2171321.17)]]",0
"[[(35732375.12, 36130086.81), (-90.0, -224061.09), (-176.30859375, -11482.18)]]",0
"[[(10291805.51, 12114553.71), (-90.0, -1612590.27), (-176.30859375, 177.462490797)]]",0
"[[(22129544.76, 23971444.48), (-90.0, -1305540.76), (-176.30859375, 177.462490797)]]",0
"[[(9207762.64, 10003846.41), (-90.0, -35049.63), (-176.30859375, 177.462490797)]]",0
"[[(14282875.95, 16709414.12), (-90.0, -2903977.26), (-176.30859375, -1197056.97)]]",0
"[[(7662403.14, 8502494.26), (-90.0, 405.658498), (-176.30859375, -1016574.57)]]",0
"[[(47529690.7, 47642198.36), (-90.0, 405.658498), (-176.30859375, -2180673.28)]]",0
"[[(46828166.15, 50000596.27), (-90.0, -706165.48), (-176.30859375, 177.462490797)]]",0
"[[(11805888.72, 14287975.81), (-90.0, -325627.29), (-176.30859375, 177.462490797)]]",0
"[[(34449535.91, 36177629.39), (-90.0, 405.658498), (-176.30859375, 177.462490797)]]",379020
"[[(42621939.5, 44269100.34), (-90.0, -908711.05), (-176.30859375, 177.462490797)]]",0
"[[(29120716.18, 29794712.46), (-90.0, -995713.59), (-176.30859375, 177.462490797)]]",0
"[[(25359858.87, 25584121.28), (-90.0, 405.658498), (-176.30859375, 177.462490797)]]",10316
"[[(30538220.72, 33035734.85), (-90.0, -617850.65), (-176.30859375, 177.462490797)]]",0
"[[(11390507.96, 12602680.41), (-90.0, -846527.11), (-176.30859375, 177.462490797)]]",0
"[[(31636336.44, 32810839.88), (-90.0, 405.658498), (-176.30859375, -396778.4)]]",0
"[[(43355238.68, 46523650.34), (-90.0, -951828.25), (-176.30859375, 177.462490797)]]",0
"[[(33236964.79, 35803136.3), (-90.0, -661847.47), (-176.30859375, -343774.48)]]",0
"[[(12013372.08, 12342237.73), (-90.0, 405.658498), (-176.30859375, 177.462490797)]]",63
"[[(5067624.82, 5392965.87), (-90.0, -177853.62), (-176.30859375, -478729.86)]]",0
"[[(35642540.73, 37892594.53), (-90.0, 405.658498), (-176.30859375, -1686413.1)]]",0
"[[(30853164.24, 30907889.37), (-90.0, 405.658498), (-176.30859375, -920993.43)]]",0
"[[(44289721.44, 47110444.18), (-90.0, 405.658498), (-176.30859375, -80466.06)]]",0
"[[(32260978.17, 32506012.99), (-90.0, 405.658498), (-176.30859375, 177.462490797)]]",30342
"[[(17038092.96, 18448605.66), (-90.0, 405.658498), (-176.30859375, 177.462490797)]]",785
"[[(51061767.95, 52912198.4), (-90.0, -136148.27), (-176.30859375, -1932929.99)]]",0
"[[(18645396.21, 18647416.74), (-90.0, 405.658498), (-176.30859375, 177.462490797)]]",0
"[[(40476723.29, 42259820.5), (-90.0, 405.658498), (-176.30859375, -805654.98)]]",0
"[[(36906393.27, 37775380.48), (-90.0, 405.658498), (-176.30859375, 177.462490797)]]",180929
"[[(33915394.86, 35519269.15), (-90.0, 405.658498), (-176.30859375, -1501424.09)]]",0
"[[(9862113.13, 11770276.19), (-90.0, 405.658498), (-176.30859375, -1248640.31)]]",0
"[[(18029794.87, 21175440.83), (-90.0, -31369.78), (-176.30859375, 177.462490797)]]",0
"[[(9476815.18, 9775959.15), (-90.0, 405.658498), (-176.30859375, -1112344.16)]]",0
"[[(11027910.56, 13042899.42), (-90.0, -2068006.97), (-176.30859375, 177.462490797)]]",0
"[[(49682898.99, 51919792.4), (-90.0, 405.658498), (-176.30859375, -61347.36)]]",0
"[[(40334982.04, 41316404.91), (-90.0, 405.658498), (-176.30859375, 177.462490797)]]",187538
"[[(27379617.57, 29745665.42), (-90.0, -2099295.44), (-176.30859375, 177.462490797)]]",0
"[[(6034157.65, 6126712.74), (-90.0, 405.658498), (-176.30859375, -723495.25)]]",0
"[[(39359378.8, 40620269.15), (-90.0, -163092.96), (-176.30859375, 177.462490797)]]",0
"[[(48842094.42, 49011113.19), (-90.0, 405.658498), (-176.30859375, 177.462490797)]]",68403
"[[(46058499.3, 47994646.22), (-90.0, 405.658498), (-176.30859375, -2089146.63)]]",0
"[[(33352281.94, 34348777.28), (-90.0, 405.658498), (-176.30859375, -2149330.35)]]",0
"[[(425831.21, 2238427.24), (-90.0, 405.658498), (-176.30859375, -398439.48)]]",0
"[[(25271580.39, 25396418.24), (-90.0, 405.658498), (-176.30859375, -1795752.68)]]",0
"[[(44126057.91, 46266804.28), (-90.0, 405.658498), (-176.30859375, -2461983.26)]]",0
"[[(30006405.42, 32948550.11), (-90.0, 405.658498), (-176.30859375, 177.462490797)]]",366750
"[[(16020756.56, 16068180.36), (-90.0, 405.658498), (-176.30859375, -444569.02)]]",0
"[[(19814939.83, 22921476.75), (-90.0, -550573.42), (-176.30859375, 177.462490797)]]",0
"[[(8931767.45, 9885380.16), (-90.0, 405.658498), (-176.30859375, -198141.76)]]",0
"[[(49959718.49, 50189753.25), (-90.0, -31429.2), (-176.30859375, -2536047.7)]]",0
"[[(39729665.99, 41510518.45), (-90.0, 405.658498), (-176.30859375, 177.462490797)]]",337031
"[[(15613320.36, 17361142.8), (-90.0, 405.658498), (-176.30859375, 177.462490797)]]",855
"[[(46904579.32, 48608044.19), (-90.0, -334375.4), (-176.30859375, 177.462490797)]]",0
"[[(9391028.45, 12414472.56), (-90.0, -240035.07), (-176.30859375, -1692577.22)]]",0
"[[(40491614.02, 43208210.66), (-90.0, 405.658498), (-176.30859375, -1051893.56)]]",0
"[[(13851565.17, 15435472.7), (-90.0, 405.658498), (-176.30859375, 177.462490797)]]",615
"[[(28815976.31, 31207207.58), (-90.0, -1825161.09), (-176.30859375, -355576.8)]]",0
"[[(27843866.85, 30422432.06), (-90.0, 405.658498), (-176.30859375, -2049771.66)]]",0
"[[(47499045.11, 49930565.82), (-90.0, -2753433.72), (-176.30859375, -1414480.53)]]",0
"[[(18841154.94, 21165274.91), (-90.0, 405.658498), (-176.30859375, 177.462490797)]]",9900
"[[(24102427.76, 25156487.93), (-90.0, 405.658498), (-176.30859375, -72858.79)]]",0
"[[(25863706.92, 27927398.72), (-90.0, 405.658498), (-176.30859375, -1499095.31)]]",0
"[[(46172946.17, 47557375.95), (-90.0, -2482357.56), (-176.30859375, -728489.13)]]",0
"[[(9985582.71, 12968953.59), (-90.0, 405.658498), (-176.30859375, 177.462490797)]]",761
"[[(4983304.07, 5972144.16), (-90.0, -399532.26), (-176.30859375, 177.462490797)]]",0
"[[(2528356.52, 5366800.61), (-90.0, -1427570.02), (-176.30859375, -1201017.22)]]",0
"[[(49801151.3, 49970811.1), (-90.0, 405.658498), (-176.30859375, -161501.0)]]",0
"[[(7819444.62, 8038920.93), (-90.0, 405.658498), (-176.30859375, -84701.74)]]",0
"[[(27287418.86, 29495766.62), (-90.0, 405.658498), (-176.30859375, 177.462490797)]]",197659
"[[(45392530.02, 48284622.88), (-90.0, 405.658498), (-176.30859375, 177.462490797)]]",815926
"[[(32672929.99, 33178574.92), (-90.0, 405.658498), (-176.30859375, -29536.25)]]",0
"[[(11058789.46, 13875848.56), (-90.0, 405.658498), (-176.30859375, 177.462490797)]]",893
"[[(39032952.75, 40115983.4), (-90.0, -2026686.1), (-176.30859375, 177.462490797)]]",0
"[[(40377527.93, 41814966.08), (-90.0, -442400.37), (-176.30859375, -810716.0)]]",0
"[[(45556589.59, 48222323.01), (-90.0, -335186.12), (-176.30859375, -2019988.1)]]",0
"[[(49851172.74, 51223443.63), (-90.0, 405.658498), (-176.30859375, 177.462490797)]]",501151
"[[(36854384.4, 38280737.63), (-90.0, 405.658498), (-176.30859375, 177.462490797)]]",306559
"[[(7907800.08, 8837392.99), (-90.0, -60819.23), (-176.30859375, -389946.18)]]",0
"[[(35883048.56, 37475524.96), (-90.0, -571357.07), (-176.30859375, 177.462490797)]]",0
"[[(4551729.51, 6368826.9), (-90.0, 405.658498), (-176.30859375, -1410969.05)]]",0
"[[(26773710.2, 27903975.0), (-90.0, 405.658498), (-176.30859375, 177.462490797)]]",89884
"[[(1158980.67, 2163975.17), (-90.0, 405.658498), (-176.30859375, 177.462490797)]]",5
"[[(43351420.65, 44851165.93), (-90.0, 405.658498), (-176.30859375, -88511.16)]]",0
"[[(35830150.13, 37014561.16), (-90.0, -2153722.15), (-176.30859375, 177.462490797)]]",0
"[[(8687979.38, 11001480.42), (-90.0, 405.658498), (-176.30859375, 177.462490797)]]",848
"[[(20548280.32, 21169200.71), (-90.0, -1266452.95), (-176.30859375, -1292571.61)]]",0
"[[(15678021.19, 17798254.29), (-90.0, 405.658498), (-176.30859375, 177.462490797)]]",1140
"[[(43667147.65, 44083581.69), (-90.0, 405.658498), (-176.30859375, -363973.37)]]",0
"[[(25583840.58, 28353703.03), (-90.0, -992798.52), (-176.30859375, -2825347.37)]]",0
"[[(38252162.45, 38305725.99), (-90.0, -57630.04), (-176.30859375, 177.462490797)]]",0
"[[(9685186.81, 11279753.64), (-90.0, -1699371.53), (-176.30859375, 177.462490797)]]",0
"[[(18612420.05, 20363013.19), (-90.0, -688538.2), (-176.30859375, 177.462490797)]]",0
"[[(2281099.36, 2286324.61), (-90.0, 405.658498), (-176.30859375, 177.462490797)]]",0
"[[(36334113.43, 39084917.69), (-90.0, -819059.43), (-176.30859375, -105843.9)]]",0
"[[(35285806.18, 37123053.82), (-90.0, -1593669.66), (-176.30859375, -626435.67)]]",0
"[[(11749488.01, 13941842.55), (-90.0, 405.658498), (-176.30859375, -2805452.94)]]",0
"[[(9699077.96, 12296217.93), (-90.0, 405.658498), (-176.30859375, 177.462490797)]]",720
"[[(17571137.59, 18313063.34), (-90.0, 405.658498), (-176.30859375, 177.462490797)]]",411
"[[(575887.52, 2755022.86), (-90.0, -425417.85), (-176.30859375, 177.462490797)]]",0
"[[(48180674.59, 50548279.34), (-90.0, 405.658498), (-176.30859375, -342476.83)]]",0
"[[(833354.89, 3237777.94), (-90.0, 405.658498), (-176.30859375, -1723413.56)]]",0
"[[(25205643.35, 26299717.54), (-90.0, 405.658498), (-176.30859375, 177.462490797)]]",47950
"[[(6215654.46, 9162117.42), (-90.0, -420077.6), (-176.30859375, 177.462490797)]]",0
"[[(45774118.11, 46647165.11), (-90.0, 405.658498), (-176.30859375, -529504.96)]]",0
"[[(12517179.15, 14082525.45), (-90.0, 405.658498), (-176.30859375, -1493888.86)]]",0
"[[(36411764.23, 39493714.91), (-90.0, -871042.05), (-176.30859375, -1692231.32)]]",0
"[[(30737664.1, 32805864.26), (-90.0, 405.658498), (-176.30859375, -2244026.51)]]",0
"[[(13928697.06, 16990680.23), (-90.0, -1952591.92), (-176.30859375, -21504.11)]]",0
"[[(34321344.24, 35706802.45), (-90.0, -1655236.38), (-176.30859375, 177.462490797)]]",0
"[[(2781828.89, 5859563.31), (-90.0, -1249773.33), (-176.30859375, 177.462490797)]]",0
"[[(38324909.74, 41467540.5), (-90.0, -423107.29), (-176.30859375, 177.462490797)]]",0
"[[(16908023.26, 19803411.26), (-90.0, -774215.48), (-176.30859375, 177.462490797)]]",0
"[[(5555040.69, 6323378.77), (-90.0, -32535.55), (-176.30859375, -1290800.57)]]",0
"[[(35499103.6, 37058172.53), (-90.0, 405.658498), (-176.30859375, -1148061.42)]]",0
"[[(29475159.08, 30725993.41), (-90.0, 405.658498), (-176.30859375, -1925551.89)]]",0
"[[(12146113.17, 15240448.81), (-90.0, -701072.2), (-176.30859375, 177.462490797)]]",0
"[[(16135046.68, 17442764.37), (-90.0, -637058.79), (-176.30859375, -1117659.23)]]",0
"[[(24827652.24, 26464195.25), (-90.0, -1676644.34), (-176.30859375, 177.462490797)]]",0
"[[(24717843.34, 26739157.86), (-90.0, -1302250.97), (-176.30859375, 177.462490797)]]",0
"[[(9573825.57, 10253727.11), (-90.0, -394989.28), (-176.30859375, -526588.51)]]",0
"[[(1145291.57, 1952141.54), (-90.0, 405.658498), (-176.30859375, -99164.34)]]",0
"[[(31118345.55, 31689406.42), (-90.0, 405.658498), (-176.30859375, -1076455.95)]]",0
"[[(38535657.25, 39509364.69), (-90.0, 405.658498), (-176.30859375, -685047.3)]]",0
"[[(6976752.3, 9350429.04), (-90.0, -1146181.93), (-176.30859375, -444660.41)]]",0
"[[(1066980.76, 4082524.58), (-90.0, -142434.37), (-176.30859375, 177.462490797)]]",0
"[[(36857008.44, 37559076.21), (-90.0, -1642621.36), (-176.30859375, 177.462490797)]]",0
"[[(39149454.41, 39792441.15), (-90.0, 405.658498), (-176.30859375, -1251247.31)]]",0
"[[(18500255.11, 20491127.73), (-90.0, -399031.81), (-176.30859375, -1377162.01)]]",0
"[[(20714127.48, 23132778.9), (-90.0, -703389.83), (-176.30859375, 177.462490797)]]",0
"[[(587237.26, 2084425.42), (-90.0, 405.658498), (-176.30859375, -1768048.95)]]",0
"[[(50494318.42, 51963878.64), (-90.0, 405.658498), (-176.30859375, 177.462490797)]]",557834
"[[(33786961.58, 34030783.99), (-90.0, 405.658498), (-176.30859375, -1326413.61)]]",0
"[[(11738981.97, 14350824.29), (-90.0, 405.658498), (-176.30859375, 177.462490797)]]",857
"[[(21040457.33, 23990641.19), (-90.0, 405.658498), (-176.30859375, -878796.88)]]",0
"[[(45083490.33, 47324748.95), (-90.0, 405.658498), (-176.30859375, 177.462490797)]]",604203
"[[(1325073.78, 4274993.25), (-90.0, 405.658498), (-176.30859375, -37245.86)]]",0
"[[(26091159.83, 27703511.1), (-90.0, -2765250.0), (-176.30859375, -2182218.29)]]",0
"[[(12443649.51, 12601590.02), (-90.0, -599785.88), (-176.30859375, 177.462490797)]]",0
"[[(19500138.38, 20963816.99), (-90.0, 405.658498), (-176.30859375, -2395894.28)]]",0
"[[(20442044.06, 20870969.24), (-90.0, -2630758.87), (-176.30859375, 177.462490797)]]",0
"[[(9627646.73, 12747559.0), (-90.0, -144646.43), (-176.30859375, 177.462490797)]]",0
"[[(25716541.71, 26504227.83), (-90.0, -1156030.0), (-176.30859375, 177.462490797)]]",0
"[[(46019542.47, 46300054.42), (-90.0, 405.658498), (-176.30859375, -87879.3)]]",0
"[[(10427430.96, 11046451.51), (-90.0, 405.658498), (-176.30859375, -843962.09)]]",0
"[[(14435697.37, 15231187.84), (-90.0, 405.658498), (-176.30859375, 177.462490797)]]",306
"[[(21873614.49, 24639305.81), (-90.0, -247077.31), (-176.30859375, -1572127.33)]]",0
"[[(25485136.88, 28421845.68), (-90.0, 405.658498), (-176.30859375, -2006825.04)]]",0
"[[(45368167.13, 47348845.03), (-90.0, 405.658498), (-176.30859375, 177.462490797)]]",535484
"[[(40679128.13, 42001651.67), (-90.0, 405.658498), (-176.30859375, 177.462490797)]]",260828
"[[(19608140.76, 20090095.54), (-90.0, 405.658498), (-176.30859375, -613392.94)]]",0
"[[(6077266.56, 8928233.58), (-90.0, -152873.96), (-176.30859375, 177.462490797)]]",0
"[[(23005510.05, 23580489.93), (-90.0, -269045.02), (-176.30859375, -2590521.96)]]",0
"[[(16192778.16, 16537687.88), (-90.0, -851011.03), (-176.30859375, -770040.43)]]",0
"[[(400219.54, 1594962.74), (-90.0, -1676136.56), (-176.30859375, 177.462490797)]]",0
"[[(40219079.94, 40278317.97), (-90.0, -2095059.97), (-176.30859375, 177.462490797)]]",0
"[[(31093141.74, 33563554.4), (-90.0, -2220454.91), (-176.30859375, 177.462490797)]]",0
"[[(6785784.41, 8195626.09), (-90.0, 405.658498), (-176.30859375, -254896.96)]]",0
"[[(38927711.13, 41589883.9), (-90.0, 405.658498), (-176.30859375, -1904641.74)]]",0
"[[(8256941.83, 8947770.96), (-90.0, 405.658498), (-176.30859375, -322490.99)]]",0
"[[(19061239.4, 20585127.53), (-90.0, -1429963.1), (-176.30859375, -457970.9)]]",0
"[[(46692857.98, 49916718.24), (-90.0, 405.658498), (-176.30859375, -1395051.66)]]",0
"[[(44755460.29, 47295616.02), (-90.0, 405.658498), (-176.30859375, 177.462490797)]]",673277
"[[(29062262.83, 31574901.93), (-90.0, -788827.35), (-176.30859375, 177.462490797)]]",0
"[[(30524101.46, 33371729.79), (-90.0, -359337.43), (-176.30859375, 177.462490797)]]",0
"[[(26094866.42, 28053122.36), (-90.0, 405.658498), (-176.30859375, 177.462490797)]]",137516
"[[(12341034.3, 15407596.43), (-90.0, 405.658498), (-176.30859375, -266957.85)]]",0
"[[(5389779.74, 8048762.64), (-90.0, -360712.69), (-176.30859375, 177.462490797)]]",0
"[[(15840417.52, 17282178.19), (-90.0, -2918028.77), (-176.30859375, -361421.11)]]",0
"[[(48321742.42, 51333236.22), (-90.0, -127888.73), (-176.30859375, 177.462490797)]]",0
"[[(21851180.1, 22141051.86), (-90.0, -1675233.83), (-176.30859375, 177.462490797)]]",0
"[[(33844607.94, 35178954.98), (-90.0, 405.658498), (-176.30859375, 177.462490797)]]",233391
"[[(39761140.21, 42260552.86), (-90.0, -2097733.84), (-176.30859375, 177.462490797)]]",0
"[[(5351941.61, 5815109.15), (-90.0, -1237890.09), (-176.30859375, -788458.18)]]",0
"[[(20359743.42, 22356028.48), (-90.0, 405.658498), (-176.30859375, -1705446.58)]]",0
"[[(38631548.54, 39156380.7), (-90.0, 405.658498), (-176.30859375, 177.462490797)]]",108221
"[[(10135688.39, 12929188.18), (-90.0, -1193475.64), (-176.30859375, 177.462490797)]]",0
"[[(37051251.27, 39614124.12), (-90.0, 405.658498), (-176.30859375, -967495.24)]]",0
"[[(29572333.48, 30568979.98), (-90.0, -1997318.56), (-176.30859375, 177.462490797)]]",0
"[[(16924239.17, 19491329.81), (-90.0, 405.658498), (-176.30859375, 177.462490797)]]",1735
"[[(18145945.9, 18762152.08), (-90.0, -601170.49), (-176.30859375, 177.462490797)]]",0
"[[(31937843.86, 34262723.94), (-90.0, 405.658498), (-176.30859375, 177.462490797)]]",291257
"[[(47525913.78, 48634076.49), (-90.0, -131625.8), (-176.30859375, 177.462490797)]]",0
"[[(49185855.21, 52028845.34), (-90.0, -824077.67), (-176.30859375, -576443.39)]]",0
"[[(17431091.74, 20268797.95), (-90.0, -1519869.54), (-176.30859375, 177.462490797)]]",0
"[[(3377042.36, 5107655.46), (-90.0, -2016941.82), (-176.30859375, 177.462490797)]]",0
"[[(27170008.35, 28238474.53), (-90.0, 405.658498), (-176.30859375, 177.462490797)]]",97106
"[[(23953068.6, 25758983.0), (-90.0, -33786.19), (-176.30859375, 177.462490797)]]",0
"[[(16272513.88, 16368554.43), (-90.0, 405.658498), (-176.30859375, -558513.54)]]",0
"[[(39614841.17, 41041894.2), (-90.0, -987545.16), (-176.30859375, -405434.0)]]",0
"[[(46388173.95, 46508278.81), (-90.0, -1142173.23), (-176.30859375, -406112.27)]]",0
"[[(11702504.8, 14156764.22), (-90.0, 405.658498), (-176.30859375, -395847.1)]]",0
"[[(8526084.37, 11011453.36), (-90.0, -1970278.95), (-176.30859375, 177.462490797)]]",0
"[[(32046891.36, 33479552.58), (-90.0, 405.658498), (-176.30859375, -76828.11)]]",0
"[[(42194557.72, 43949420.17), (-90.0, -228787.66), (-176.30859375, 177.462490797)]]",0
"[[(21610262.56, 23248061.92), (-90.0, 405.658498), (-176.30859375, 177.462490797)]]",24080
"[[(304781.68, 2609328.87), (-90.0, 405.658498), (-176.30859375, 177.462490797)]]",6
"[[(1831724.43, 4184296.26), (-90.0, -1082968.54), (-176.30859375, 177.462490797)]]",0
"[[(50144059.8, 52878316.61), (-90.0, -1019318.98), (-176.30859375, -2128134.85)]]",0
"[[(402383.79, 841509.1), (-90.0, 405.658498), (-176.30859375, -1019522.52)]]",0
"[[(30936368.92, 33087534.11), (-90.0, -1035606.24), (-176.30859375, -164666.56)]]",0
"[[(3527616.77, 3832497.65), (-90.0, -52035.81), (-176.30859375, 177.462490797)]]",0
"[[(14809288.55, 15273516.28), (-90.0, -1338464.49), (-176.30859375, -1273862.68)]]",0
"[[(21532955.53, 21556805.02), (-90.0, 405.658498), (-176.30859375, -630126.81)]]",0
"[[(19029628.75, 20359809.09), (-90.0, -1987016.29), (-176.30859375, -1639567.68)]]",0
"[[(12368912.05, 12673434.59), (-90.0, 405.658498), (-176.30859375, -2040667.58)]]",0
"[[(31712795.56, 33273598.62), (-90.0, 405.658498), (-176.30859375, -1244355.34)]]",0
"[[(873236.76, 3133641.19), (-90.0, -1240767.02), (-176.30859375, -1581818.22)]]",0
"[[(9045470.58, 9869962.02), (-90.0, -1175356.06), (-176.30859375, -1541048.39)]]",0
"[[(7338804.17, 9087122.99), (-90.0, 405.658498), (-176.30859375, -893479.2)]]",0
"[[(4423999.19, 7176652.91), (-90.0, -1625714.46), (-176.30859375, 177.462490797)]]",0
"[[(48909162.08, 50874647.8), (-90.0, 405.658498), (-176.30859375, -854178.23)]]",0
"[[(23732159.08, 25962623.78), (-90.0, 405.658498), (-176.30859375, -24369.09)]]",0
"[[(7929738.61, 10558202.2), (-90.0, 405.658498), (-176.30859375, -1708615.17)]]",0
"[[(16279260.7, 16344641.29), (-90.0, 405.658498), (-176.30859375, 177.462490797)]]",70
"[[(40987637.32, 42789402.08), (-90.0, -172842.12), (-176.30859375, 177.462490797)]]",0
"[[(9928724.24, 11295607.18), (-90.0, 405.658498), (-176.30859375, 177.462490797)]]",360
"[[(48441495.42, 49007610.29), (-90.0, -477902.71), (-176.30859375, -2638494.66)]]",0
"[[(32380014.0, 33955797.43), (-90.0, -2226665.91), (-176.30859375, -505223.27)]]",0
"[[(9572257.41, 11824437.03), (-90.0, -602842.32), (-176.30859375, -1709923.82)]]",0
"[[(844426.18, 2357451.8), (-90.0, -566731.88), (-176.30859375, 177.462490797)]]",0
"[[(8404234.82, 10501087.59), (-90.0, -2006950.73), (-176.30859375, 177.462490797)]]",0
"[[(32212564.23, 33235848.38), (-90.0, -272252.07), (-176.30859375, -222203.31)]]",0
"[[(14927523.04, 16070695.45), (-90.0, 405.658498), (-176.30859375, 177.462490797)]]",526
"[[(48113454.32, 50988616.29), (-90.0, 405.658498), (-176.30859375, -79736.28)]]",0
"[[(43096731.73, 45188747.97), (-90.0, 405.658498), (-176.30859375, -1264328.51)]]",0
"[[(50521091.93, 52245080.16), (-90.0, -1178841.68), (-176.30859375, 177.462490797)]]",0
"[[(10080053.78, 12672706.76), (-90.0, -691402.04), (-176.30859375, -1259646.51)]]",0
"[[(9922755.16, 11204564.02), (-90.0, -2057361.81), (-176.30859375, -1599945.18)]]",0
"[[(42485626.97, 45098215.58), (-90.0, -77797.3), (-176.30859375, 177.462490797)]]",0
"[[(36298774.0, 36925060.65), (-90.0, -1271007.24), (-176.30859375, 177.462490797)]]",0
"[[(14903143.78, 18123903.01), (-90.0, 405.658498), (-176.30859375, 177.462490797)]]",1655
"[[(49657878.78, 50711127.46), (-90.0, -1514957.23), (-176.30859375, -909513.22)]]",0
"[[(19290896.37, 19383710.6), (-90.0, 405.658498), (-176.30859375, -1394375.25)]]",0
"[[(3518135.02, 4933960.26), (-90.0, 405.658498), (-176.30859375, 177.462490797)]]",826
"[[(37269763.05, 39218183.98), (-90.0, 405.658498), (-176.30859375, 177.462490797)]]",414386
"[[(28943935.23, 32162149.88), (-90.0, -460411.93), (-176.30859375, -1288232.32)]]",0
"[[(24775067.57, 27816551.43), (-90.0, 405.658498), (-176.30859375, -873205.26)]]",0
"[[(20279652.21, 22348478.02), (-90.0, 405.658498), (-176.30859375, 177.462490797)]]",21168
"[[(32984883.46, 33718329.47), (-90.0, 405.658498), (-176.30859375, 177.462490797)]]",88169
"[[(21254232.41, 23290802.65), (-90.0, -772694.69), (-176.30859375, 177.462490797)]]",0
"[[(40851660.5, 41682567.11), (-90.0, -640951.96), (-176.30859375, 177.462490797)]]",0
"[[(16857718.56, 18652589.03), (-90.0, 405.658498), (-176.30859375, -569263.91)]]",0
"[[(10237174.19, 11021275.07), (-90.0, 405.658498), (-176.30859375, -302298.36)]]",0
"[[(1332055.21, 4334903.58), (-90.0, 405.658498), (-176.30859375, -149029.72)]]",0
"[[(24322649.7, 26091707.17), (-90.0, -925348.86), (-176.30859375, -2080317.87)]]",0
"[[(46807819.94, 48486848.63), (-90.0, -598987.74), (-176.30859375, 177.462490797)]]",0
"[[(49791329.34, 49925759.49), (-90.0, 405.658498), (-176.30859375, 177.462490797)]]",44457
"[[(10557823.01, 13186952.72), (-90.0, 405.658498), (-176.30859375, -502634.16)]]",0
"[[(35932711.95, 37523829.35), (-90.0, -1517616.56), (-176.30859375, -369505.8)]]",0
"[[(10805788.44, 13073289.04), (-90.0, 405.658498), (-176.30859375, 177.462490797)]]",625
"[[(6546039.37, 6881795.62), (-90.0, -109852.35), (-176.30859375, 177.462490797)]]",0
"[[(31274103.15, 32028779.98), (-90.0, 405.658498), (-176.30859375, 177.462490797)]]",93029
"[[(42117186.01, 45024111.56), (-90.0, 405.658498), (-176.30859375, -1506487.13)]]",0
"[[(34935660.75, 37524341.65), (-90.0, 405.658498), (-176.30859375, -280485.8)]]",0
"[[(36575226.66, 39360076.27), (-90.0, -679322.28), (-176.30859375, -58676.01)]]",0
"[[(3419881.95, 5959748.51), (-90.0, -323050.51), (-176.30859375, 177.462490797)]]",0
"[[(42386770.37, 43611456.19), (-90.0, 405.658498), (-176.30859375, -974150.14)]]",0
"[[(49813022.92, 52407577.08), (-90.0, -1596421.32), (-176.30859375, 177.462490797)]]",0
"[[(29577483.97, 31770293.27), (-90.0, 405.658498), (-176.30859375, -810944.91)]]",0
"[[(30262574.18, 30336411.73), (-90.0, 405.658498), (-176.30859375, 177.462490797)]]",8739
"[[(29779720.57, 30494438.36), (-90.0, -2125747.51), (-176.30859375, -1117551.19)]]",0
"[[(35178664.8, 35394037.18), (-90.0, 405.658498), (-176.30859375, -645224.57)]]",0
"[[(34596355.42, 36236465.8), (-90.0, -81168.62), (-176.30859375, -222903.49)]]",0
"[[(825483.73, 1715340.14), (-90.0, -351255.64), (-176.30859375, -659105.49)]]",0
"[[(19402081.11, 22017164.42), (-90.0, -71707.84), (-176.30859375, -531650.23)]]",0
"[[(44423274.22, 46827128.97), (-90.0, 405.658498), (-176.30859375, 177.462490797)]]",620106
"[[(26822928.14, 26848319.79), (-90.0, 405.658498), (-176.30859375, 177.462490797)]]",1598
"[[(23603590.42, 24450132.99), (-90.0, 405.658498), (-176.30859375, -431965.24)]]",0
"[[(4674094.55, 7107665.66), (-90.0, -1945289.35), (-176.30859375, 177.462490797)]]",0
"[[(14261755.95, 16707908.3), (-90.0, 405.658498), (-176.30859375, 177.462490797)]]",1061
"[[(24490588.84, 24964029.7), (-90.0, -999274.94), (-176.30859375, -688626.1)]]",0
"[[(4862566.6, 6382175.89), (-90.0, -969947.68), (-176.30859375, -40072.42)]]",0
"[[(5254226.76, 5695062.47), (-90.0, 405.658498), (-176.30859375, -888452.88)]]",0
"[[(28768851.47, 29404760.29), (-90.0, -2139875.51), (-176.30859375, 177.462490797)]]",0
"[[(18519993.27, 21122011.98), (-90.0, -3221130.68), (-176.30859375, -362782.98)]]",0
"[[(1998943.95, 2058527.56), (-90.0, -1813748.43), (-176.30859375, 177.462490797)]]",0
"[[(21239284.23, 22600473.91), (-90.0, 405.658498), (-176.30859375, 177.462490797)]]",17560
"[[(50967148.49, 53442812.28), (-90.0, -2427051.0), (-176.30859375, 177.462490797)]]",0
"[[(21754050.09, 24992163.3), (-90.0, -1820195.15), (-176.30859375, -259539.8)]]",0
"[[(18167751.38, 20785441.71), (-90.0, 405.658498), (-176.30859375, 177.462490797)]]",6705
"[[(3612828.21, 4504137.58), (-90.0, -396838.85), (-176.30859375, -1535562.39)]]",0
"[[(25056571.05, 26591033.84), (-90.0, -2414362.91), (-176.30859375, -486343.24)]]",0
"[[(46178027.88, 46262919.54), (-90.0, -376650.41), (-176.30859375, 177.462490797)]]",0
"[[(48342693.56, 48536804.89), (-90.0, -1088826.33), (-176.30859375, -1804052.64)]]",0
"[[(20227672.22, 20254044.23), (-90.0, 405.658498), (-176.30859375, 177.462490797)]]",68
"[[(33718074.51, 35361417.94), (-90.0, -697687.26), (-176.30859375, -1329732.35)]]",0
"[[(22469175.66, 22769517.89), (-90.0, -16115.45), (-176.30859375, 177.462490797)]]",0
"[[(19269745.07, 21537299.43), (-90.0, 405.658498), (-176.30859375, -1927415.37)]]",0
"[[(811360.64, 1937836.37), (-90.0, 405.658498), (-176.30859375, -1295208.26)]]",0
"[[(11166227.09, 13028862.09), (-90.0, 405.658498), (-176.30859375, -2127842.03)]]",0
"[[(13852842.76, 15161809.48), (-90.0, -1378664.1), (-176.30859375, 177.462490797)]]",0
"[[(2599554.23, 4678047.16), (-90.0, -1717389.14), (-176.30859375, -282396.78)]]",0
"[[(3405079.99, 4667108.91), (-90.0, 405.658498), (-176.30859375, 177.462490797)]]",789
"[[(32652615.14, 34194794.09), (-90.0, -650391.0), (-176.30859375, 177.462490797)]]",0
"[[(19271652.52, 19789798.75), (-90.0, -1827735.48), (-176.30859375, 177.462490797)]]",0
"[[(22912389.91, 23922162.03), (-90.0, 405.658498), (-176.30859375, 177.462490797)]]",18030
"[[(846391.93, 1564693.11), (-90.0, -1423304.74), (-176.30859375, 177.462490797)]]",0
"[[(18753587.66, 21460625.25), (-90.0, 405.658498), (-176.30859375, -462043.69)]]",0
"[[(49176297.27, 51188367.75), (-90.0, -77884.2), (-176.30859375, 177.462490797)]]",0
"[[(40013714.52, 40067745.49), (-90.0, -2154928.36), (-176.30859375, -46826.28)]]",0
"[[(25038466.05, 26469042.26), (-90.0, -626135.17), (-176.30859375, 177.462490797)]]",0
"[[(33849301.15, 35646635.89), (-90.0, -573485.33), (-176.30859375, -272996.39)]]",0
"[[(37111780.59, 39953126.02), (-90.0, 405.658498), (-176.30859375, 177.462490797)]]",596552
"[[(50449413.49, 52843063.2), (-90.0, -1698574.62), (-176.30859375, -1103954.94)]]",0
"[[(43942037.87, 47177603.38), (-90.0, -1494312.24), (-176.30859375, 177.462490797)]]",0
"[[(25684319.57, 27431620.14), (-90.0, -2075593.56), (-176.30859375, 177.462490797)]]",0
"[[(39976998.4, 42950699.78), (-90.0, 405.658498), (-176.30859375, -317323.28)]]",0
"[[(27222286.97, 28759103.2), (-90.0, -846386.74), (-176.30859375, -205568.11)]]",0
"[[(25921867.08, 26561514.37), (-90.0, 405.658498), (-176.30859375, 177.462490797)]]",30813
"[[(5938353.21, 7581526.4), (-90.0, 405.658498), (-176.30859375, 177.462490797)]]",441
"[[(24333625.33, 25113199.3), (-90.0, 405.658498), (-176.30859375, 177.462490797)]]",23811
"[[(31199207.14, 32737458.74), (-90.0, 405.658498), (-176.30859375, 177.462490797)]]",191964
"[[(38335970.83, 40850436.0), (-90.0, 405.658498), (-176.30859375, -1786348.98)]]",0
"[[(10925072.08, 13909142.1), (-90.0, 405.658498), (-176.30859375, -728769.28)]]",0
"[[(42620091.91, 44949734.23), (-90.0, 405.658498), (-176.30859375, -2499326.56)]]",0
"[[(8581576.14, 9719116.44), (-90.0, 405.658498), (-176.30859375, -1261127.48)]]",0
"[[(37535582.46, 38030138.68), (-90.0, -1545320.87), (-176.30859375, -77481.73)]]",0
"[[(34086595.06, 36400970.36), (-90.0, -1763478.34), (-176.30859375, 177.462490797)]]",0
"[[(47240596.12, 48156608.87), (-90.0, -545361.71), (-176.30859375, -25455.19)]]",0
"[[(39431699.69, 41279008.48), (-90.0, -456365.92), (-176.30859375, 177.462490797)]]",0
"[[(45940510.54, 48615829.74), (-90.0, 405.658498), (-176.30859375, -2265759.86)]]",0
"[[(18903292.35, 20578637.12), (-90.0, 405.658498), (-176.30859375, -57091.61)]]",0
"[[(24380947.97, 24762908.63), (-90.0, -2888444.38), (-176.30859375, 177.462490797)]]",0
"[[(37372842.76, 38839393.03), (-90.0, 405.658498), (-176.30859375, -1339989.37)]]",0
"[[(49802998.36, 49920425.69), (-90.0, 405.658498), (-176.30859375, -1231404.26)]]",0
"[[(37954822.69, 39565861.61), (-90.0, 405.658498), (-176.30859375, 177.462490797)]]",338154
"[[(10492145.21, 12462572.94), (-90.0, 405.658498), (-176.30859375, -2636450.59)]]",0
"[[(37650977.43, 40136626.08), (-90.0, 405.658498), (-176.30859375, 177.462490797)]]",505705
"[[(15996543.54, 18980646.33), (-90.0, -1033914.45), (-176.30859375, 177.462490797)]]",0
"[[(18753105.47, 19163433.96), (-90.0, -1216353.93), (-176.30859375, -39052.6)]]",0
"[[(14897222.3, 15978231.19), (-90.0, 405.658498), (-176.30859375, -1052060.56)]]",0
"[[(31202709.56, 33096089.03), (-90.0, 405.658498), (-176.30859375, -2056584.25)]]",0
"[[(50120529.8, 51157497.24), (-90.0, -1796192.11), (-176.30859375, 177.462490797)]]",0
"[[(4580337.69, 7049052.31), (-90.0, -448219.83), (-176.30859375, 177.462490797)]]",0
"[[(7117311.09, 7986543.78), (-90.0, 405.658498), (-176.30859375, -873425.18)]]",0
"[[(34926854.19, 37673202.32), (-90.0, 405.658498), (-176.30859375, 177.462490797)]]",625883
"[[(37159489.27, 39598547.34), (-90.0, -1070438.34), (-176.30859375, 177.462490797)]]",0
"[[(25820926.55, 26305845.24), (-90.0, 405.658498), (-176.30859375, -778739.88)]]",0
"[[(7842602.48, 8319740.24), (-90.0, 405.658498), (-176.30859375, -158503.55)]]",0
"[[(14793697.7, 17473398.01), (-90.0, 405.658498), (-176.30859375, 177.462490797)]]",1256
"[[(38319956.22, 40274172.17), (-90.0, 405.658498), (-176.30859375, -869459.08)]]",0
"[[(14808497.09, 17377480.02), (-90.0, 405.658498), (-176.30859375, 177.462490797)]]",1176
"[[(26093501.23, 26867045.05), (-90.0, -412923.5), (-176.30859375, 177.462490797)]]",0
"[[(22811921.29, 25930616.84), (-90.0, 405.658498), (-176.30859375, -47436.71)]]",0
"[[(34207788.14, 34699504.66), (-90.0, -1076137.42), (-176.30859375, 177.462490797)]]",0
"[[(33123860.23, 34283913.41), (-90.0, -27052.97), (-176.30859375, 177.462490797)]]",0
"[[(1824981.76, 1984544.4), (-90.0, -1755725.34), (-176.30859375, 177.462490797)]]",0
"[[(6182505.08, 8641547.71), (-90.0, -1265414.11), (-176.30859375, 177.462490797)]]",0
"[[(11571655.76, 14703197.04), (-90.0, 405.658498), (-176.30859375, 177.462490797)]]",1042
"[[(27188556.15, 29397711.87), (-90.0, 405.658498), (-176.30859375, -141785.18)]]",0
"[[(24834944.0, 25482253.11), (-90.0, 405.658498), (-176.30859375, 177.462490797)]]",23284
"[[(14218255.52, 14241588.87), (-90.0, 405.658498), (-176.30859375, -1702425.91)]]",0
"[[(50055639.25, 51647016.16), (-90.0, 405.658498), (-176.30859375, -1457392.95)]]",0
"[[(14568796.13, 17662963.01), (-90.0, -2080129.98), (-176.30859375, -1295530.77)]]",0
"[[(22831481.82, 25506718.65), (-90.0, -134113.38), (-176.30859375, 177.462490797)]]",0
"[[(7705574.89, 9017754.08), (-90.0, 405.658498), (-176.30859375, 177.462490797)]]",428
"[[(42010244.93, 42447173.84), (-90.0, 405.658498), (-176.30859375, -1067671.05)]]",0
"[[(39873896.5, 41514559.6), (-90.0, -1798986.62), (-176.30859375, -392078.8)]]",0
"[[(32080461.42, 33679413.71), (-90.0, -691113.32), (-176.30859375, -469889.96)]]",0
"[[(14914450.14, 15000380.27), (-90.0, 405.658498), (-176.30859375, 177.462490797)]]",28
"[[(22978943.46, 25010113.03), (-90.0, 405.658498), (-176.30859375, -1535417.54)]]",0
"[[(47131178.98, 49694413.15), (-90.0, -172895.74), (-176.30859375, 177.462490797)]]",0
"[[(22292488.84, 23851134.69), (-90.0, 405.658498), (-176.30859375, -2241343.85)]]",0
"[[(9868275.36, 10271311.41), (-90.0, 405.658498), (-176.30859375, -2635376.55)]]",0
"[[(48786143.75, 50967180.64), (-90.0, -836422.88), (-176.30859375, 177.462490797)]]",0
"[[(36246142.54, 36436507.05), (-90.0, -2609977.92), (-176.30859375, -987062.15)]]",0
"[[(27286044.27, 27796131.03), (-90.0, -1767659.3), (-176.30859375, 177.462490797)]]",0
"[[(1167831.97, 2795223.86), (-90.0, 405.658498), (-176.30859375, 177.462490797)]]",5
"[[(18818838.08, 19684732.98), (-90.0, -1096260.92), (-176.30859375, -928062.45)]]",0
"[[(8270867.89, 9941061.25), (-90.0, 405.658498), (-176.30859375, -1342579.14)]]",0
"[[(29576425.12, 32128994.55), (-90.0, -555982.57), (-176.30859375, 177.462490797)]]",0
"[[(13748581.47, 14101797.88), (-90.0, 405.658498), (-176.30859375, 177.462490797)]]",136
"[[(4875302.93, 6646370.36), (-90.0, 405.658498), (-176.30859375, -76273.06)]]",0
"[[(50383334.54, 52424022.12), (-90.0, -716188.47), (-176.30859375, 177.462490797)]]",0
"[[(25788536.23, 28738042.14), (-90.0, 405.658498), (-176.30859375, 177.462490797)]]",208022
"[[(20011956.03, 20913227.63), (-90.0, 405.658498), (-176.30859375, -1187663.0)]]",0
"[[(26069141.15, 29290040.25), (-90.0, -973465.72), (-176.30859375, -235713.46)]]",0
"[[(546016.51, 2009925.97), (-90.0, 405.658498), (-176.30859375, 177.462490797)]]",5
"[[(9947782.99, 10486414.17), (-90.0, -833578.67), (-176.30859375, -1346555.26)]]",0
"[[(29268507.28, 29440588.06), (-90.0, -560958.87), (-176.30859375, -745551.03)]]",0
"[[(7259077.22, 8906997.95), (-90.0, -258363.1), (-176.30859375, -843735.96)]]",0
"[[(4971491.8, 5926038.11), (-90.0, 405.658498), (-176.30859375, -1411790.66)]]",0
"[[(20678289.08, 23648869.93), (-90.0, 405.658498), (-176.30859375, -14118.29)]]",0
"[[(41959055.51, 43694301.85), (-90.0, 405.658498), (-176.30859375, -377511.03)]]",0
"[[(10460532.28, 12976299.25), (-90.0, -20581.64), (-176.30859375, 177.462490797)]]",0
"[[(26570176.12, 27440813.6), (-90.0, -431626.72), (-176.30859375, -497010.49)]]",0
"[[(29745766.43, 32451064.63), (-90.0, 405.658498), (-176.30859375, 177.462490797)]]",332121
"[[(21784533.86, 24056798.37), (-90.0, 405.658498), (-176.30859375, 177.462490797)]]",37735
"[[(4910646.07, 5875072.08), (-90.0, -1016420.8), (-176.30859375, -1167154.29)]]",0
"[[(43361873.62, 46384320.87), (-90.0, 405.658498), (-176.30859375, -715748.42)]]",0
"[[(27184809.88, 28219923.77), (-90.0, -1440847.67), (-176.30859375, 177.462490797)]]",0
"[[(17418878.33, 17994339.34), (-90.0, 405.658498), (-176.30859375, 177.462490797)]]",412
"[[(9359110.16, 11421979.67), (-90.0, -903328.59), (-176.30859375, -1055170.91)]]",0
"[[(41478066.19, 41806707.64), (-90.0, -587668.35), (-176.30859375, -191491.54)]]",0
"[[(4749634.8, 4855536.14), (-90.0, -1736324.52), (-176.30859375, -2023599.76)]]",0
"[[(5916280.7, 7108345.14), (-90.0, 405.658498), (-176.30859375, 177.462490797)]]",286
"[[(45814015.33, 48200801.72), (-90.0, 405.658498), (-176.30859375, -882350.17)]]",0
"[[(1096096.94, 1915112.15), (-90.0, -157432.07), (-176.30859375, -319763.38)]]",0
"[[(2088116.25, 3327364.54), (-90.0, -580101.44), (-176.30859375, 177.462490797)]]",0
"[[(25220458.71, 27473505.71), (-90.0, 405.658498), (-176.30859375, 177.462490797)]]",118980
"[[(18980780.65, 21505533.7), (-90.0, 405.658498), (-176.30859375, -794304.9)]]",0
"[[(33842067.19, 36484215.5), (-90.0, -185772.88), (-176.30859375, 177.462490797)]]",0
"[[(14292585.46, 16396750.88), (-90.0, 405.658498), (-176.30859375, -1651896.86)]]",0
"[[(37094523.45, 37866980.98), (-90.0, 405.658498), (-176.30859375, 177.462490797)]]",166346
"[[(2761367.57, 5668975.66), (-90.0, -1444469.42), (-176.30859375, 177.462490797)]]",0
"[[(40268684.1, 41863092.01), (-90.0, 405.658498), (-176.30859375, -658709.41)]]",0
"[[(4936325.13, 7169901.97), (-90.0, -677365.29), (-176.30859375, -1452149.75)]]",0
"[[(5370529.14, 6270488.45), (-90.0, 405.658498), (-176.30859375, -1666283.23)]]",0
"[[(25747383.34, 25892429.5), (-90.0, -631008.31), (-176.30859375, 177.462490797)]]",0
"[[(21078113.5, 21591273.25), (-90.0, -136598.98), (-176.30859375, 177.462490797)]]",0
"[[(40647138.07, 43483896.27), (-90.0, -290412.25), (-176.30859375, -1364488.19)]]",0
"[[(49753020.05, 49782349.27), (-90.0, 405.658498), (-176.30859375, 177.462490797)]]",8093
"[[(6484214.18, 6678343.29), (-90.0, 405.658498), (-176.30859375, 177.462490797)]]",32
"[[(48587474.32, 49858903.4), (-90.0, 405.658498), (-176.30859375, -548043.26)]]",0
"[[(796147.29, 1430921.45), (-90.0, 405.658498), (-176.30859375, -170756.46)]]",0
"[[(49142552.2, 50203500.52), (-90.0, 405.658498), (-176.30859375, 177.462490797)]]",371327
"[[(2627457.9, 2774356.45), (-90.0, -570334.74), (-176.30859375, 177.462490797)]]",0
"[[(10627492.23, 13362685.68), (-90.0, 405.658498), (-176.30859375, 177.462490797)]]",784
"[[(42357610.34, 45281543.52), (-90.0, -1049548.42), (-176.30859375, 177.462490797)]]",0
"[[(21085244.84, 22753287.19), (-90.0, -95738.11), (-176.30859375, -2199442.09)]]",0
"[[(18005665.34, 19762611.24), (-90.0, 405.658498), (-176.30859375, 177.462490797)]]",1530
"[[(45346008.5, 45657648.18), (-90.0, -1868706.02), (-176.30859375, -774079.86)]]",0
"[[(27718504.54, 28272008.4), (-90.0, 405.658498), (-176.30859375, 177.462490797)]]",53399
"[[(12786532.7, 15753207.6), (-90.0, 405.658498), (-176.30859375, 177.462490797)]]",1194
"[[(20695723.27, 22172005.03), (-90.0, -2492800.54), (-176.30859375, -136330.61)]]",0
"[[(33514248.7, 36690519.16), (-90.0, -79904.25), (-176.30859375, -517843.39)]]",0
"[[(9864946.99, 11046616.79), (-90.0, -1813949.69), (-176.30859375, -1520162.62)]]",0
"[[(12416760.15, 12501464.39), (-90.0, -2484862.55), (-176.30859375, -1153946.97)]]",0
"[[(21651822.54, 22598041.6), (-90.0, -2197783.64), (-176.30859375, -167979.39)]]",0
"[[(5259096.87, 7743884.86), (-90.0, 405.658498), (-176.30859375, 177.462490797)]]",555
"[[(22408491.83, 23643698.8), (-90.0, 405.658498), (-176.30859375, 177.462490797)]]",20104
"[[(30571596.52, 32299972.53), (-90.0, -85424.11), (-176.30859375, 177.462490797)]]",0
"[[(9292800.99, 11167061.22), (-90.0, -1898052.41), (-176.30859375, -189320.48)]]",0
"[[(9991744.98, 10718593.35), (-90.0, -10667.93), (-176.30859375, -884506.54)]]",0
"[[(50873599.4, 50913549.06), (-90.0, 405.658498), (-176.30859375, -155864.56)]]",0
"[[(13279550.55, 14806842.85), (-90.0, 405.658498), (-176.30859375, -598188.19)]]",0
"[[(33989330.55, 37013620.33), (-90.0, -2101695.98), (-176.30859375, 177.462490797)]]",0
"[[(9417408.61, 11678516.85), (-90.0, -1405808.95), (-176.30859375, -709193.32)]]",0
"[[(39856813.36, 42869564.23), (-90.0, -912950.18), (-176.30859375, -403448.05)]]",0
"[[(29846496.27, 30855342.23), (-90.0, -799740.28), (-176.30859375, -423649.75)]]",0
"[[(22131522.19, 24886926.48), (-90.0, -658971.45), (-176.30859375, -1085634.97)]]",0
"[[(284045.2, 701627.68), (-90.0, 405.658498), (-176.30859375, -995940.76)]]",0
"[[(17021865.65, 18743723.67), (-90.0, 405.658498), (-176.30859375, -71211.83)]]",0
"[[(8925322.6, 10038235.91), (-90.0, -376186.39), (-176.30859375, -5492.77)]]",0
"[[(9748053.45, 11251065.24), (-90.0, -179282.86), (-176.30859375, -224407.07)]]",0
"[[(12146740.35, 13256562.26), (-90.0, 405.658498), (-176.30859375, 177.462490797)]]",344
"[[(1062018.74, 3569827.09), (-90.0, 405.658498), (-176.30859375, 177.462490797)]]",73
"[[(41469777.83, 42554385.71), (-90.0, -1066767.79), (-176.30859375, -1438687.26)]]",0
"[[(37832798.85, 39690746.09), (-90.0, -1832491.55), (-176.30859375, 177.462490797)]]",0
"[[(49605800.42, 52563534.64), (-90.0, 405.658498), (-176.30859375, -818638.92)]]",0
"[[(46260210.88, 47393528.99), (-90.0, -1943325.26), (-176.30859375, -689515.82)]]",0
"[[(32058573.78, 33844784.14), (-90.0, 405.658498), (-176.30859375, 177.462490797)]]",218075
"[[(43364143.08, 44445858.54), (-90.0, 405.658498), (-176.30859375, 177.462490797)]]",252115
"[[(18514118.36, 21713301.04), (-90.0, 405.658498), (-176.30859375, -2219837.25)]]",0
"[[(20508909.15, 21522865.54), (-90.0, -1060178.09), (-176.30859375, 177.462490797)]]",0
"[[(32428885.83, 34752998.77), (-90.0, -195984.5), (-176.30859375, -741390.99)]]",0
"[[(24240480.83, 26257288.85), (-90.0, 405.658498), (-176.30859375, 177.462490797)]]",75535
"[[(18389198.07, 19987737.2), (-90.0, -133732.63), (-176.30859375, -2421370.32)]]",0
"[[(42135543.71, 44603049.19), (-90.0, 405.658498), (-176.30859375, -1335162.76)]]",0
"[[(41243733.24, 44227301.98), (-90.0, 405.658498), (-176.30859375, -1227216.64)]]",0
"[[(17778042.5, 19785884.43), (-90.0, 405.658498), (-176.30859375, 177.462490797)]]",1763
"[[(19488950.62, 22072279.95), (-90.0, -1292223.59), (-176.30859375, 177.462490797)]]",0
"[[(49086849.89, 50949184.4), (-90.0, -255166.34), (-176.30859375, -1573731.65)]]",0
"[[(15281643.15, 17131725.08), (-90.0, -773617.2), (-176.30859375, -1284096.43)]]",0
"[[(32013266.27, 34302501.55), (-90.0, -1859457.66), (-176.30859375, 177.462490797)]]",0
"[[(10211046.5, 11249141.23), (-90.0, 405.658498), (-176.30859375, 177.462490797)]]",288
"[[(33928899.39, 34753346.37), (-90.0, -281116.25), (-176.30859375, -1126342.33)]]",0
"[[(1405932.8, 1922854.82), (-90.0, 405.658498), (-176.30859375, -1733035.87)]]",0
"[[(13147076.9, 15081570.84), (-90.0, 405.658498), (-176.30859375, -394048.06)]]",0
"[[(17582390.06, 20752207.03), (-90.0, 405.658498), (-176.30859375, 177.462490797)]]",6950
"[[(14624222.35, 17191427.44), (-90.0, 405.658498), (-176.30859375, 177.462490797)]]",1145
"[[(4920907.6, 7627789.24), (-90.0, -914688.45), (-176.30859375, -2495248.46)]]",0
"[[(26197517.5, 27630790.36), (-90.0, -2386534.74), (-176.30859375, -1074916.8)]]",0
"[[(1935719.11, 2219034.25), (-90.0, 405.658498), (-176.30859375, 177.462490797)]]",2
"[[(40215205.97, 40810732.59), (-90.0, -530543.43), (-176.30859375, -2064963.19)]]",0
"[[(35721500.29, 38747163.24), (-90.0, -818523.85), (-176.30859375, -896004.82)]]",0
"[[(44078296.03, 47102546.09), (-90.0, -237282.2), (-176.30859375, 177.462490797)]]",0
"[[(26343371.77, 27028088.36), (-90.0, 405.658498), (-176.30859375, -1626668.61)]]",0
"[[(23040757.79, 25616165.35), (-90.0, -469165.85), (-176.30859375, 177.462490797)]]",0
"[[(19196468.32, 21482853.62), (-90.0, -490681.35), (-176.30859375, -1511079.17)]]",0
"[[(11039741.98, 11870540.71), (-90.0, -392005.77), (-176.30859375, 177.462490797)]]",0
"[[(36369483.27, 39085144.69), (-90.0, -470155.03), (-176.30859375, 177.462490797)]]",0
"[[(12759863.91, 12907339.16), (-90.0, 405.658498), (-176.30859375, 177.462490797)]]",48
"[[(29696551.74, 31719627.25), (-90.0, -1606492.98), (-176.30859375, 177.462490797)]]",0
"[[(44251364.74, 45120108.77), (-90.0, -1545654.34), (-176.30859375, 177.462490797)]]",0
"[[(18096742.73, 20313157.27), (-90.0, -148504.24), (-176.30859375, -704388.6)]]",0
"[[(34699977.81, 37581694.99), (-90.0, 405.658498), (-176.30859375, -833824.19)]]",0
"[[(16062180.62, 18638066.9), (-90.0, 405.658498), (-176.30859375, -438878.64)]]",0
"[[(23907019.66, 24111329.61), (-90.0, -912369.62), (-176.30859375, 177.462490797)]]",0
"[[(7147387.69, 8926973.81), (-90.0, 405.658498), (-176.30859375, -2865899.51)]]",0
"[[(28437010.14, 31620821.29), (-90.0, 405.658498), (-176.30859375, -4973.24)]]",0
"[[(22782564.43, 23889907.29), (-90.0, 405.658498), (-176.30859375, -2623271.59)]]",0
"[[(4953907.64, 7816818.93), (-90.0, 405.658498), (-176.30859375, -880104.76)]]",0
"[[(3207242.47, 4569992.15), (-90.0, -626769.01), (-176.30859375, -1045718.53)]]",0
"[[(29527092.22, 31080252.23), (-90.0, 405.658498), (-176.30859375, -1245875.99)]]",0
"[[(20967396.11, 23131353.14), (-90.0, 405.658498), (-176.30859375, 177.462490797)]]",29006
"[[(40249631.14, 40739797.83), (-90.0, -1062457.11), (-176.30859375, -1753824.18)]]",0
"[[(6839379.56, 8827944.39), (-90.0, 405.658498), (-176.30859375, 177.462490797)]]",661
"[[(12726614.39, 15421655.43), (-90.0, -1677439.98), (-176.30859375, 177.462490797)]]",0
"[[(32763154.45, 34938550.91), (-90.0, 405.658498), (-176.30859375, 177.462490797)]]",291454
"[[(46488068.79, 49141882.04), (-90.0, -1781318.27), (-176.30859375, -255956.5)]]",0
"[[(23700941.11, 26906280.02), (-90.0, -372623.27), (-176.30859375, 177.462490797)]]",0
"[[(8465199.11, 9935658.11), (-90.0, 405.658498), (-176.30859375, 177.462490797)]]",670
"[[(43652496.82, 44328692.73), (-90.0, 405.658498), (-176.30859375, 177.462490797)]]",157397
"[[(39534933.65, 42282565.29), (-90.0, -1182180.76), (-176.30859375, 177.462490797)]]",0
"[[(50781301.03, 51302910.69), (-90.0, 405.658498), (-176.30859375, 177.462490797)]]",191693
"[[(1533444.21, 4465313.05), (-90.0, -1358880.63), (-176.30859375, -109953.17)]]",0
"[[(4429012.94, 5191245.37), (-90.0, -264028.63), (-176.30859375, 177.462490797)]]",0
"[[(42689809.66, 42848761.87), (-90.0, -148914.27), (-176.30859375, -1524472.12)]]",0
"[[(36640764.6, 39245927.26), (-90.0, -71389.59), (-176.30859375, 177.462490797)]]",0
"[[(41811433.6, 43758180.77), (-90.0, 405.658498), (-176.30859375, 177.462490797)]]",430289
"[[(51001501.74, 51477549.95), (-90.0, 405.658498), (-176.30859375, -526042.97)]]",0
"[[(702141.52, 3229894.51), (-90.0, -1156617.0), (-176.30859375, 177.462490797)]]",0
"[[(19691872.08, 20054628.1), (-90.0, -1554393.39), (-176.30859375, 177.462490797)]]",0
"[[(10834438.35, 11894175.08), (-90.0, 405.658498), (-176.30859375, 177.462490797)]]",296
"[[(50687643.18, 53774659.94), (-90.0, -403954.24), (-176.30859375, 177.462490797)]]",0
"[[(27412683.61, 27940846.98), (-90.0, -2030141.4), (-176.30859375, 177.462490797)]]",0
"[[(9057971.56, 10507407.17), (-90.0, 405.658498), (-176.30859375, 177.462490797)]]",577
"[[(22719696.99, 25730353.48), (-90.0, -612580.85), (-176.30859375, -771099.9)]]",0
"[[(21936114.59, 23305026.11), (-90.0, -408329.52), (-176.30859375, -1019905.87)]]",0
"[[(30290760.52, 30906556.06), (-90.0, 405.658498), (-176.30859375, 177.462490797)]]",79264
"[[(42267579.88, 45083677.28), (-90.0, -1672806.05), (-176.30859375, 177.462490797)]]",0
"[[(16782036.04, 17923425.97), (-90.0, -1055635.83), (-176.30859375, -2794446.17)]]",0
"[[(26448817.61, 28292061.13), (-90.0, -145879.13), (-176.30859375, -223633.79)]]",0
"[[(24812395.82, 27800275.48), (-90.0, -190623.36), (-176.30859375, 177.462490797)]]",0
"[[(45461993.2, 47974384.59), (-90.0, 405.658498), (-176.30859375, -443432.44)]]",0
"[[(31054945.8, 34259692.46), (-90.0, -1661171.19), (-176.30859375, 177.462490797)]]",0
"[[(15464655.45, 16522548.96), (-90.0, -2520054.08), (-176.30859375, -737216.02)]]",0
"[[(16034668.12, 19218279.77), (-90.0, -121704.56), (-176.30859375, 177.462490797)]]",0
"[[(14286521.54, 14504366.48), (-90.0, 405.658498), (-176.30859375, -1944566.04)]]",0
"[[(13153335.9, 14121876.67), (-90.0, -340326.74), (-176.30859375, 177.462490797)]]",0
"[[(28703174.77, 29341272.59), (-90.0, -1026353.73), (-176.30859375, 177.462490797)]]",0
"[[(32270359.77, 32873427.05), (-90.0, -1788015.75), (-176.30859375, -1431330.69)]]",0
"[[(26028866.96, 26669475.05), (-90.0, 405.658498), (-176.30859375, 177.462490797)]]",31605
"[[(46680992.33, 46802995.17), (-90.0, -4859.65), (-176.30859375, -675340.98)]]",0
"[[(35590013.08, 38526974.94), (-90.0, -30533.95), (-176.30859375, -1672644.48)]]",0
"[[(40452537.52, 42276802.27), (-90.0, -82222.34), (-176.30859375, -2224639.06)]]",0
"[[(27986867.76, 29208917.63), (-90.0, -1245149.42), (-176.30859375, 177.462490797)]]",0
"[[(50976572.6, 51961702.12), (-90.0, -1988577.81), (-176.30859375, -3016664.59)]]",0
"[[(15580999.83, 15748568.28), (-90.0, 405.658498), (-176.30859375, -293753.68)]]",0
"[[(6180299.51, 8459800.9), (-90.0, -1401959.4), (-176.30859375, -1225476.64)]]",0
"[[(17561443.96, 18611953.38), (-90.0, -949638.71), (-176.30859375, -991280.34)]]",0
"[[(13183693.8, 16125573.84), (-90.0, 405.658498), (-176.30859375, -483634.61)]]",0
"[[(41523847.94, 43791144.93), (-90.0, 405.658498), (-176.30859375, 177.462490797)]]",507432
"[[(47315667.26, 47970339.64), (-90.0, 405.658498), (-176.30859375, -130299.12)]]",0
"[[(34530672.51, 37374335.64), (-90.0, -1377253.05), (-176.30859375, 177.462490797)]]",0
"[[(32464770.24, 34742066.38), (-90.0, 405.658498), (-176.30859375, -700974.66)]]",0
"[[(22742760.96, 22947678.86), (-90.0, 405.658498), (-176.30859375, -1117302.06)]]",0
"[[(16075535.52, 19000553.86), (-90.0, -1685492.45), (-176.30859375, -572128.5)]]",0
"[[(8684022.45, 11541000.1), (-90.0, -1024148.12), (-176.30859375, -1090543.93)]]",0
"[[(36627905.24, 36797120.32), (-90.0, -2235796.37), (-176.30859375, -1164706.18)]]",0
"[[(25781834.86, 26175350.09), (-90.0, 405.658498), (-176.30859375, 177.462490797)]]",17428
"[[(28971085.21, 29731776.58), (-90.0, -3114706.79), (-176.30859375, -944838.6)]]",0
"[[(19441019.37, 20906888.53), (-90.0, 405.658498), (-176.30859375, 177.462490797)]]",6705
"[[(3495425.03, 5652409.8), (-90.0, -1962288.8), (-176.30859375, -131834.1)]]",0
"[[(27660788.85, 29350591.46), (-90.0, -606369.9), (-176.30859375, 177.462490797)]]",0
"[[(6029406.61, 6334563.49), (-90.0, 405.658498), (-176.30859375, -1941799.63)]]",0
"[[(29637478.14, 32023675.01), (-90.0, -811397.5), (-176.30859375, -341491.18)]]",0
"[[(45476373.17, 45709790.63), (-90.0, 405.658498), (-176.30859375, 177.462490797)]]",54071
"[[(49675076.4, 52336083.52), (-90.0, 405.658498), (-176.30859375, -492829.55)]]",0
"[[(47327404.34, 48246469.42), (-90.0, -1948447.01), (-176.30859375, 177.462490797)]]",0
"[[(14759633.49, 17583822.2), (-90.0, -1047482.7), (-176.30859375, 177.462490797)]]",0
"[[(15122951.7, 16548837.5), (-90.0, 405.658498), (-176.30859375, -1682811.09)]]",0
"[[(16270359.68, 16310817.18), (-90.0, 405.658498), (-176.30859375, -1147027.63)]]",0
"[[(40975395.33, 42081469.06), (-90.0, 405.658498), (-176.30859375, 177.462490797)]]",226783
"[[(23263318.99, 26490243.41), (-90.0, -1633215.91), (-176.30859375, -2027733.47)]]",0
"[[(22737491.16, 23083541.62), (-90.0, 405.658498), (-176.30859375, -750293.24)]]",0
"[[(33129811.13, 36000799.12), (-90.0, 405.658498), (-176.30859375, -914898.95)]]",0
"[[(17636513.83, 20115304.35), (-90.0, 405.658498), (-176.30859375, 177.462490797)]]",3064
"[[(18180265.06, 21287556.4), (-90.0, -2080265.29), (-176.30859375, 177.462490797)]]",0
"[[(12808648.03, 13670304.79), (-90.0, -1375135.73), (-176.30859375, 177.462490797)]]",0
"[[(14498638.76, 15598368.58), (-90.0, -1214286.73), (-176.30859375, 177.462490797)]]",0
"[[(4054292.41, 6141857.02), (-90.0, 405.658498), (-176.30859375, -2012018.65)]]",0
"[[(6927248.49, 9100028.99), (-90.0, 405.658498), (-176.30859375, -871865.27)]]",0
"[[(16677940.2, 17791153.99), (-90.0, 405.658498), (-176.30859375, 177.462490797)]]",663
"[[(24823960.52, 26916961.53), (-90.0, 405.658498), (-176.30859375, 177.462490797)]]",93335
"[[(47126911.23, 48122255.43), (-90.0, 405.658498), (-176.30859375, 177.462490797)]]",304388
"[[(36912705.5, 37363169.37), (-90.0, -1599438.88), (-176.30859375, 177.462490797)]]",0
"[[(26865903.18, 27060905.0), (-90.0, -691283.28), (-176.30859375, -518321.38)]]",0
"[[(35416057.69, 37474386.18), (-90.0, -2617805.0), (-176.30859375, 177.462490797)]]",0
"[[(34319965.54, 35606368.8), (-90.0, 405.658498), (-176.30859375, -707953.44)]]",0
"[[(34853021.43, 35001315.0), (-90.0, 405.658498), (-176.30859375, -2099374.09)]]",0
"[[(49577783.44, 49594792.35), (-90.0, 405.658498), (-176.30859375, 177.462490797)]]",9607
"[[(954746.47, 1256553.54), (-90.0, -1939623.03), (-176.30859375, 177.462490797)]]",0
"[[(43715395.03, 45206015.5), (-90.0, 405.658498), (-176.30859375, 177.462490797)]]",354288
"[[(48514535.51, 50167416.19), (-90.0, -2140151.24), (-176.30859375, 177.462490797)]]",0
"[[(29088227.39, 29432657.26), (-90.0, 405.658498), (-176.30859375, -40551.67)]]",0
"[[(40799306.15, 43764313.8), (-90.0, 405.658498), (-176.30859375, 177.462490797)]]",635951
"[[(3054943.21, 4274011.25), (-90.0, -2633498.36), (-176.30859375, 177.462490797)]]",0
"[[(39457230.82, 39904578.75), (-90.0, 405.658498), (-176.30859375, -2462462.94)]]",0
"[[(31597817.92, 32728297.5), (-90.0, -1158983.71), (-176.30859375, 177.462490797)]]",0
"[[(49943244.24, 51018830.08), (-90.0, -1548613.92), (-176.30859375, 177.462490797)]]",0
"[[(49684851.62, 49861840.45), (-90.0, 405.658498), (-176.30859375, -1550212.91)]]",0
"[[(17012481.27, 18275046.09), (-90.0, -2166820.25), (-176.30859375, -629546.46)]]",0
"[[(16807213.39, 19574930.03), (-90.0, 405.658498), (-176.30859375, 177.462490797)]]",1889
"[[(21395604.71, 23501041.04), (-90.0, 405.658498), (-176.30859375, 177.462490797)]]",31305
"[[(845279.69, 2378745.93), (-90.0, -1501630.84), (-176.30859375, 177.462490797)]]",0
"[[(11101643.12, 13427026.21), (-90.0, 405.658498), (-176.30859375, 177.462490797)]]",723
"[[(538287.07, 686526.18), (-90.0, -209180.26), (-176.30859375, -175305.54)]]",0
"[[(39805889.98, 42202940.76), (-90.0, -274386.31), (-176.30859375, 177.462490797)]]",0
"[[(23277671.05, 25312666.69), (-90.0, -798580.94), (-176.30859375, 177.462490797)]]",0
"[[(21580914.37, 22035341.9), (-90.0, -355633.09), (-176.30859375, -517868.22)]]",0
"[[(23324457.4, 23340540.95), (-90.0, -764280.64), (-176.30859375, 177.462490797)]]",0
"[[(30682274.77, 32508170.82), (-90.0, 405.658498), (-176.30859375, 177.462490797)]]",225463
"[[(43922889.41, 44085895.67), (-90.0, -873479.15), (-176.30859375, 177.462490797)]]",0
"[[(49694158.36, 51857687.65), (-90.0, 405.658498), (-176.30859375, 177.462490797)]]",794988
"[[(20401871.27, 21127425.78), (-90.0, 405.658498), (-176.30859375, 177.462490797)]]",5388
"[[(50547868.67, 51887843.98), (-90.0, 405.658498), (-176.30859375, -718513.16)]]",0
"[[(42207145.33, 43394808.85), (-90.0, -1984236.36), (-176.30859375, 177.462490797)]]",0
"[[(8423909.89, 10262166.74), (-90.0, 405.658498), (-176.30859375, -1502454.32)]]",0
"[[(49329297.73, 52357911.39), (-90.0, -1415831.39), (-176.30859375, 177.462490797)]]",0
"[[(41112277.62, 42454160.61), (-90.0, 405.658498), (-176.30859375, 177.462490797)]]",280570
"[[(34050531.63, 34076839.72), (-90.0, 405.658498), (-176.30859375, -188195.41)]]",0
"[[(13854395.03, 15047889.91), (-90.0, -828045.18), (-176.30859375, 177.462490797)]]",0
"[[(13631278.13, 15045980.69), (-90.0, 405.658498), (-176.30859375, 177.462490797)]]",542
"[[(30862682.4, 33299075.12), (-90.0, -516307.05), (-176.30859375, 177.462490797)]]",0
"[[(7077130.53, 8791718.25), (-90.0, 405.658498), (-176.30859375, 177.462490797)]]",543
"[[(41240263.72, 43309644.37), (-90.0, -2268502.91), (-176.30859375, -19153.03)]]",0
"[[(22558848.96, 22786731.7), (-90.0, -603684.28), (-176.30859375, -1252053.82)]]",0
"[[(41996733.19, 42996926.15), (-90.0, -383863.58), (-176.30859375, -1499798.74)]]",0
"[[(50224099.05, 51981110.21), (-90.0, -1222852.51), (-176.30859375, -2540594.52)]]",0
"[[(33510432.89, 35561182.79), (-90.0, 405.658498), (-176.30859375, -44570.11)]]",0
"[[(50888581.76, 51474833.51), (-90.0, -809194.73), (-176.30859375, -2154870.81)]]",0
"[[(26314233.55, 28680299.34), (-90.0, 405.658498), (-176.30859375, -273259.57)]]",0
"[[(2979217.59, 4755125.64), (-90.0, -555109.85), (-176.30859375, -986456.68)]]",0
"[[(50401378.73, 52037727.69), (-90.0, 405.658498), (-176.30859375, 177.462490797)]]",623144
"[[(18023317.98, 20654620.75), (-90.0, -2006598.34), (-176.30859375, -1651042.47)]]",0
"[[(41004746.36, 41755696.55), (-90.0, 405.658498), (-176.30859375, 177.462490797)]]",156569
"[[(7162244.9, 10015584.56), (-90.0, 405.658498), (-176.30859375, -752084.93)]]",0
"[[(26234134.61, 28847024.81), (-90.0, 405.658498), (-176.30859375, -2488278.81)]]",0
"[[(6097377.59, 6385731.2), (-90.0, 405.658498), (-176.30859375, 177.462490797)]]",28
"[[(9468002.09, 10890606.99), (-90.0, 405.658498), (-176.30859375, -2031341.95)]]",0
"[[(50011388.32, 51704283.56), (-90.0, 405.658498), (-176.30859375, 177.462490797)]]",635717
"[[(36874942.45, 37352605.15), (-90.0, -600798.82), (-176.30859375, 177.462490797)]]",0
"[[(35808641.62, 37638861.89), (-90.0, -1758953.97), (-176.30859375, -972624.57)]]",0
"[[(16915735.58, 19465769.71), (-90.0, -280412.42), (-176.30859375, 177.462490797)]]",0
"[[(28182842.84, 30037221.56), (-90.0, -1039438.84), (-176.30859375, -196024.13)]]",0
"[[(40872583.39, 42346381.86), (-90.0, 405.658498), (-176.30859375, -1022394.11)]]",0
"[[(43788072.2, 44484063.25), (-90.0, 405.658498), (-176.30859375, -1537484.99)]]",0
"[[(23269657.17, 23477992.11), (-90.0, 405.658498), (-176.30859375, -1763993.01)]]",0
"[[(46213892.49, 47646970.94), (-90.0, 405.658498), (-176.30859375, 177.462490797)]]",404628
"[[(8994793.6, 9142300.66), (-90.0, 405.658498), (-176.30859375, 177.462490797)]]",30
"[[(381917.32, 1411424.46), (-90.0, 405.658498), (-176.30859375, 177.462490797)]]",0
"[[(27516322.2, 29670749.65), (-90.0, 405.658498), (-176.30859375, -794691.87)]]",0
"[[(40446870.58, 40715038.66), (-90.0, 405.658498), (-176.30859375, 177.462490797)]]",50006
"[[(21773381.32, 24602073.28), (-90.0, -701642.77), (-176.30859375, -891393.52)]]",0
"[[(25259474.42, 27191225.83), (-90.0, 405.658498), (-176.30859375, 177.462490797)]]",97435
"[[(43176478.06, 46332746.69), (-90.0, -597487.1), (-176.30859375, -1674174.34)]]",0
"[[(48399606.43, 49795138.15), (-90.0, 405.658498), (-176.30859375, -53912.45)]]",0
"[[(48922814.39, 49945022.71), (-90.0, 405.658498), (-176.30859375, -557495.43)]]",0
"[[(26771110.38, 29565924.58), (-90.0, 405.658498), (-176.30859375, -827568.7)]]",0
"[[(34244495.29, 35586919.89), (-90.0, -104733.35), (-176.30859375, -1712127.56)]]",0
"[[(14542215.43, 16908527.28), (-90.0, 405.658498), (-176.30859375, -1714798.49)]]",0
"[[(47460480.85, 48990042.13), (-90.0, -1245876.46), (-176.30859375, -2270431.92)]]",0
"[[(3881642.71, 6179045.8), (-90.0, -1496490.82), (-176.30859375, 177.462490797)]]",0
"[[(14882590.64, 17255813.45), (-90.0, 405.658498), (-176.30859375, 177.462490797)]]",1097
"[[(34759591.73, 36780803.05), (-90.0, 405.658498), (-176.30859375, -1927656.17)]]",0
"[[(9861079.59, 10451222.1), (-90.0, -316120.46), (-176.30859375, -1192456.87)]]",0
"[[(30521832.63, 33256870.02), (-90.0, -488657.56), (-176.30859375, 177.462490797)]]",0
"[[(24015275.7, 27194797.14), (-90.0, -2113328.21), (-176.30859375, -559548.17)]]",0
"[[(50864613.49, 52041998.19), (-90.0, 405.658498), (-176.30859375, 177.462490797)]]",450370
"[[(21916297.77, 24804084.49), (-90.0, 405.658498), (-176.30859375, 177.462490797)]]",58670
"[[(38302449.77, 40188018.34), (-90.0, 405.658498), (-176.30859375, -1190169.81)]]",0
"[[(35502474.87, 37275923.4), (-90.0, 405.658498), (-176.30859375, 177.462490797)]]",378763
"[[(48687006.64, 51788731.22), (-90.0, 405.658498), (-176.30859375, -2485092.86)]]",0
"[[(27533272.26, 28029889.77), (-90.0, 405.658498), (-176.30859375, -307.2)]]",0
"[[(1280428.44, 2111316.5), (-90.0, 405.658498), (-176.30859375, 177.462490797)]]",5
"[[(44896725.29, 45812911.64), (-90.0, 405.658498), (-176.30859375, -1359888.85)]]",0
"[[(11776664.79, 14876043.11), (-90.0, 405.658498), (-176.30859375, 177.462490797)]]",1087
"[[(25016896.89, 27423143.77), (-90.0, -1540182.0), (-176.30859375, 177.462490797)]]",0
"[[(20092981.55, 22209771.56), (-90.0, 405.658498), (-176.30859375, 177.462490797)]]",20379
"[[(30740828.66, 32344112.58), (-90.0, 405.658498), (-176.30859375, -1034750.78)]]",0
"[[(16036285.28, 17882031.55), (-90.0, -393821.9), (-176.30859375, 177.462490797)]]",0
"[[(30736812.81, 33013119.87), (-90.0, 405.658498), (-176.30859375, -245368.43)]]",0
"[[(22321230.8, 24645650.71), (-90.0, -2310573.96), (-176.30859375, 177.462490797)]]",0
"[[(50125353.56, 52249555.18), (-90.0, -805802.9), (-176.30859375, -887488.31)]]",0
"[[(2145548.48, 3904862.2), (-90.0, -2176308.15), (-176.30859375, 177.462490797)]]",0
"[[(3964874.54, 6085125.09), (-90.0, 405.658498), (-176.30859375, 177.462490797)]]",466
"[[(40042184.98, 40235736.5), (-90.0, -2059758.35), (-176.30859375, -590237.96)]]",0
"[[(9844497.46, 11204131.93), (-90.0, -2030919.9), (-176.30859375, 177.462490797)]]",0
"[[(38798427.09, 41080522.2), (-90.0, -1500914.65), (-176.30859375, 177.462490797)]]",0
"[[(19102573.52, 19773807.22), (-90.0, 405.658498), (-176.30859375, -632349.05)]]",0
"[[(40335471.33, 41584143.76), (-90.0, 405.658498), (-176.30859375, -57923.12)]]",0
"[[(7480824.47, 8126657.51), (-90.0, 405.658498), (-176.30859375, 177.462490797)]]",178
"[[(48016654.8, 48639500.26), (-90.0, 405.658498), (-176.30859375, 177.462490797)]]",198146
"[[(45885080.33, 47496107.67), (-90.0, -835615.98), (-176.30859375, -1668520.28)]]",0
"[[(38463696.35, 40554727.35), (-90.0, 405.658498), (-176.30859375, 177.462490797)]]",421122
"[[(32358006.88, 33092067.16), (-90.0, -1520732.83), (-176.30859375, -2921115.92)]]",0
"[[(17002773.39, 17894534.43), (-90.0, 405.658498), (-176.30859375, -827358.9)]]",0
"[[(9856349.22, 11206996.39), (-90.0, 405.658498), (-176.30859375, 177.462490797)]]",342
"[[(7650194.32, 9876267.77), (-90.0, -1566608.82), (-176.30859375, 177.462490797)]]",0
"[[(5735433.54, 8143711.46), (-90.0, 405.658498), (-176.30859375, -1047461.52)]]",0
"[[(41284611.76, 42236854.78), (-90.0, 405.658498), (-176.30859375, 177.462490797)]]",197450
"[[(36243156.73, 36921870.89), (-90.0, 405.658498), (-176.30859375, 177.462490797)]]",149856
"[[(4484172.78, 7528768.56), (-90.0, -1632146.65), (-176.30859375, 177.462490797)]]",0
"[[(41603946.27, 43460003.34), (-90.0, -463435.38), (-176.30859375, 177.462490797)]]",0
"[[(12239617.73, 14053899.85), (-90.0, -317305.95), (-176.30859375, 177.462490797)]]",0
"[[(17297979.41, 18200738.95), (-90.0, 405.658498), (-176.30859375, -538528.73)]]",0
"[[(19462064.82, 22266330.7), (-90.0, 405.658498), (-176.30859375, 177.462490797)]]",22514
"[[(32146073.3, 35246691.1), (-90.0, 405.658498), (-176.30859375, 177.462490797)]]",458497
"[[(37284232.16, 37884705.32), (-90.0, 405.658498), (-176.30859375, -679875.57)]]",0
"[[(46818155.53, 49848920.1), (-90.0, 405.658498), (-176.30859375, 177.462490797)]]",967762
"[[(19597111.21, 21042189.92), (-90.0, 405.658498), (-176.30859375, 177.462490797)]]",7660
"[[(7520931.5, 8036037.23), (-90.0, -2890154.81), (-176.30859375, -157101.6)]]",0
"[[(45922106.79, 48610292.91), (-90.0, 405.658498), (-176.30859375, -109610.24)]]",0
"[[(40880260.72, 43660892.67), (-90.0, 405.658498), (-176.30859375, -2811368.33)]]",0
"[[(5032402.75, 6634413.57), (-90.0, -522132.75), (-176.30859375, -407336.47)]]",0
"[[(26004225.87, 26829686.6), (-90.0, -25894.21), (-176.30859375, -551866.87)]]",0
"[[(18649530.2, 20455370.28), (-90.0, -1022899.35), (-176.30859375, -878153.07)]]",0
"[[(7868933.64, 9946287.61), (-90.0, -2575395.92), (-176.30859375, 177.462490797)]]",0
"[[(44167424.77, 45040090.4), (-90.0, 405.658498), (-176.30859375, -2390296.17)]]",0
"[[(13734412.91, 16913730.73), (-90.0, -1981198.45), (-176.30859375, -2884625.93)]]",0
"[[(15348192.1, 16293465.13), (-90.0, 405.658498), (-176.30859375, -1894941.08)]]",0
"[[(39117814.41, 40289941.52), (-90.0, -672128.38), (-176.30859375, 177.462490797)]]",0
"[[(18415253.51, 20893323.43), (-90.0, -269716.75), (-176.30859375, 177.462490797)]]",0
"[[(10522369.37, 11170038.35), (-90.0, 405.658498), (-176.30859375, 177.462490797)]]",165
"[[(31409317.26, 32614933.86), (-90.0, -2767159.89), (-176.30859375, 177.462490797)]]",0
"[[(10302599.13, 12979504.18), (-90.0, -1408284.58), (-176.30859375, 177.462490797)]]",0
"[[(50931571.6, 51263540.44), (-90.0, 405.658498), (-176.30859375, -1640884.57)]]",0
"[[(8474293.36, 10940550.34), (-90.0, -95853.48), (-176.30859375, 177.462490797)]]",0
"[[(2380735.89, 5514617.01), (-90.0, 405.658498), (-176.30859375, -913927.04)]]",0
"[[(41578004.95, 43648680.43), (-90.0, -910554.73), (-176.30859375, 177.462490797)]]",0
"[[(49035463.58, 50838711.56), (-90.0, -130660.99), (-176.30859375, -634479.97)]]",0
"[[(24549822.31, 27203922.83), (-90.0, -1587669.63), (-176.30859375, -371127.5)]]",0
"[[(43748502.4, 44904345.13), (-90.0, 405.658498), (-176.30859375, -37433.13)]]",0
"[[(46309319.94, 47071517.26), (-90.0, 405.658498), (-176.30859375, 177.462490797)]]",210511
"[[(50318225.62, 51175708.87), (-90.0, 405.658498), (-176.30859375, -486338.96)]]",0
"[[(17434399.44, 19250254.8), (-90.0, -2407694.5), (-176.30859375, -943442.99)]]",0
"[[(11511752.98, 12884193.5), (-90.0, 405.658498), (-176.30859375, 177.462490797)]]",323
"[[(45835838.59, 48677262.02), (-90.0, 405.658498), (-176.30859375, -1923112.3)]]",0
"[[(19259924.61, 21865447.4), (-90.0, 405.658498), (-176.30859375, -1004131.14)]]",0
"[[(17200835.08, 19208876.63), (-90.0, -1851533.66), (-176.30859375, 177.462490797)]]",0
"[[(3872784.72, 4874153.11), (-90.0, 405.658498), (-176.30859375, 177.462490797)]]",310
"[[(17140596.15, 19723707.08), (-90.0, -1034574.91), (-176.30859375, -1031635.07)]]",0
"[[(44060493.87, 46602400.96), (-90.0, 405.658498), (-176.30859375, 177.462490797)]]",644122
"[[(9086025.71, 9734107.59), (-90.0, 405.658498), (-176.30859375, -753149.75)]]",0
"[[(4630710.52, 5252857.13), (-90.0, 405.658498), (-176.30859375, -119983.93)]]",0
"[[(23370889.16, 24207786.67), (-90.0, 405.658498), (-176.30859375, -1751759.78)]]",0
"[[(33954384.63, 36680060.73), (-90.0, 405.658498), (-176.30859375, 177.462490797)]]",549242
"[[(36704399.05, 38654301.12), (-90.0, -2028706.11), (-176.30859375, -803319.6)]]",0
"[[(33192380.9, 34837872.78), (-90.0, -1201818.21), (-176.30859375, -19562.14)]]",0
"[[(3348081.47, 3957463.75), (-90.0, -1699631.74), (-176.30859375, 177.462490797)]]",0
"[[(42866520.89, 44780572.6), (-90.0, -1611634.44), (-176.30859375, 177.462490797)]]",0
"[[(527680.71, 3238065.36), (-90.0, -788765.73), (-176.30859375, -1725039.61)]]",0
"[[(47782626.5, 48262144.95), (-90.0, -2656319.53), (-176.30859375, 177.462490797)]]",0
"[[(30865075.09, 31746917.28), (-90.0, 405.658498), (-176.30859375, -28100.02)]]",0
"[[(15260223.21, 17403505.97), (-90.0, -444327.58), (-176.30859375, 177.462490797)]]",0
"[[(27016838.33, 28433066.85), (-90.0, 405.658498), (-176.30859375, 177.462490797)]]",119219
"[[(36042833.51, 38240832.84), (-90.0, 405.658498), (-176.30859375, 177.462490797)]]",471089
"[[(13824746.68, 16360879.26), (-90.0, -185097.95), (-176.30859375, -411274.66)]]",0
"[[(45320730.33, 45668192.39), (-90.0, 405.658498), (-176.30859375, -1431975.34)]]",0
"[[(47303633.63, 50190474.11), (-90.0, 405.658498), (-176.30859375, 177.462490797)]]",951501
"[[(3813687.3, 4356941.2), (-90.0, 405.658498), (-176.30859375, -440941.68)]]",0
"[[(15255968.56, 17607526.08), (-90.0, -1276819.02), (-176.30859375, -893013.04)]]",0
"[[(35934856.67, 38020897.94), (-90.0, 405.658498), (-176.30859375, -559584.91)]]",0
"[[(25769081.71, 28424761.31), (-90.0, -102724.08), (-176.30859375, 177.462490797)]]",0
"[[(33417579.47, 33990606.41), (-90.0, -1280315.33), (-176.30859375, 177.462490797)]]",0
"[[(14633705.41, 17564567.61), (-90.0, 405.658498), (-176.30859375, 177.462490797)]]",1421
"[[(13244304.39, 14358550.77), (-90.0, -29246.42), (-176.30859375, 177.462490797)]]",0
"[[(11300933.89, 13993194.03), (-90.0, -1216140.19), (-176.30859375, 177.462490797)]]",0
"[[(46328334.02, 46810562.39), (-90.0, 405.658498), (-176.30859375, -2079541.62)]]",0
"[[(16622133.61, 18551323.6), (-90.0, 405.658498), (-176.30859375, 177.462490797)]]",1119
"[[(2965360.76, 3982560.72), (-90.0, 405.658498), (-176.30859375, 177.462490797)]]",579
"[[(15515450.2, 17900700.36), (-90.0, -426285.55), (-176.30859375, -1456451.75)]]",0
"[[(10070146.48, 10472541.57), (-90.0, -113747.06), (-176.30859375, 177.462490797)]]",0
"[[(31786884.16, 32112211.0), (-90.0, -2055831.21), (-176.30859375, -2405641.66)]]",0
"[[(9908759.08, 13153826.09), (-90.0, 405.658498), (-176.30859375, -187834.56)]]",0
"[[(14158644.13, 14450284.51), (-90.0, 405.658498), (-176.30859375, 177.462490797)]]",121
"[[(26670438.67, 29257055.83), (-90.0, 405.658498), (-176.30859375, -509172.49)]]",0
"[[(29997163.66, 31945535.47), (-90.0, -373534.2), (-176.30859375, -1368717.34)]]",0
"[[(16089595.72, 16136684.15), (-90.0, -693367.32), (-176.30859375, 177.462490797)]]",0
"[[(32349802.79, 32748498.77), (-90.0, -2165709.07), (-176.30859375, -154478.8)]]",0
"[[(28846133.5, 30065833.72), (-90.0, -689272.2), (-176.30859375, 177.462490797)]]",0
"[[(50987497.12, 51869685.51), (-90.0, -918.9), (-176.30859375, 177.462490797)]]",0
"[[(41458748.77, 41820883.23), (-90.0, -1775523.88), (-176.30859375, -1784799.84)]]",0
"[[(46316991.18, 47786322.46), (-90.0, -1083085.11), (-176.30859375, -1448095.61)]]",0
"[[(17778019.45, 20828874.92), (-90.0, 405.658498), (-176.30859375, 177.462490797)]]",7403
"[[(25678366.75, 27177101.93), (-90.0, -2095301.53), (-176.30859375, 177.462490797)]]",0
"[[(50658766.55, 51967493.24), (-90.0, -1303998.37), (-176.30859375, -919490.32)]]",0
"[[(46137181.93, 48862344.71), (-90.0, -1257811.79), (-176.30859375, -322734.09)]]",0
"[[(2194518.67, 5062076.06), (-90.0, 405.658498), (-176.30859375, -221775.33)]]",0
"[[(31171451.35, 33873549.22), (-90.0, 405.658498), (-176.30859375, 177.462490797)]]",336745
"[[(27913819.18, 28086657.02), (-90.0, -2573274.95), (-176.30859375, 177.462490797)]]",0
"[[(48415280.43, 51324123.28), (-90.0, -517370.84), (-176.30859375, -2114920.57)]]",0
"[[(43325344.86, 43572839.18), (-90.0, -2461507.83), (-176.30859375, 177.462490797)]]",0
"[[(49613653.28, 50541627.6), (-90.0, 405.658498), (-176.30859375, -557733.93)]]",0
"[[(24041958.39, 24412506.02), (-90.0, 405.658498), (-176.30859375, 177.462490797)]]",10032
"[[(11477332.28, 13990947.62), (-90.0, -582507.27), (-176.30859375, 177.462490797)]]",0
"[[(7706880.19, 8092073.53), (-90.0, 405.658498), (-176.30859375, -187238.67)]]",0
"[[(20915082.84, 22073144.67), (-90.0, -59374.13), (-176.30859375, 177.462490797)]]",0
"[[(16561654.83, 16735819.06), (-90.0, -1407477.15), (-176.30859375, -9386.99)]]",0
"[[(2033589.93, 5083778.11), (-90.0, 405.658498), (-176.30859375, -1464745.94)]]",0
"[[(21973530.79, 22152541.24), (-90.0, 405.658498), (-176.30859375, -48081.13)]]",0
"[[(25693992.74, 28730226.46), (-90.0, -1427963.2), (-176.30859375, -15834.36)]]",0
"[[(27689104.57, 29186902.06), (-90.0, 405.658498), (-176.30859375, 177.462490797)]]",133700
"[[(10705747.8, 10891634.81), (-90.0, -1637752.83), (-176.30859375, -1112628.62)]]",0
"[[(12954796.65, 13478337.33), (-90.0, 405.658498), (-176.30859375, 177.462490797)]]",267
"[[(24931517.58, 25117202.29), (-90.0, -1209470.92), (-176.30859375, 177.462490797)]]",0
"[[(34101980.01, 35478527.46), (-90.0, -509616.49), (-176.30859375, -169563.88)]]",0
"[[(19051086.86, 21502502.06), (-90.0, -110672.81), (-176.30859375, 177.462490797)]]",0
"[[(32567192.24, 33659812.39), (-90.0, -903382.35), (-176.30859375, -175662.57)]]",0
"[[(42571740.26, 44322711.48), (-90.0, 405.658498), (-176.30859375, -125542.39)]]",0
"[[(16164175.28, 17119281.49), (-90.0, -938151.56), (-176.30859375, 177.462490797)]]",0
"[[(12406125.37, 15272175.31), (-90.0, 405.658498), (-176.30859375, -556877.87)]]",0
"[[(1942412.68, 4102458.72), (-90.0, -855388.72), (-176.30859375, 177.462490797)]]",0
"[[(47525595.96, 48346113.12), (-90.0, -649628.24), (-176.30859375, 177.462490797)]]",0
"[[(2436756.35, 4594716.1), (-90.0, 405.658498), (-176.30859375, 177.462490797)]]",791
"[[(6732738.52, 8071010.46), (-90.0, -1174109.98), (-176.30859375, 177.462490797)]]",0
"[[(30408431.56, 32041018.73), (-90.0, 405.658498), (-176.30859375, 177.462490797)]]",202589
"[[(7778931.21, 10766137.12), (-90.0, 405.658498), (-176.30859375, -517431.62)]]",0
"[[(10811247.76, 10879594.05), (-90.0, -289792.06), (-176.30859375, -2985092.05)]]",0
"[[(23356081.08, 25226834.98), (-90.0, -657276.87), (-176.30859375, 177.462490797)]]",0
"[[(40236371.78, 43070847.9), (-90.0, -1653169.02), (-176.30859375, 177.462490797)]]",0
"[[(25059144.89, 28221833.25), (-90.0, -2041270.06), (-176.30859375, -2076438.08)]]",0
"[[(47385790.35, 49813720.59), (-90.0, -1260983.43), (-176.30859375, 177.462490797)]]",0
"[[(42367969.2, 44888142.73), (-90.0, -705536.73), (-176.30859375, 177.462490797)]]",0
"[[(9857462.59, 10384959.46), (-90.0, -342003.86), (-176.30859375, -921734.37)]]",0
"[[(13453248.86, 14980740.3), (-90.0, 405.658498), (-176.30859375, 177.462490797)]]",585
"[[(36495641.67, 37590481.15), (-90.0, -978768.37), (-176.30859375, 177.462490797)]]",0
"[[(7120864.32, 9190001.17), (-90.0, -780470.67), (-176.30859375, 177.462490797)]]",0
"[[(2872260.17, 5542123.12), (-90.0, -1816135.79), (-176.30859375, 177.462490797)]]",0
"[[(12600512.93, 13022187.18), (-90.0, -609336.26), (-176.30859375, 177.462490797)]]",0
"[[(5504538.27, 6882812.66), (-90.0, -766974.37), (-176.30859375, 177.462490797)]]",0
"[[(9527806.5, 11884406.66), (-90.0, -271242.07), (-176.30859375, -2287850.22)]]",0
"[[(7222372.2, 9469810.04), (-90.0, 405.658498), (-176.30859375, 177.462490797)]]",679
"[[(23784202.43, 26990426.06), (-90.0, 405.658498), (-176.30859375, 177.462490797)]]",127302
"[[(39069662.51, 41069195.1), (-90.0, -1986169.71), (-176.30859375, -382252.48)]]",0
"[[(14842281.33, 15133848.98), (-90.0, 405.658498), (-176.30859375, -226076.71)]]",0
"[[(9939301.51, 10136491.14), (-90.0, 405.658498), (-176.30859375, -177886.96)]]",0
"[[(3447424.81, 5138062.33), (-90.0, -459728.29), (-176.30859375, -1849023.84)]]",0
"[[(6282708.44, 8043199.52), (-90.0, -1196144.84), (-176.30859375, 177.462490797)]]",0
"[[(13135225.17, 13824521.27), (-90.0, 405.658498), (-176.30859375, 177.462490797)]]",295
"[[(16363612.02, 18740314.58), (-90.0, 405.658498), (-176.30859375, 177.462490797)]]",1369
"[[(33405186.61, 36375130.67), (-90.0, -1844205.84), (-176.30859375, -72559.27)]]",0
"[[(33998705.96, 36007665.04), (-90.0, -29772.1), (-176.30859375, 177.462490797)]]",0
"[[(45800104.14, 47222367.16), (-90.0, -1856179.65), (-176.30859375, 177.462490797)]]",0
"[[(39063657.05, 40577494.51), (-90.0, -1166785.76), (-176.30859375, -2416306.78)]]",0
"[[(38277058.56, 38406865.1), (-90.0, -607368.77), (-176.30859375, -46326.69)]]",0
"[[(5013942.82, 5313332.58), (-90.0, 405.658498), (-176.30859375, -272033.2)]]",0
"[[(20462983.8, 20969928.21), (-90.0, -441261.04), (-176.30859375, 177.462490797)]]",0
"[[(50333220.52, 53187352.22), (-90.0, 405.658498), (-176.30859375, -2029909.92)]]",0
"[[(6774432.93, 6806211.86), (-90.0, -163049.03), (-176.30859375, -2215090.71)]]",0
"[[(9195828.09, 10338184.22), (-90.0, -637012.27), (-176.30859375, 177.462490797)]]",0
"[[(3989899.56, 5111429.42), (-90.0, -798048.8), (-176.30859375, 177.462490797)]]",0
"[[(12959190.41, 13853202.98), (-90.0, -1776062.69), (-176.30859375, -489052.27)]]",0
"[[(24939960.93, 26433128.15), (-90.0, -950947.23), (-176.30859375, 177.462490797)]]",0
"[[(43712597.03, 45112522.76), (-90.0, 405.658498), (-176.30859375, 177.462490797)]]",334461
"[[(36288527.91, 38079464.61), (-90.0, 405.658498), (-176.30859375, -1890693.24)]]",0
"[[(5566954.69, 5599141.84), (-90.0, -49569.38), (-176.30859375, 177.462490797)]]",0
"[[(6895809.75, 9644509.48), (-90.0, 405.658498), (-176.30859375, -1418192.43)]]",0
"[[(38188905.64, 39813155.08), (-90.0, -2705406.4), (-176.30859375, -2223350.65)]]",0
"[[(40002009.24, 40425160.58), (-90.0, 405.658498), (-176.30859375, -1645816.43)]]",0
"[[(2330869.89, 3678850.16), (-90.0, -1129540.62), (-176.30859375, -259779.86)]]",0
"[[(17820644.68, 20691321.39), (-90.0, -1871197.75), (-176.30859375, 177.462490797)]]",0
"[[(33050983.93, 34220485.89), (-90.0, 405.658498), (-176.30859375, 177.462490797)]]",148521
"[[(33242977.13, 35437064.11), (-90.0, 405.658498), (-176.30859375, 177.462490797)]]",373867
"[[(26149522.06, 29120203.57), (-90.0, -961716.06), (-176.30859375, -1586601.79)]]",0
"[[(37505934.25, 40029240.6), (-90.0, -201289.03), (-176.30859375, 177.462490797)]]",0
"[[(285051.79, 3070429.97), (-90.0, 405.658498), (-176.30859375, -39698.92)]]",0
"[[(1255510.54, 3844695.68), (-90.0, -411056.54), (-176.30859375, -764518.71)]]",0
"[[(4266723.42, 6882608.88), (-90.0, 405.658498), (-176.30859375, -748992.59)]]",0
"[[(1099118.06, 2578109.72), (-90.0, 405.658498), (-176.30859375, 177.462490797)]]",5
"[[(15392907.25, 16115488.72), (-90.0, 405.658498), (-176.30859375, -1364271.31)]]",0
"[[(9980922.7, 10642385.37), (-90.0, 405.658498), (-176.30859375, 177.462490797)]]",130
"[[(1260920.81, 4395444.72), (-90.0, -348869.24), (-176.30859375, 177.462490797)]]",0
"[[(40194932.01, 40445242.15), (-90.0, 405.658498), (-176.30859375, -639417.62)]]",0
"[[(15403233.98, 16512221.95), (-90.0, 405.658498), (-176.30859375, 177.462490797)]]",551
"[[(46520325.49, 47806047.78), (-90.0, 405.658498), (-176.30859375, -327080.1)]]",0
"[[(24418992.39, 27070226.21), (-90.0, 405.658498), (-176.30859375, 177.462490797)]]",116153
"[[(4361416.62, 5086267.76), (-90.0, 405.658498), (-176.30859375, 177.462490797)]]",136
"[[(45348279.14, 48123504.56), (-90.0, -701211.52), (-176.30859375, -1115068.82)]]",0
"[[(19737198.25, 20199269.05), (-90.0, -448175.53), (-176.30859375, -1895251.29)]]",0
"[[(7835205.63, 9260065.3), (-90.0, -746178.02), (-176.30859375, 177.462490797)]]",0
"[[(26308315.32, 27365475.19), (-90.0, -2171169.12), (-176.30859375, -254480.23)]]",0
"[[(17508276.9, 19143968.28), (-90.0, -1847666.33), (-176.30859375, -696658.4)]]",0
"[[(46844593.84, 48754653.88), (-90.0, 405.658498), (-176.30859375, -259262.25)]]",0
"[[(22850655.18, 25954392.89), (-90.0, -896985.82), (-176.30859375, -1933855.16)]]",0
"[[(29565952.5, 30194703.86), (-90.0, 405.658498), (-176.30859375, 177.462490797)]]",74076
