,BBOX,Depth
0,"[0, 0, 16, 16]",0
1,"[0, 0, 8, 16]",1
2,"[0, 0, 8, 8]",2
3,"[0, 0, 4, 8]",3
4,"[0, 0, 4, 4]",4
5,"[0, 0, 2, 4]",5
6,"[0, 0, 2, 2]",6
7,"[0, 1, 2, 3]",6
8,"[0, 2, 2, 4]",6
9,"[1, 0, 3, 4]",5
10,"[1, 0, 3, 2]",6
11,"[1, 1, 3, 3]",6
12,"[1, 2, 3, 4]",6
13,"[2, 0, 4, 4]",5
14,"[2, 0, 4, 2]",6
15,"[2, 1, 4, 3]",6
16,"[2, 2, 4, 4]",6
17,"[0, 2, 4, 6]",4
18,"[0, 2, 2, 6]",5
19,"[0, 2, 2, 4]",6
20,"[0, 3, 2, 5]",6
21,"[0, 4, 2, 6]",6
22,"[1, 2, 3, 6]",5
23,"[1, 2, 3, 4]",6
24,"[1, 3, 3, 5]",6
25,"[1, 4, 3, 6]",6
26,"[2, 2, 4, 6]",5
27,"[2, 2, 4, 4]",6
28,"[2, 3, 4, 5]",6
29,"[2, 4, 4, 6]",6
30,"[0, 4, 4, 8]",4
31,"[0, 4, 2, 8]",5
32,"[0, 4, 2, 6]",6
33,"[0, 5, 2, 7]",6
34,"[0, 6, 2, 8]",6
35,"[1, 4, 3, 8]",5
36,"[1, 4, 3, 6]",6
37,"[1, 5, 3, 7]",6
38,"[1, 6, 3, 8]",6
39,"[2, 4, 4, 8]",5
40,"[2, 4, 4, 6]",6
41,"[2, 5, 4, 7]",6
42,"[2, 6, 4, 8]",6
43,"[2, 0, 6, 8]",3
44,"[2, 0, 6, 4]",4
45,"[2, 0, 4, 4]",5
46,"[2, 0, 4, 2]",6
47,"[2, 1, 4, 3]",6
48,"[2, 2, 4, 4]",6
49,"[3, 0, 5, 4]",5
50,"[3, 0, 5, 2]",6
51,"[3, 1, 5, 3]",6
52,"[3, 2, 5, 4]",6
53,"[4, 0, 6, 4]",5
54,"[4, 0, 6, 2]",6
55,"[4, 1, 6, 3]",6
56,"[4, 2, 6, 4]",6
57,"[2, 2, 6, 6]",4
58,"[2, 2, 4, 6]",5
59,"[2, 2, 4, 4]",6
60,"[2, 3, 4, 5]",6
61,"[2, 4, 4, 6]",6
62,"[3, 2, 5, 6]",5
63,"[3, 2, 5, 4]",6
64,"[3, 3, 5, 5]",6
65,"[3, 4, 5, 6]",6
66,"[4, 2, 6, 6]",5
67,"[4, 2, 6, 4]",6
68,"[4, 3, 6, 5]",6
69,"[4, 4, 6, 6]",6
70,"[2, 4, 6, 8]",4
71,"[2, 4, 4, 8]",5
72,"[2, 4, 4, 6]",6
73,"[2, 5, 4, 7]",6
74,"[2, 6, 4, 8]",6
75,"[3, 4, 5, 8]",5
76,"[3, 4, 5, 6]",6
77,"[3, 5, 5, 7]",6
78,"[3, 6, 5, 8]",6
79,"[4, 4, 6, 8]",5
80,"[4, 4, 6, 6]",6
81,"[4, 5, 6, 7]",6
82,"[4, 6, 6, 8]",6
83,"[4, 0, 8, 8]",3
84,"[4, 0, 8, 4]",4
85,"[4, 0, 6, 4]",5
86,"[4, 0, 6, 2]",6
87,"[4, 1, 6, 3]",6
88,"[4, 2, 6, 4]",6
89,"[5, 0, 7, 4]",5
90,"[5, 0, 7, 2]",6
91,"[5, 1, 7, 3]",6
92,"[5, 2, 7, 4]",6
93,"[6, 0, 8, 4]",5
94,"[6, 0, 8, 2]",6
95,"[6, 1, 8, 3]",6
96,"[6, 2, 8, 4]",6
97,"[4, 2, 8, 6]",4
98,"[4, 2, 6, 6]",5
99,"[4, 2, 6, 4]",6
100,"[4, 3, 6, 5]",6
101,"[4, 4, 6, 6]",6
102,"[5, 2, 7, 6]",5
103,"[5, 2, 7, 4]",6
104,"[5, 3, 7, 5]",6
105,"[5, 4, 7, 6]",6
106,"[6, 2, 8, 6]",5
107,"[6, 2, 8, 4]",6
108,"[6, 3, 8, 5]",6
109,"[6, 4, 8, 6]",6
110,"[4, 4, 8, 8]",4
111,"[4, 4, 6, 8]",5
112,"[4, 4, 6, 6]",6
113,"[4, 5, 6, 7]",6
114,"[4, 6, 6, 8]",6
115,"[5, 4, 7, 8]",5
116,"[5, 4, 7, 6]",6
117,"[5, 5, 7, 7]",6
118,"[5, 6, 7, 8]",6
119,"[6, 4, 8, 8]",5
120,"[6, 4, 8, 6]",6
121,"[6, 5, 8, 7]",6
122,"[6, 6, 8, 8]",6
123,"[0, 4, 8, 12]",2
124,"[0, 4, 4, 12]",3
125,"[0, 4, 4, 8]",4
126,"[0, 4, 2, 8]",5
127,"[0, 4, 2, 6]",6
128,"[0, 5, 2, 7]",6
129,"[0, 6, 2, 8]",6
130,"[1, 4, 3, 8]",5
131,"[1, 4, 3, 6]",6
132,"[1, 5, 3, 7]",6
133,"[1, 6, 3, 8]",6
134,"[2, 4, 4, 8]",5
135,"[2, 4, 4, 6]",6
136,"[2, 5, 4, 7]",6
137,"[2, 6, 4, 8]",6
138,"[0, 6, 4, 10]",4
139,"[0, 6, 2, 10]",5
140,"[0, 6, 2, 8]",6
141,"[0, 7, 2, 9]",6
142,"[0, 8, 2, 10]",6
143,"[1, 6, 3, 10]",5
144,"[1, 6, 3, 8]",6
145,"[1, 7, 3, 9]",6
146,"[1, 8, 3, 10]",6
147,"[2, 6, 4, 10]",5
148,"[2, 6, 4, 8]",6
149,"[2, 7, 4, 9]",6
150,"[2, 8, 4, 10]",6
151,"[0, 8, 4, 12]",4
152,"[0, 8, 2, 12]",5
153,"[0, 8, 2, 10]",6
154,"[0, 9, 2, 11]",6
155,"[0, 10, 2, 12]",6
156,"[1, 8, 3, 12]",5
157,"[1, 8, 3, 10]",6
158,"[1, 9, 3, 11]",6
159,"[1, 10, 3, 12]",6
160,"[2, 8, 4, 12]",5
161,"[2, 8, 4, 10]",6
162,"[2, 9, 4, 11]",6
163,"[2, 10, 4, 12]",6
164,"[2, 4, 6, 12]",3
165,"[2, 4, 6, 8]",4
166,"[2, 4, 4, 8]",5
167,"[2, 4, 4, 6]",6
168,"[2, 5, 4, 7]",6
169,"[2, 6, 4, 8]",6
170,"[3, 4, 5, 8]",5
171,"[3, 4, 5, 6]",6
172,"[3, 5, 5, 7]",6
173,"[3, 6, 5, 8]",6
174,"[4, 4, 6, 8]",5
175,"[4, 4, 6, 6]",6
176,"[4, 5, 6, 7]",6
177,"[4, 6, 6, 8]",6
178,"[2, 6, 6, 10]",4
179,"[2, 6, 4, 10]",5
180,"[2, 6, 4, 8]",6
181,"[2, 7, 4, 9]",6
182,"[2, 8, 4, 10]",6
183,"[3, 6, 5, 10]",5
184,"[3, 6, 5, 8]",6
185,"[3, 7, 5, 9]",6
186,"[3, 8, 5, 10]",6
187,"[4, 6, 6, 10]",5
188,"[4, 6, 6, 8]",6
189,"[4, 7, 6, 9]",6
190,"[4, 8, 6, 10]",6
191,"[2, 8, 6, 12]",4
192,"[2, 8, 4, 12]",5
193,"[2, 8, 4, 10]",6
194,"[2, 9, 4, 11]",6
195,"[2, 10, 4, 12]",6
196,"[3, 8, 5, 12]",5
197,"[3, 8, 5, 10]",6
198,"[3, 9, 5, 11]",6
199,"[3, 10, 5, 12]",6
200,"[4, 8, 6, 12]",5
201,"[4, 8, 6, 10]",6
202,"[4, 9, 6, 11]",6
203,"[4, 10, 6, 12]",6
204,"[4, 4, 8, 12]",3
205,"[4, 4, 8, 8]",4
206,"[4, 4, 6, 8]",5
207,"[4, 4, 6, 6]",6
208,"[4, 5, 6, 7]",6
209,"[4, 6, 6, 8]",6
210,"[5, 4, 7, 8]",5
211,"[5, 4, 7, 6]",6
212,"[5, 5, 7, 7]",6
213,"[5, 6, 7, 8]",6
214,"[6, 4, 8, 8]",5
215,"[6, 4, 8, 6]",6
216,"[6, 5, 8, 7]",6
217,"[6, 6, 8, 8]",6
218,"[4, 6, 8, 10]",4
219,"[4, 6, 6, 10]",5
220,"[4, 6, 6, 8]",6
221,"[4, 7, 6, 9]",6
222,"[4, 8, 6, 10]",6
223,"[5, 6, 7, 10]",5
224,"[5, 6, 7, 8]",6
225,"[5, 7, 7, 9]",6
226,"[5, 8, 7, 10]",6
227,"[6, 6, 8, 10]",5
228,"[6, 6, 8, 8]",6
229,"[6, 7, 8, 9]",6
230,"[6, 8, 8, 10]",6
231,"[4, 8, 8, 12]",4
232,"[4, 8, 6, 12]",5
233,"[4, 8, 6, 10]",6
234,"[4, 9, 6, 11]",6
235,"[4, 10, 6, 12]",6
236,"[5, 8, 7, 12]",5
237,"[5, 8, 7, 10]",6
238,"[5, 9, 7, 11]",6
239,"[5, 10, 7, 12]",6
240,"[6, 8, 8, 12]",5
241,"[6, 8, 8, 10]",6
242,"[6, 9, 8, 11]",6
243,"[6, 10, 8, 12]",6
244,"[0, 8, 8, 16]",2
245,"[0, 8, 4, 16]",3
246,"[0, 8, 4, 12]",4
247,"[0, 8, 2, 12]",5
248,"[0, 8, 2, 10]",6
249,"[0, 9, 2, 11]",6
250,"[0, 10, 2, 12]",6
251,"[1, 8, 3, 12]",5
252,"[1, 8, 3, 10]",6
253,"[1, 9, 3, 11]",6
254,"[1, 10, 3, 12]",6
255,"[2, 8, 4, 12]",5
256,"[2, 8, 4, 10]",6
257,"[2, 9, 4, 11]",6
258,"[2, 10, 4, 12]",6
259,"[0, 10, 4, 14]",4
260,"[0, 10, 2, 14]",5
261,"[0, 10, 2, 12]",6
262,"[0, 11, 2, 13]",6
263,"[0, 12, 2, 14]",6
264,"[1, 10, 3, 14]",5
265,"[1, 10, 3, 12]",6
266,"[1, 11, 3, 13]",6
267,"[1, 12, 3, 14]",6
268,"[2, 10, 4, 14]",5
269,"[2, 10, 4, 12]",6
270,"[2, 11, 4, 13]",6
271,"[2, 12, 4, 14]",6
272,"[0, 12, 4, 16]",4
273,"[0, 12, 2, 16]",5
274,"[0, 12, 2, 14]",6
275,"[0, 13, 2, 15]",6
276,"[0, 14, 2, 16]",6
277,"[1, 12, 3, 16]",5
278,"[1, 12, 3, 14]",6
279,"[1, 13, 3, 15]",6
280,"[1, 14, 3, 16]",6
281,"[2, 12, 4, 16]",5
282,"[2, 12, 4, 14]",6
283,"[2, 13, 4, 15]",6
284,"[2, 14, 4, 16]",6
285,"[2, 8, 6, 16]",3
286,"[2, 8, 6, 12]",4
287,"[2, 8, 4, 12]",5
288,"[2, 8, 4, 10]",6
289,"[2, 9, 4, 11]",6
290,"[2, 10, 4, 12]",6
291,"[3, 8, 5, 12]",5
292,"[3, 8, 5, 10]",6
293,"[3, 9, 5, 11]",6
294,"[3, 10, 5, 12]",6
295,"[4, 8, 6, 12]",5
296,"[4, 8, 6, 10]",6
297,"[4, 9, 6, 11]",6
298,"[4, 10, 6, 12]",6
299,"[2, 10, 6, 14]",4
300,"[2, 10, 4, 14]",5
301,"[2, 10, 4, 12]",6
302,"[2, 11, 4, 13]",6
303,"[2, 12, 4, 14]",6
304,"[3, 10, 5, 14]",5
305,"[3, 10, 5, 12]",6
306,"[3, 11, 5, 13]",6
307,"[3, 12, 5, 14]",6
308,"[4, 10, 6, 14]",5
309,"[4, 10, 6, 12]",6
310,"[4, 11, 6, 13]",6
311,"[4, 12, 6, 14]",6
312,"[2, 12, 6, 16]",4
313,"[2, 12, 4, 16]",5
314,"[2, 12, 4, 14]",6
315,"[2, 13, 4, 15]",6
316,"[2, 14, 4, 16]",6
317,"[3, 12, 5, 16]",5
318,"[3, 12, 5, 14]",6
319,"[3, 13, 5, 15]",6
320,"[3, 14, 5, 16]",6
321,"[4, 12, 6, 16]",5
322,"[4, 12, 6, 14]",6
323,"[4, 13, 6, 15]",6
324,"[4, 14, 6, 16]",6
325,"[4, 8, 8, 16]",3
326,"[4, 8, 8, 12]",4
327,"[4, 8, 6, 12]",5
328,"[4, 8, 6, 10]",6
329,"[4, 9, 6, 11]",6
330,"[4, 10, 6, 12]",6
331,"[5, 8, 7, 12]",5
332,"[5, 8, 7, 10]",6
333,"[5, 9, 7, 11]",6
334,"[5, 10, 7, 12]",6
335,"[6, 8, 8, 12]",5
336,"[6, 8, 8, 10]",6
337,"[6, 9, 8, 11]",6
338,"[6, 10, 8, 12]",6
339,"[4, 10, 8, 14]",4
340,"[4, 10, 6, 14]",5
341,"[4, 10, 6, 12]",6
342,"[4, 11, 6, 13]",6
343,"[4, 12, 6, 14]",6
344,"[5, 10, 7, 14]",5
345,"[5, 10, 7, 12]",6
346,"[5, 11, 7, 13]",6
347,"[5, 12, 7, 14]",6
348,"[6, 10, 8, 14]",5
349,"[6, 10, 8, 12]",6
350,"[6, 11, 8, 13]",6
351,"[6, 12, 8, 14]",6
352,"[4, 12, 8, 16]",4
353,"[4, 12, 6, 16]",5
354,"[4, 12, 6, 14]",6
355,"[4, 13, 6, 15]",6
356,"[4, 14, 6, 16]",6
357,"[5, 12, 7, 16]",5
358,"[5, 12, 7, 14]",6
359,"[5, 13, 7, 15]",6
360,"[5, 14, 7, 16]",6
361,"[6, 12, 8, 16]",5
362,"[6, 12, 8, 14]",6
363,"[6, 13, 8, 15]",6
364,"[6, 14, 8, 16]",6
365,"[4, 0, 12, 16]",1
366,"[4, 0, 12, 8]",2
367,"[4, 0, 8, 8]",3
368,"[4, 0, 8, 4]",4
369,"[4, 0, 6, 4]",5
370,"[4, 0, 6, 2]",6
371,"[4, 1, 6, 3]",6
372,"[4, 2, 6, 4]",6
373,"[5, 0, 7, 4]",5
374,"[5, 0, 7, 2]",6
375,"[5, 1, 7, 3]",6
376,"[5, 2, 7, 4]",6
377,"[6, 0, 8, 4]",5
378,"[6, 0, 8, 2]",6
379,"[6, 1, 8, 3]",6
380,"[6, 2, 8, 4]",6
381,"[4, 2, 8, 6]",4
382,"[4, 2, 6, 6]",5
383,"[4, 2, 6, 4]",6
384,"[4, 3, 6, 5]",6
385,"[4, 4, 6, 6]",6
386,"[5, 2, 7, 6]",5
387,"[5, 2, 7, 4]",6
388,"[5, 3, 7, 5]",6
389,"[5, 4, 7, 6]",6
390,"[6, 2, 8, 6]",5
391,"[6, 2, 8, 4]",6
392,"[6, 3, 8, 5]",6
393,"[6, 4, 8, 6]",6
394,"[4, 4, 8, 8]",4
395,"[4, 4, 6, 8]",5
396,"[4, 4, 6, 6]",6
397,"[4, 5, 6, 7]",6
398,"[4, 6, 6, 8]",6
399,"[5, 4, 7, 8]",5
400,"[5, 4, 7, 6]",6
401,"[5, 5, 7, 7]",6
402,"[5, 6, 7, 8]",6
403,"[6, 4, 8, 8]",5
404,"[6, 4, 8, 6]",6
405,"[6, 5, 8, 7]",6
406,"[6, 6, 8, 8]",6
407,"[6, 0, 10, 8]",3
408,"[6, 0, 10, 4]",4
409,"[6, 0, 8, 4]",5
410,"[6, 0, 8, 2]",6
411,"[6, 1, 8, 3]",6
412,"[6, 2, 8, 4]",6
413,"[7, 0, 9, 4]",5
414,"[7, 0, 9, 2]",6
415,"[7, 1, 9, 3]",6
416,"[7, 2, 9, 4]",6
417,"[8, 0, 10, 4]",5
418,"[8, 0, 10, 2]",6
419,"[8, 1, 10, 3]",6
420,"[8, 2, 10, 4]",6
421,"[6, 2, 10, 6]",4
422,"[6, 2, 8, 6]",5
423,"[6, 2, 8, 4]",6
424,"[6, 3, 8, 5]",6
425,"[6, 4, 8, 6]",6
426,"[7, 2, 9, 6]",5
427,"[7, 2, 9, 4]",6
428,"[7, 3, 9, 5]",6
429,"[7, 4, 9, 6]",6
430,"[8, 2, 10, 6]",5
431,"[8, 2, 10, 4]",6
432,"[8, 3, 10, 5]",6
433,"[8, 4, 10, 6]",6
434,"[6, 4, 10, 8]",4
435,"[6, 4, 8, 8]",5
436,"[6, 4, 8, 6]",6
437,"[6, 5, 8, 7]",6
438,"[6, 6, 8, 8]",6
439,"[7, 4, 9, 8]",5
440,"[7, 4, 9, 6]",6
441,"[7, 5, 9, 7]",6
442,"[7, 6, 9, 8]",6
443,"[8, 4, 10, 8]",5
444,"[8, 4, 10, 6]",6
445,"[8, 5, 10, 7]",6
446,"[8, 6, 10, 8]",6
447,"[8, 0, 12, 8]",3
448,"[8, 0, 12, 4]",4
449,"[8, 0, 10, 4]",5
450,"[8, 0, 10, 2]",6
451,"[8, 1, 10, 3]",6
452,"[8, 2, 10, 4]",6
453,"[9, 0, 11, 4]",5
454,"[9, 0, 11, 2]",6
455,"[9, 1, 11, 3]",6
456,"[9, 2, 11, 4]",6
457,"[10, 0, 12, 4]",5
458,"[10, 0, 12, 2]",6
459,"[10, 1, 12, 3]",6
460,"[10, 2, 12, 4]",6
461,"[8, 2, 12, 6]",4
462,"[8, 2, 10, 6]",5
463,"[8, 2, 10, 4]",6
464,"[8, 3, 10, 5]",6
465,"[8, 4, 10, 6]",6
466,"[9, 2, 11, 6]",5
467,"[9, 2, 11, 4]",6
468,"[9, 3, 11, 5]",6
469,"[9, 4, 11, 6]",6
470,"[10, 2, 12, 6]",5
471,"[10, 2, 12, 4]",6
472,"[10, 3, 12, 5]",6
473,"[10, 4, 12, 6]",6
474,"[8, 4, 12, 8]",4
475,"[8, 4, 10, 8]",5
476,"[8, 4, 10, 6]",6
477,"[8, 5, 10, 7]",6
478,"[8, 6, 10, 8]",6
479,"[9, 4, 11, 8]",5
480,"[9, 4, 11, 6]",6
481,"[9, 5, 11, 7]",6
482,"[9, 6, 11, 8]",6
483,"[10, 4, 12, 8]",5
484,"[10, 4, 12, 6]",6
485,"[10, 5, 12, 7]",6
486,"[10, 6, 12, 8]",6
487,"[4, 4, 12, 12]",2
488,"[4, 4, 8, 12]",3
489,"[4, 4, 8, 8]",4
490,"[4, 4, 6, 8]",5
491,"[4, 4, 6, 6]",6
492,"[4, 5, 6, 7]",6
493,"[4, 6, 6, 8]",6
494,"[5, 4, 7, 8]",5
495,"[5, 4, 7, 6]",6
496,"[5, 5, 7, 7]",6
497,"[5, 6, 7, 8]",6
498,"[6, 4, 8, 8]",5
499,"[6, 4, 8, 6]",6
500,"[6, 5, 8, 7]",6
501,"[6, 6, 8, 8]",6
502,"[4, 6, 8, 10]",4
503,"[4, 6, 6, 10]",5
504,"[4, 6, 6, 8]",6
505,"[4, 7, 6, 9]",6
506,"[4, 8, 6, 10]",6
507,"[5, 6, 7, 10]",5
508,"[5, 6, 7, 8]",6
509,"[5, 7, 7, 9]",6
510,"[5, 8, 7, 10]",6
511,"[6, 6, 8, 10]",5
512,"[6, 6, 8, 8]",6
513,"[6, 7, 8, 9]",6
514,"[6, 8, 8, 10]",6
515,"[4, 8, 8, 12]",4
516,"[4, 8, 6, 12]",5
517,"[4, 8, 6, 10]",6
518,"[4, 9, 6, 11]",6
519,"[4, 10, 6, 12]",6
520,"[5, 8, 7, 12]",5
521,"[5, 8, 7, 10]",6
522,"[5, 9, 7, 11]",6
523,"[5, 10, 7, 12]",6
524,"[6, 8, 8, 12]",5
525,"[6, 8, 8, 10]",6
526,"[6, 9, 8, 11]",6
527,"[6, 10, 8, 12]",6
528,"[6, 4, 10, 12]",3
529,"[6, 4, 10, 8]",4
530,"[6, 4, 8, 8]",5
531,"[6, 4, 8, 6]",6
532,"[6, 5, 8, 7]",6
533,"[6, 6, 8, 8]",6
534,"[7, 4, 9, 8]",5
535,"[7, 4, 9, 6]",6
536,"[7, 5, 9, 7]",6
537,"[7, 6, 9, 8]",6
538,"[8, 4, 10, 8]",5
539,"[8, 4, 10, 6]",6
540,"[8, 5, 10, 7]",6
541,"[8, 6, 10, 8]",6
542,"[6, 6, 10, 10]",4
543,"[6, 6, 8, 10]",5
544,"[6, 6, 8, 8]",6
545,"[6, 7, 8, 9]",6
546,"[6, 8, 8, 10]",6
547,"[7, 6, 9, 10]",5
548,"[7, 6, 9, 8]",6
549,"[7, 7, 9, 9]",6
550,"[7, 8, 9, 10]",6
551,"[8, 6, 10, 10]",5
552,"[8, 6, 10, 8]",6
553,"[8, 7, 10, 9]",6
554,"[8, 8, 10, 10]",6
555,"[6, 8, 10, 12]",4
556,"[6, 8, 8, 12]",5
557,"[6, 8, 8, 10]",6
558,"[6, 9, 8, 11]",6
559,"[6, 10, 8, 12]",6
560,"[7, 8, 9, 12]",5
561,"[7, 8, 9, 10]",6
562,"[7, 9, 9, 11]",6
563,"[7, 10, 9, 12]",6
564,"[8, 8, 10, 12]",5
565,"[8, 8, 10, 10]",6
566,"[8, 9, 10, 11]",6
567,"[8, 10, 10, 12]",6
568,"[8, 4, 12, 12]",3
569,"[8, 4, 12, 8]",4
570,"[8, 4, 10, 8]",5
571,"[8, 4, 10, 6]",6
572,"[8, 5, 10, 7]",6
573,"[8, 6, 10, 8]",6
574,"[9, 4, 11, 8]",5
575,"[9, 4, 11, 6]",6
576,"[9, 5, 11, 7]",6
577,"[9, 6, 11, 8]",6
578,"[10, 4, 12, 8]",5
579,"[10, 4, 12, 6]",6
580,"[10, 5, 12, 7]",6
581,"[10, 6, 12, 8]",6
582,"[8, 6, 12, 10]",4
583,"[8, 6, 10, 10]",5
584,"[8, 6, 10, 8]",6
585,"[8, 7, 10, 9]",6
586,"[8, 8, 10, 10]",6
587,"[9, 6, 11, 10]",5
588,"[9, 6, 11, 8]",6
589,"[9, 7, 11, 9]",6
590,"[9, 8, 11, 10]",6
591,"[10, 6, 12, 10]",5
592,"[10, 6, 12, 8]",6
593,"[10, 7, 12, 9]",6
594,"[10, 8, 12, 10]",6
595,"[8, 8, 12, 12]",4
596,"[8, 8, 10, 12]",5
597,"[8, 8, 10, 10]",6
598,"[8, 9, 10, 11]",6
599,"[8, 10, 10, 12]",6
600,"[9, 8, 11, 12]",5
601,"[9, 8, 11, 10]",6
602,"[9, 9, 11, 11]",6
603,"[9, 10, 11, 12]",6
604,"[10, 8, 12, 12]",5
605,"[10, 8, 12, 10]",6
606,"[10, 9, 12, 11]",6
607,"[10, 10, 12, 12]",6
608,"[4, 8, 12, 16]",2
609,"[4, 8, 8, 16]",3
610,"[4, 8, 8, 12]",4
611,"[4, 8, 6, 12]",5
612,"[4, 8, 6, 10]",6
613,"[4, 9, 6, 11]",6
614,"[4, 10, 6, 12]",6
615,"[5, 8, 7, 12]",5
616,"[5, 8, 7, 10]",6
617,"[5, 9, 7, 11]",6
618,"[5, 10, 7, 12]",6
619,"[6, 8, 8, 12]",5
620,"[6, 8, 8, 10]",6
621,"[6, 9, 8, 11]",6
622,"[6, 10, 8, 12]",6
623,"[4, 10, 8, 14]",4
624,"[4, 10, 6, 14]",5
625,"[4, 10, 6, 12]",6
626,"[4, 11, 6, 13]",6
627,"[4, 12, 6, 14]",6
628,"[5, 10, 7, 14]",5
629,"[5, 10, 7, 12]",6
630,"[5, 11, 7, 13]",6
631,"[5, 12, 7, 14]",6
632,"[6, 10, 8, 14]",5
633,"[6, 10, 8, 12]",6
634,"[6, 11, 8, 13]",6
635,"[6, 12, 8, 14]",6
636,"[4, 12, 8, 16]",4
637,"[4, 12, 6, 16]",5
638,"[4, 12, 6, 14]",6
639,"[4, 13, 6, 15]",6
640,"[4, 14, 6, 16]",6
641,"[5, 12, 7, 16]",5
642,"[5, 12, 7, 14]",6
643,"[5, 13, 7, 15]",6
644,"[5, 14, 7, 16]",6
645,"[6, 12, 8, 16]",5
646,"[6, 12, 8, 14]",6
647,"[6, 13, 8, 15]",6
648,"[6, 14, 8, 16]",6
649,"[6, 8, 10, 16]",3
650,"[6, 8, 10, 12]",4
651,"[6, 8, 8, 12]",5
652,"[6, 8, 8, 10]",6
653,"[6, 9, 8, 11]",6
654,"[6, 10, 8, 12]",6
655,"[7, 8, 9, 12]",5
656,"[7, 8, 9, 10]",6
657,"[7, 9, 9, 11]",6
658,"[7, 10, 9, 12]",6
659,"[8, 8, 10, 12]",5
660,"[8, 8, 10, 10]",6
661,"[8, 9, 10, 11]",6
662,"[8, 10, 10, 12]",6
663,"[6, 10, 10, 14]",4
664,"[6, 10, 8, 14]",5
665,"[6, 10, 8, 12]",6
666,"[6, 11, 8, 13]",6
667,"[6, 12, 8, 14]",6
668,"[7, 10, 9, 14]",5
669,"[7, 10, 9, 12]",6
670,"[7, 11, 9, 13]",6
671,"[7, 12, 9, 14]",6
672,"[8, 10, 10, 14]",5
673,"[8, 10, 10, 12]",6
674,"[8, 11, 10, 13]",6
675,"[8, 12, 10, 14]",6
676,"[6, 12, 10, 16]",4
677,"[6, 12, 8, 16]",5
678,"[6, 12, 8, 14]",6
679,"[6, 13, 8, 15]",6
680,"[6, 14, 8, 16]",6
681,"[7, 12, 9, 16]",5
682,"[7, 12, 9, 14]",6
683,"[7, 13, 9, 15]",6
684,"[7, 14, 9, 16]",6
685,"[8, 12, 10, 16]",5
686,"[8, 12, 10, 14]",6
687,"[8, 13, 10, 15]",6
688,"[8, 14, 10, 16]",6
689,"[8, 8, 12, 16]",3
690,"[8, 8, 12, 12]",4
691,"[8, 8, 10, 12]",5
692,"[8, 8, 10, 10]",6
693,"[8, 9, 10, 11]",6
694,"[8, 10, 10, 12]",6
695,"[9, 8, 11, 12]",5
696,"[9, 8, 11, 10]",6
697,"[9, 9, 11, 11]",6
698,"[9, 10, 11, 12]",6
699,"[10, 8, 12, 12]",5
700,"[10, 8, 12, 10]",6
701,"[10, 9, 12, 11]",6
702,"[10, 10, 12, 12]",6
703,"[8, 10, 12, 14]",4
704,"[8, 10, 10, 14]",5
705,"[8, 10, 10, 12]",6
706,"[8, 11, 10, 13]",6
707,"[8, 12, 10, 14]",6
708,"[9, 10, 11, 14]",5
709,"[9, 10, 11, 12]",6
710,"[9, 11, 11, 13]",6
711,"[9, 12, 11, 14]",6
712,"[10, 10, 12, 14]",5
713,"[10, 10, 12, 12]",6
714,"[10, 11, 12, 13]",6
715,"[10, 12, 12, 14]",6
716,"[8, 12, 12, 16]",4
717,"[8, 12, 10, 16]",5
718,"[8, 12, 10, 14]",6
719,"[8, 13, 10, 15]",6
720,"[8, 14, 10, 16]",6
721,"[9, 12, 11, 16]",5
722,"[9, 12, 11, 14]",6
723,"[9, 13, 11, 15]",6
724,"[9, 14, 11, 16]",6
725,"[10, 12, 12, 16]",5
726,"[10, 12, 12, 14]",6
727,"[10, 13, 12, 15]",6
728,"[10, 14, 12, 16]",6
729,"[8, 0, 16, 16]",1
730,"[8, 0, 16, 8]",2
731,"[8, 0, 12, 8]",3
732,"[8, 0, 12, 4]",4
733,"[8, 0, 10, 4]",5
734,"[8, 0, 10, 2]",6
735,"[8, 1, 10, 3]",6
736,"[8, 2, 10, 4]",6
737,"[9, 0, 11, 4]",5
738,"[9, 0, 11, 2]",6
739,"[9, 1, 11, 3]",6
740,"[9, 2, 11, 4]",6
741,"[10, 0, 12, 4]",5
742,"[10, 0, 12, 2]",6
743,"[10, 1, 12, 3]",6
744,"[10, 2, 12, 4]",6
745,"[8, 2, 12, 6]",4
746,"[8, 2, 10, 6]",5
747,"[8, 2, 10, 4]",6
748,"[8, 3, 10, 5]",6
749,"[8, 4, 10, 6]",6
750,"[9, 2, 11, 6]",5
751,"[9, 2, 11, 4]",6
752,"[9, 3, 11, 5]",6
753,"[9, 4, 11, 6]",6
754,"[10, 2, 12, 6]",5
755,"[10, 2, 12, 4]",6
756,"[10, 3, 12, 5]",6
757,"[10, 4, 12, 6]",6
758,"[8, 4, 12, 8]",4
759,"[8, 4, 10, 8]",5
760,"[8, 4, 10, 6]",6
761,"[8, 5, 10, 7]",6
762,"[8, 6, 10, 8]",6
763,"[9, 4, 11, 8]",5
764,"[9, 4, 11, 6]",6
765,"[9, 5, 11, 7]",6
766,"[9, 6, 11, 8]",6
767,"[10, 4, 12, 8]",5
768,"[10, 4, 12, 6]",6
769,"[10, 5, 12, 7]",6
770,"[10, 6, 12, 8]",6
771,"[10, 0, 14, 8]",3
772,"[10, 0, 14, 4]",4
773,"[10, 0, 12, 4]",5
774,"[10, 0, 12, 2]",6
775,"[10, 1, 12, 3]",6
776,"[10, 2, 12, 4]",6
777,"[11, 0, 13, 4]",5
778,"[11, 0, 13, 2]",6
779,"[11, 1, 13, 3]",6
780,"[11, 2, 13, 4]",6
781,"[12, 0, 14, 4]",5
782,"[12, 0, 14, 2]",6
783,"[12, 1, 14, 3]",6
784,"[12, 2, 14, 4]",6
785,"[10, 2, 14, 6]",4
786,"[10, 2, 12, 6]",5
787,"[10, 2, 12, 4]",6
788,"[10, 3, 12, 5]",6
789,"[10, 4, 12, 6]",6
790,"[11, 2, 13, 6]",5
791,"[11, 2, 13, 4]",6
792,"[11, 3, 13, 5]",6
793,"[11, 4, 13, 6]",6
794,"[12, 2, 14, 6]",5
795,"[12, 2, 14, 4]",6
796,"[12, 3, 14, 5]",6
797,"[12, 4, 14, 6]",6
798,"[10, 4, 14, 8]",4
799,"[10, 4, 12, 8]",5
800,"[10, 4, 12, 6]",6
801,"[10, 5, 12, 7]",6
802,"[10, 6, 12, 8]",6
803,"[11, 4, 13, 8]",5
804,"[11, 4, 13, 6]",6
805,"[11, 5, 13, 7]",6
806,"[11, 6, 13, 8]",6
807,"[12, 4, 14, 8]",5
808,"[12, 4, 14, 6]",6
809,"[12, 5, 14, 7]",6
810,"[12, 6, 14, 8]",6
811,"[12, 0, 16, 8]",3
812,"[12, 0, 16, 4]",4
813,"[12, 0, 14, 4]",5
814,"[12, 0, 14, 2]",6
815,"[12, 1, 14, 3]",6
816,"[12, 2, 14, 4]",6
817,"[13, 0, 15, 4]",5
818,"[13, 0, 15, 2]",6
819,"[13, 1, 15, 3]",6
820,"[13, 2, 15, 4]",6
821,"[14, 0, 16, 4]",5
822,"[14, 0, 16, 2]",6
823,"[14, 1, 16, 3]",6
824,"[14, 2, 16, 4]",6
825,"[12, 2, 16, 6]",4
826,"[12, 2, 14, 6]",5
827,"[12, 2, 14, 4]",6
828,"[12, 3, 14, 5]",6
829,"[12, 4, 14, 6]",6
830,"[13, 2, 15, 6]",5
831,"[13, 2, 15, 4]",6
832,"[13, 3, 15, 5]",6
833,"[13, 4, 15, 6]",6
834,"[14, 2, 16, 6]",5
835,"[14, 2, 16, 4]",6
836,"[14, 3, 16, 5]",6
837,"[14, 4, 16, 6]",6
838,"[12, 4, 16, 8]",4
839,"[12, 4, 14, 8]",5
840,"[12, 4, 14, 6]",6
841,"[12, 5, 14, 7]",6
842,"[12, 6, 14, 8]",6
843,"[13, 4, 15, 8]",5
844,"[13, 4, 15, 6]",6
845,"[13, 5, 15, 7]",6
846,"[13, 6, 15, 8]",6
847,"[14, 4, 16, 8]",5
848,"[14, 4, 16, 6]",6
849,"[14, 5, 16, 7]",6
850,"[14, 6, 16, 8]",6
851,"[8, 4, 16, 12]",2
852,"[8, 4, 12, 12]",3
853,"[8, 4, 12, 8]",4
854,"[8, 4, 10, 8]",5
855,"[8, 4, 10, 6]",6
856,"[8, 5, 10, 7]",6
857,"[8, 6, 10, 8]",6
858,"[9, 4, 11, 8]",5
859,"[9, 4, 11, 6]",6
860,"[9, 5, 11, 7]",6
861,"[9, 6, 11, 8]",6
862,"[10, 4, 12, 8]",5
863,"[10, 4, 12, 6]",6
864,"[10, 5, 12, 7]",6
865,"[10, 6, 12, 8]",6
866,"[8, 6, 12, 10]",4
867,"[8, 6, 10, 10]",5
868,"[8, 6, 10, 8]",6
869,"[8, 7, 10, 9]",6
870,"[8, 8, 10, 10]",6
871,"[9, 6, 11, 10]",5
872,"[9, 6, 11, 8]",6
873,"[9, 7, 11, 9]",6
874,"[9, 8, 11, 10]",6
875,"[10, 6, 12, 10]",5
876,"[10, 6, 12, 8]",6
877,"[10, 7, 12, 9]",6
878,"[10, 8, 12, 10]",6
879,"[8, 8, 12, 12]",4
880,"[8, 8, 10, 12]",5
881,"[8, 8, 10, 10]",6
882,"[8, 9, 10, 11]",6
883,"[8, 10, 10, 12]",6
884,"[9, 8, 11, 12]",5
885,"[9, 8, 11, 10]",6
886,"[9, 9, 11, 11]",6
887,"[9, 10, 11, 12]",6
888,"[10, 8, 12, 12]",5
889,"[10, 8, 12, 10]",6
890,"[10, 9, 12, 11]",6
891,"[10, 10, 12, 12]",6
892,"[10, 4, 14, 12]",3
893,"[10, 4, 14, 8]",4
894,"[10, 4, 12, 8]",5
895,"[10, 4, 12, 6]",6
896,"[10, 5, 12, 7]",6
897,"[10, 6, 12, 8]",6
898,"[11, 4, 13, 8]",5
899,"[11, 4, 13, 6]",6
900,"[11, 5, 13, 7]",6
901,"[11, 6, 13, 8]",6
902,"[12, 4, 14, 8]",5
903,"[12, 4, 14, 6]",6
904,"[12, 5, 14, 7]",6
905,"[12, 6, 14, 8]",6
906,"[10, 6, 14, 10]",4
907,"[10, 6, 12, 10]",5
908,"[10, 6, 12, 8]",6
909,"[10, 7, 12, 9]",6
910,"[10, 8, 12, 10]",6
911,"[11, 6, 13, 10]",5
912,"[11, 6, 13, 8]",6
913,"[11, 7, 13, 9]",6
914,"[11, 8, 13, 10]",6
915,"[12, 6, 14, 10]",5
916,"[12, 6, 14, 8]",6
917,"[12, 7, 14, 9]",6
918,"[12, 8, 14, 10]",6
919,"[10, 8, 14, 12]",4
920,"[10, 8, 12, 12]",5
921,"[10, 8, 12, 10]",6
922,"[10, 9, 12, 11]",6
923,"[10, 10, 12, 12]",6
924,"[11, 8, 13, 12]",5
925,"[11, 8, 13, 10]",6
926,"[11, 9, 13, 11]",6
927,"[11, 10, 13, 12]",6
928,"[12, 8, 14, 12]",5
929,"[12, 8, 14, 10]",6
930,"[12, 9, 14, 11]",6
931,"[12, 10, 14, 12]",6
932,"[12, 4, 16, 12]",3
933,"[12, 4, 16, 8]",4
934,"[12, 4, 14, 8]",5
935,"[12, 4, 14, 6]",6
936,"[12, 5, 14, 7]",6
937,"[12, 6, 14, 8]",6
938,"[13, 4, 15, 8]",5
939,"[13, 4, 15, 6]",6
940,"[13, 5, 15, 7]",6
941,"[13, 6, 15, 8]",6
942,"[14, 4, 16, 8]",5
943,"[14, 4, 16, 6]",6
944,"[14, 5, 16, 7]",6
945,"[14, 6, 16, 8]",6
946,"[12, 6, 16, 10]",4
947,"[12, 6, 14, 10]",5
948,"[12, 6, 14, 8]",6
949,"[12, 7, 14, 9]",6
950,"[12, 8, 14, 10]",6
951,"[13, 6, 15, 10]",5
952,"[13, 6, 15, 8]",6
953,"[13, 7, 15, 9]",6
954,"[13, 8, 15, 10]",6
955,"[14, 6, 16, 10]",5
956,"[14, 6, 16, 8]",6
957,"[14, 7, 16, 9]",6
958,"[14, 8, 16, 10]",6
959,"[12, 8, 16, 12]",4
960,"[12, 8, 14, 12]",5
961,"[12, 8, 14, 10]",6
962,"[12, 9, 14, 11]",6
963,"[12, 10, 14, 12]",6
964,"[13, 8, 15, 12]",5
965,"[13, 8, 15, 10]",6
966,"[13, 9, 15, 11]",6
967,"[13, 10, 15, 12]",6
968,"[14, 8, 16, 12]",5
969,"[14, 8, 16, 10]",6
970,"[14, 9, 16, 11]",6
971,"[14, 10, 16, 12]",6
972,"[8, 8, 16, 16]",2
973,"[8, 8, 12, 16]",3
974,"[8, 8, 12, 12]",4
975,"[8, 8, 10, 12]",5
976,"[8, 8, 10, 10]",6
977,"[8, 9, 10, 11]",6
978,"[8, 10, 10, 12]",6
979,"[9, 8, 11, 12]",5
980,"[9, 8, 11, 10]",6
981,"[9, 9, 11, 11]",6
982,"[9, 10, 11, 12]",6
983,"[10, 8, 12, 12]",5
984,"[10, 8, 12, 10]",6
985,"[10, 9, 12, 11]",6
986,"[10, 10, 12, 12]",6
987,"[8, 10, 12, 14]",4
988,"[8, 10, 10, 14]",5
989,"[8, 10, 10, 12]",6
990,"[8, 11, 10, 13]",6
991,"[8, 12, 10, 14]",6
992,"[9, 10, 11, 14]",5
993,"[9, 10, 11, 12]",6
994,"[9, 11, 11, 13]",6
995,"[9, 12, 11, 14]",6
996,"[10, 10, 12, 14]",5
997,"[10, 10, 12, 12]",6
998,"[10, 11, 12, 13]",6
999,"[10, 12, 12, 14]",6
1000,"[8, 12, 12, 16]",4
1001,"[8, 12, 10, 16]",5
1002,"[8, 12, 10, 14]",6
1003,"[8, 13, 10, 15]",6
1004,"[8, 14, 10, 16]",6
1005,"[9, 12, 11, 16]",5
1006,"[9, 12, 11, 14]",6
1007,"[9, 13, 11, 15]",6
1008,"[9, 14, 11, 16]",6
1009,"[10, 12, 12, 16]",5
1010,"[10, 12, 12, 14]",6
1011,"[10, 13, 12, 15]",6
1012,"[10, 14, 12, 16]",6
1013,"[10, 8, 14, 16]",3
1014,"[10, 8, 14, 12]",4
1015,"[10, 8, 12, 12]",5
1016,"[10, 8, 12, 10]",6
1017,"[10, 9, 12, 11]",6
1018,"[10, 10, 12, 12]",6
1019,"[11, 8, 13, 12]",5
1020,"[11, 8, 13, 10]",6
1021,"[11, 9, 13, 11]",6
1022,"[11, 10, 13, 12]",6
1023,"[12, 8, 14, 12]",5
1024,"[12, 8, 14, 10]",6
1025,"[12, 9, 14, 11]",6
1026,"[12, 10, 14, 12]",6
1027,"[10, 10, 14, 14]",4
1028,"[10, 10, 12, 14]",5
1029,"[10, 10, 12, 12]",6
1030,"[10, 11, 12, 13]",6
1031,"[10, 12, 12, 14]",6
1032,"[11, 10, 13, 14]",5
1033,"[11, 10, 13, 12]",6
1034,"[11, 11, 13, 13]",6
1035,"[11, 12, 13, 14]",6
1036,"[12, 10, 14, 14]",5
1037,"[12, 10, 14, 12]",6
1038,"[12, 11, 14, 13]",6
1039,"[12, 12, 14, 14]",6
1040,"[10, 12, 14, 16]",4
1041,"[10, 12, 12, 16]",5
1042,"[10, 12, 12, 14]",6
1043,"[10, 13, 12, 15]",6
1044,"[10, 14, 12, 16]",6
1045,"[11, 12, 13, 16]",5
1046,"[11, 12, 13, 14]",6
1047,"[11, 13, 13, 15]",6
1048,"[11, 14, 13, 16]",6
1049,"[12, 12, 14, 16]",5
1050,"[12, 12, 14, 14]",6
1051,"[12, 13, 14, 15]",6
1052,"[12, 14, 14, 16]",6
1053,"[12, 8, 16, 16]",3
1054,"[12, 8, 16, 12]",4
1055,"[12, 8, 14, 12]",5
1056,"[12, 8, 14, 10]",6
1057,"[12, 9, 14, 11]",6
1058,"[12, 10, 14, 12]",6
1059,"[13, 8, 15, 12]",5
1060,"[13, 8, 15, 10]",6
1061,"[13, 9, 15, 11]",6
1062,"[13, 10, 15, 12]",6
1063,"[14, 8, 16, 12]",5
1064,"[14, 8, 16, 10]",6
1065,"[14, 9, 16, 11]",6
1066,"[14, 10, 16, 12]",6
1067,"[12, 10, 16, 14]",4
1068,"[12, 10, 14, 14]",5
1069,"[12, 10, 14, 12]",6
1070,"[12, 11, 14, 13]",6
1071,"[12, 12, 14, 14]",6
1072,"[13, 10, 15, 14]",5
1073,"[13, 10, 15, 12]",6
1074,"[13, 11, 15, 13]",6
1075,"[13, 12, 15, 14]",6
1076,"[14, 10, 16, 14]",5
1077,"[14, 10, 16, 12]",6
1078,"[14, 11, 16, 13]",6
1079,"[14, 12, 16, 14]",6
1080,"[12, 12, 16, 16]",4
1081,"[12, 12, 14, 16]",5
1082,"[12, 12, 14, 14]",6
1083,"[12, 13, 14, 15]",6
1084,"[12, 14, 14, 16]",6
1085,"[13, 12, 15, 16]",5
1086,"[13, 12, 15, 14]",6
1087,"[13, 13, 15, 15]",6
1088,"[13, 14, 15, 16]",6
1089,"[14, 12, 16, 16]",5
1090,"[14, 12, 16, 14]",6
1091,"[14, 13, 16, 15]",6
1092,"[14, 14, 16, 16]",6
